[MULTISELECT] ctx=DISCARD min=2 max=2 generated_lens=[2] shorter_legal_exists=False shorter_missed=False
[MULTISELECT] ctx=DISCARD min=2 max=2 generated_lens=[2] shorter_legal_exists=False shorter_missed=False
[MULTISELECT] ctx=TO_HAND min=0 max=2 generated_lens=[2] shorter_legal_exists=True shorter_missed=True
[MULTISELECT] ctx=TO_HAND min=0 max=3 generated_lens=[3] shorter_legal_exists=True shorter_missed=True
[MULTISELECT] ctx=TO_HAND min=0 max=3 generated_lens=[3] shorter_legal_exists=True shorter_missed=True
[MULTISELECT] ctx=TO_HAND min=0 max=3 generated_lens=[3] shorter_legal_exists=True shorter_missed=True
[MULTISELECT] ctx=DISCARD min=2 max=2 generated_lens=[2] shorter_legal_exists=False shorter_missed=False
[MULTISELECT] ctx=DISCARD min=2 max=2 generated_lens=[2] shorter_legal_exists=False shorter_missed=False
[MULTISELECT] ctx=DISCARD min=2 max=2 generated_lens=[2] shorter_legal_exists=False shorter_missed=False
[MULTISELECT] ctx=TO_HAND min=0 max=3 generated_lens=[3] shorter_legal_exists=True shorter_missed=True
[MULTISELECT] ctx=TO_HAND min=0 max=3 generated_lens=[3] shorter_legal_exists=True shorter_missed=True
[MULTISELECT] ctx=TO_HAND min=0 max=3 generated_lens=[3] shorter_legal_exists=True shorter_missed=True
[MULTISELECT] ctx=TO_HAND min=0 max=3 generated_lens=[3] shorter_legal_exists=True shorter_missed=True
[MULTISELECT] ctx=DISCARD min=2 max=2 generated_lens=[2] shorter_legal_exists=False shorter_missed=False
[MULTISELECT] ctx=DISCARD min=2 max=2 generated_lens=[2] shorter_legal_exists=False shorter_missed=False
[MULTISELECT] ctx=DISCARD min=2 max=2 generated_lens=[2] shorter_legal_exists=False shorter_missed=False
[MULTISELECT] ctx=DISCARD min=2 max=2 generated_lens=[2] shorter_legal_exists=False shorter_missed=False
[MULTISELECT] ctx=DISCARD min=2 max=2 generated_lens=[2] shorter_legal_exists=False shorter_missed=False
[MULTISELECT] ctx=DISCARD min=2 max=2 generated_lens=[2] shorter_legal_exists=False shorter_missed=False
[TRUNC] turn=26 ctx=MAIN opts=69 kept=64 dropped_types={ATTACH:3,PLAY:1,RETREAT:1}
[MULTISELECT] ctx=DISCARD min=2 max=2 generated_lens=[2] shorter_legal_exists=False shorter_missed=False
[TRUNC] turn=28 ctx=MAIN opts=74 kept=64 dropped_types={ATTACH:8,PLAY:1,RETREAT:1}
[MULTISELECT] ctx=DISCARD min=2 max=2 generated_lens=[2] shorter_legal_exists=False shorter_missed=False
[TRUNC] turn=30 ctx=MAIN opts=79 kept=64 dropped_types={ATTACH:13,PLAY:1,RETREAT:1}
[MULTISELECT] ctx=DISCARD min=2 max=2 generated_lens=[2] shorter_legal_exists=False shorter_missed=False
[MULTISELECT] ctx=DISCARD min=2 max=2 generated_lens=[2] shorter_legal_exists=False shorter_missed=False
[TRUNC] turn=32 ctx=MAIN opts=84 kept=64 dropped_types={ATTACH:18,PLAY:1,RETREAT:1}
[MULTISELECT] ctx=DISCARD min=2 max=2 generated_lens=[2] shorter_legal_exists=False shorter_missed=False
[MULTISELECT] ctx=DISCARD min=2 max=2 generated_lens=[2] shorter_legal_exists=False shorter_missed=False
[TRUNC] turn=34 ctx=MAIN opts=89 kept=64 dropped_types={ATTACH:23,PLAY:1,RETREAT:1}
[MULTISELECT] ctx=DISCARD min=2 max=2 generated_lens=[2] shorter_legal_exists=False shorter_missed=False
[MULTISELECT] ctx=DISCARD min=2 max=2 generated_lens=[2] shorter_legal_exists=False shorter_missed=False
[TRUNC] turn=36 ctx=MAIN opts=94 kept=64 dropped_types={ATTACH:28,PLAY:1,RETREAT:1}
[MULTISELECT] ctx=DISCARD min=2 max=2 generated_lens=[2] shorter_legal_exists=False shorter_missed=False
[MULTISELECT] ctx=DISCARD min=2 max=2 generated_lens=[2] shorter_legal_exists=False shorter_missed=False
[MULTISELECT] ctx=DISCARD min=2 max=2 generated_lens=[2] shorter_legal_exists=False shorter_missed=False
[MULTISELECT] ctx=DISCARD min=2 max=2 generated_lens=[2] shorter_legal_exists=False shorter_missed=False
[TRUNC] turn=38 ctx=MAIN opts=89 kept=64 dropped_types={ATTACH:23,PLAY:1,RETREAT:1}
[MULTISELECT] ctx=DISCARD min=2 max=2 generated_lens=[2] shorter_legal_exists=False shorter_missed=False
[TRUNC] turn=40 ctx=MAIN opts=94 kept=64 dropped_types={ATTACH:28,PLAY:1,RETREAT:1}
[MULTISELECT] ctx=DISCARD min=2 max=2 generated_lens=[2] shorter_legal_exists=False shorter_missed=False
[TRUNC] turn=42 ctx=MAIN opts=99 kept=64 dropped_types={ATTACH:33,PLAY:1,RETREAT:1}
[MULTISELECT] ctx=DISCARD min=2 max=2 generated_lens=[2] shorter_legal_exists=False shorter_missed=False
[TRUNC] turn=44 ctx=MAIN opts=104 kept=64 dropped_types={ATTACH:38,PLAY:1,RETREAT:1}
[MULTISELECT] ctx=DISCARD min=2 max=2 generated_lens=[2] shorter_legal_exists=False shorter_missed=False
[TRUNC] turn=46 ctx=MAIN opts=109 kept=64 dropped_types={ATTACH:43,PLAY:1,RETREAT:1}
[MULTISELECT] ctx=DISCARD min=2 max=2 generated_lens=[2] shorter_legal_exists=False shorter_missed=False
[TRUNC] turn=48 ctx=MAIN opts=114 kept=64 dropped_types={ATTACH:48,PLAY:1,RETREAT:1}
[MULTISELECT] ctx=DISCARD min=2 max=2 generated_lens=[2] shorter_legal_exists=False shorter_missed=False
[MULTISELECT] ctx=DISCARD min=2 max=2 generated_lens=[2] shorter_legal_exists=False shorter_missed=False
[MULTISELECT] ctx=DISCARD min=2 max=2 generated_lens=[2] shorter_legal_exists=False shorter_missed=False
[MULTISELECT] ctx=DISCARD min=2 max=2 generated_lens=[2] shorter_legal_exists=False shorter_missed=False
[MULTISELECT] ctx=DISCARD min=2 max=2 generated_lens=[2] shorter_legal_exists=False shorter_missed=False
[TRUNC] turn=50 ctx=MAIN opts=109 kept=64 dropped_types={ATTACH:43,PLAY:1,RETREAT:1}
[MULTISELECT] ctx=DISCARD min=2 max=2 generated_lens=[2] shorter_legal_exists=False shorter_missed=False
[TRUNC] turn=52 ctx=MAIN opts=114 kept=64 dropped_types={ATTACH:48,PLAY:1,RETREAT:1}
[MULTISELECT] ctx=DISCARD min=2 max=2 generated_lens=[2] shorter_legal_exists=False shorter_missed=False
[TRUNC] turn=54 ctx=MAIN opts=119 kept=64 dropped_types={ATTACH:53,PLAY:1,RETREAT:1}
[MULTISELECT] ctx=DISCARD min=2 max=2 generated_lens=[2] shorter_legal_exists=False shorter_missed=False
[MULTISELECT] ctx=DISCARD min=2 max=2 generated_lens=[2] shorter_legal_exists=False shorter_missed=False
[MULTISELECT] ctx=DISCARD min=2 max=2 generated_lens=[2] shorter_legal_exists=False shorter_missed=False
[MULTISELECT] ctx=DISCARD min=2 max=2 generated_lens=[2] shorter_legal_exists=False shorter_missed=False
[MULTISELECT] ctx=TO_HAND min=0 max=2 generated_lens=[2] shorter_legal_exists=True shorter_missed=True
[TRUNC] turn=56 ctx=MAIN opts=117 kept=64 dropped_types={ATTACH:52,PLAY:1}
[MULTISELECT] ctx=DISCARD min=2 max=2 generated_lens=[2] shorter_legal_exists=False shorter_missed=False
[MULTISELECT] ctx=TO_HAND min=0 max=2 generated_lens=[2] shorter_legal_exists=True shorter_missed=True
[TRUNC] turn=58 ctx=MAIN opts=122 kept=64 dropped_types={ATTACH:57,PLAY:1}
[MULTISELECT] ctx=DISCARD min=2 max=2 generated_lens=[2] shorter_legal_exists=False shorter_missed=False
[TRUNC] turn=58 ctx=MAIN opts=122 kept=64 dropped_types={ATTACH:57,PLAY:1}
[MULTISELECT] ctx=DISCARD min=2 max=2 generated_lens=[2] shorter_legal_exists=False shorter_missed=False
[MULTISELECT] ctx=DISCARD min=2 max=2 generated_lens=[2] shorter_legal_exists=False shorter_missed=False
[MULTISELECT] ctx=DISCARD min=2 max=2 generated_lens=[2] shorter_legal_exists=False shorter_missed=False
[MULTISELECT] ctx=DISCARD min=2 max=2 generated_lens=[2] shorter_legal_exists=False shorter_missed=False
[MULTISELECT] ctx=DISCARD min=2 max=2 generated_lens=[2] shorter_legal_exists=False shorter_missed=False
[MULTISELECT] ctx=DISCARD min=2 max=2 generated_lens=[2] shorter_legal_exists=False shorter_missed=False
[MULTISELECT] ctx=DISCARD min=2 max=2 generated_lens=[2] shorter_legal_exists=False shorter_missed=False
[TRUNC] turn=70 ctx=MAIN opts=67 kept=64 dropped_types={ATTACH:2,PLAY:1}
[MULTISELECT] ctx=DISCARD min=2 max=2 generated_lens=[2] shorter_legal_exists=False shorter_missed=False
[MULTISELECT] ctx=DISCARD min=2 max=2 generated_lens=[2] shorter_legal_exists=False shorter_missed=False
[MULTISELECT] ctx=DISCARD min=2 max=2 generated_lens=[2] shorter_legal_exists=False shorter_missed=False
[MULTISELECT] ctx=DISCARD min=2 max=2 generated_lens=[2] shorter_legal_exists=False shorter_missed=False
[MULTISELECT] ctx=DISCARD min=2 max=2 generated_lens=[2] shorter_legal_exists=False shorter_missed=False
[MULTISELECT] ctx=DISCARD min=2 max=2 generated_lens=[2] shorter_legal_exists=False shorter_missed=False
[MULTISELECT] ctx=DISCARD min=2 max=2 generated_lens=[2] shorter_legal_exists=False shorter_missed=False
[MULTISELECT] ctx=DISCARD min=2 max=2 generated_lens=[2] shorter_legal_exists=False shorter_missed=False
[MULTISELECT] ctx=DISCARD min=2 max=2 generated_lens=[2] shorter_legal_exists=False shorter_missed=False
[MULTISELECT] ctx=DISCARD min=2 max=2 generated_lens=[2] shorter_legal_exists=False shorter_missed=False
[TRUNC] turn=86 ctx=MAIN opts=67 kept=64 dropped_types={ATTACH:2,PLAY:1}
[TRUNC] turn=88 ctx=MAIN opts=72 kept=64 dropped_types={ATTACH:7,PLAY:1}
[TRUNC] turn=90 ctx=MAIN opts=77 kept=64 dropped_types={ATTACH:12,PLAY:1}
[MULTISELECT] ctx=DISCARD min=2 max=2 generated_lens=[2] shorter_legal_exists=False shorter_missed=False
[MULTISELECT] ctx=DISCARD min=2 max=2 generated_lens=[2] shorter_legal_exists=False shorter_missed=False
[MULTISELECT] ctx=DISCARD min=2 max=2 generated_lens=[2] shorter_legal_exists=False shorter_missed=False
[MULTISELECT] ctx=DISCARD min=2 max=2 generated_lens=[2] shorter_legal_exists=False shorter_missed=False
[TRUNC] turn=92 ctx=MAIN opts=79 kept=64 dropped_types={ATTACH:13,PLAY:1,RETREAT:1}
[MULTISELECT] ctx=DISCARD min=2 max=2 generated_lens=[2] shorter_legal_exists=False shorter_missed=False
[TRUNC] turn=94 ctx=MAIN opts=84 kept=64 dropped_types={ATTACH:18,PLAY:1,RETREAT:1}
[MULTISELECT] ctx=DISCARD min=2 max=2 generated_lens=[2] shorter_legal_exists=False shorter_missed=False
[TRUNC] turn=96 ctx=MAIN opts=89 kept=64 dropped_types={ATTACH:23,PLAY:1,RETREAT:1}
[MULTISELECT] ctx=DISCARD min=2 max=2 generated_lens=[2] shorter_legal_exists=False shorter_missed=False
[TRUNC] turn=98 ctx=MAIN opts=94 kept=64 dropped_types={ATTACH:28,PLAY:1,RETREAT:1}
[MULTISELECT] ctx=DISCARD min=2 max=2 generated_lens=[2] shorter_legal_exists=False shorter_missed=False
[TRUNC] turn=100 ctx=MAIN opts=99 kept=64 dropped_types={ATTACH:33,PLAY:1,RETREAT:1}
[MULTISELECT] ctx=DISCARD min=2 max=2 generated_lens=[2] shorter_legal_exists=False shorter_missed=False
[TRUNC] turn=102 ctx=MAIN opts=104 kept=64 dropped_types={ATTACH:38,PLAY:1,RETREAT:1}
[MULTISELECT] ctx=DISCARD min=2 max=2 generated_lens=[2] shorter_legal_exists=False shorter_missed=False
[TRUNC] turn=104 ctx=MAIN opts=109 kept=64 dropped_types={ATTACH:43,PLAY:1,RETREAT:1}
[MULTISELECT] ctx=DISCARD min=2 max=2 generated_lens=[2] shorter_legal_exists=False shorter_missed=False
[TRUNC] turn=106 ctx=MAIN opts=114 kept=64 dropped_types={ATTACH:48,PLAY:1,RETREAT:1}
[MULTISELECT] ctx=DISCARD min=2 max=2 generated_lens=[2] shorter_legal_exists=False shorter_missed=False
[MULTISELECT] ctx=DISCARD min=2 max=2 generated_lens=[2] shorter_legal_exists=False shorter_missed=False
[TRUNC] turn=108 ctx=MAIN opts=114 kept=64 dropped_types={ATTACH:48,PLAY:1,RETREAT:1}
[MULTISELECT] ctx=DISCARD min=2 max=2 generated_lens=[2] shorter_legal_exists=False shorter_missed=False
=== DIAG_DUMP_BEGIN ===
DIAG_GAMES=1
TRUNC_TOTAL_NODES=974
TRUNC_FIRED=31
TRUNC_FIRE_RATE=3.18%
TRUNC_OPTCOUNT_HIST=1-8:279|9-16:266|17-32:280|33-64:118|65-128:31|129-256:0|257+:0
TRUNC_FIRE_RATE_BY_TURN=1-2:0.00%(0/75)|3-5:0.00%(0/83)|6+:3.80%(31/816)
TRUNC_DROPPED_BY_TYPE=ATTACH:931,PLAY:31,RETREAT:24
TRUNC_DROPPED_CRITICAL=0
TRUNC_DROPPED_CRITICAL_STATUS=PASS
MULTISELECT_FIXED_LEN=min=0,max=2:nodes=3,shorter_legal=3,shorter_generated=0,shorter_missed=3|min=0,max=3:nodes=7,shorter_legal=7,shorter_generated=0,shorter_missed=7|min=2,max=2:nodes=72,shorter_legal=0,shorter_generated=0,shorter_missed=0
MULTISELECT_SHORTER_MISSED=10
MULTISELECT_CTX_HIST=DISCARD:72,TO_HAND:10
GAME_LENGTH_HIST=1-15:0|16-25:0|26-40:0|41-60:0|61+:1
WIN_BY_CAUSE=DECK_OUT:W=1,L=1,D=0
TURN_NODE_DIST=1-2:7.70%(75/974)|3-5:8.52%(83/974)|6+:83.78%(816/974)
SEARCH_MAX_DEPTH=5
SEARCH_MEAN_DEPTH=1.3607
PRIZE_REWARD_REACHED=0.00%(0/163)
STALL_DRAW_PASS_TURNS=97
STALL_SHUFFLE_WITH_RESOURCES=5
MISSED_ATTACH=105
SHAPING_BREAKDOWN=BOARD_DECK_DIFF:0.013368|DAMAGE_PRESSURE:0.000216|DISRUPTION:0.000154|ENERGY_DENIAL:0.000000|ITEM_LOCK_PENALTY:0.000000|KO_BONUS:0.000000|PARALYSIS:0.000000|PRIZE_DIFF:0.000308|SLEEP:0.000000
=== DIAG_DUMP_END ===
[MULTISELECT] ctx=TO_HAND min=0 max=3 generated_lens=[3] shorter_legal_exists=True shorter_missed=True
[MULTISELECT] ctx=DISCARD min=2 max=2 generated_lens=[2] shorter_legal_exists=False shorter_missed=False
[MULTISELECT] ctx=DISCARD min=2 max=2 generated_lens=[2] shorter_legal_exists=False shorter_missed=False
[MULTISELECT] ctx=DISCARD min=2 max=2 generated_lens=[2] shorter_legal_exists=False shorter_missed=False
[MULTISELECT] ctx=TO_HAND min=0 max=3 generated_lens=[3] shorter_legal_exists=True shorter_missed=True
[MULTISELECT] ctx=DISCARD min=2 max=2 generated_lens=[2] shorter_legal_exists=False shorter_missed=False
[MULTISELECT] ctx=TO_HAND min=0 max=3 generated_lens=[3] shorter_legal_exists=True shorter_missed=True
[MULTISELECT] ctx=DISCARD min=2 max=2 generated_lens=[2] shorter_legal_exists=False shorter_missed=False
[MULTISELECT] ctx=DISCARD min=2 max=2 generated_lens=[2] shorter_legal_exists=False shorter_missed=False
[MULTISELECT] ctx=DISCARD min=2 max=2 generated_lens=[2] shorter_legal_exists=False shorter_missed=False
[MULTISELECT] ctx=DISCARD min=2 max=2 generated_lens=[2] shorter_legal_exists=False shorter_missed=False
[MULTISELECT] ctx=DISCARD min=2 max=2 generated_lens=[2] shorter_legal_exists=False shorter_missed=False
[MULTISELECT] ctx=DISCARD min=2 max=2 generated_lens=[2] shorter_legal_exists=False shorter_missed=False
[MULTISELECT] ctx=DISCARD min=2 max=2 generated_lens=[2] shorter_legal_exists=False shorter_missed=False
[MULTISELECT] ctx=TO_HAND min=0 max=3 generated_lens=[3] shorter_legal_exists=True shorter_missed=True
[MULTISELECT] ctx=DISCARD min=2 max=2 generated_lens=[2] shorter_legal_exists=False shorter_missed=False
[MULTISELECT] ctx=TO_HAND min=0 max=3 generated_lens=[3] shorter_legal_exists=True shorter_missed=True
[MULTISELECT] ctx=TO_HAND min=0 max=3 generated_lens=[3] shorter_legal_exists=True shorter_missed=True
[MULTISELECT] ctx=TO_HAND min=0 max=2 generated_lens=[2] shorter_legal_exists=True shorter_missed=True
[MULTISELECT] ctx=TO_HAND min=0 max=2 generated_lens=[2] shorter_legal_exists=True shorter_missed=True
[MULTISELECT] ctx=TO_HAND min=0 max=3 generated_lens=[3] shorter_legal_exists=True shorter_missed=True
[MULTISELECT] ctx=DISCARD min=2 max=2 generated_lens=[2] shorter_legal_exists=False shorter_missed=False
[MULTISELECT] ctx=TO_HAND min=0 max=3 generated_lens=[3] shorter_legal_exists=True shorter_missed=True
[MULTISELECT] ctx=DISCARD min=2 max=2 generated_lens=[2] shorter_legal_exists=False shorter_missed=False
[MULTISELECT] ctx=DISCARD min=2 max=2 generated_lens=[2] shorter_legal_exists=False shorter_missed=False
[MULTISELECT] ctx=DISCARD min=2 max=2 generated_lens=[2] shorter_legal_exists=False shorter_missed=False
[MULTISELECT] ctx=TO_HAND min=0 max=2 generated_lens=[2] shorter_legal_exists=True shorter_missed=True
[MULTISELECT] ctx=DISCARD min=2 max=2 generated_lens=[2] shorter_legal_exists=False shorter_missed=False
[MULTISELECT] ctx=DISCARD min=2 max=2 generated_lens=[2] shorter_legal_exists=False shorter_missed=False
[MULTISELECT] ctx=DISCARD min=2 max=2 generated_lens=[2] shorter_legal_exists=False shorter_missed=False
[MULTISELECT] ctx=TO_HAND min=0 max=2 generated_lens=[2] shorter_legal_exists=True shorter_missed=True
[MULTISELECT] ctx=TO_HAND min=0 max=2 generated_lens=[2] shorter_legal_exists=True shorter_missed=True
[MULTISELECT] ctx=DISCARD min=2 max=2 generated_lens=[2] shorter_legal_exists=False shorter_missed=False
[MULTISELECT] ctx=DISCARD min=2 max=2 generated_lens=[2] shorter_legal_exists=False shorter_missed=False
[MULTISELECT] ctx=TO_HAND min=0 max=3 generated_lens=[3] shorter_legal_exists=True shorter_missed=True
[MULTISELECT] ctx=TO_HAND min=0 max=3 generated_lens=[3] shorter_legal_exists=True shorter_missed=True
[MULTISELECT] ctx=TO_HAND min=0 max=2 generated_lens=[2] shorter_legal_exists=True shorter_missed=True
[MULTISELECT] ctx=TO_HAND min=0 max=2 generated_lens=[2] shorter_legal_exists=True shorter_missed=True
[MULTISELECT] ctx=DISCARD min=2 max=2 generated_lens=[2] shorter_legal_exists=False shorter_missed=False
[MULTISELECT] ctx=TO_HAND min=0 max=2 generated_lens=[2] shorter_legal_exists=True shorter_missed=True
[MULTISELECT] ctx=DISCARD min=2 max=2 generated_lens=[2] shorter_legal_exists=False shorter_missed=False
=== DIAG_DUMP_BEGIN ===
DIAG_GAMES=1
TRUNC_TOTAL_NODES=647
TRUNC_FIRED=0
TRUNC_FIRE_RATE=0.00%
TRUNC_OPTCOUNT_HIST=1-8:464|9-16:84|17-32:79|33-64:20|65-128:0|129-256:0|257+:0
TRUNC_FIRE_RATE_BY_TURN=1-2:0.00%(0/75)|3-5:0.00%(0/73)|6+:0.00%(0/499)
TRUNC_DROPPED_BY_TYPE=NONE
TRUNC_DROPPED_CRITICAL=0
TRUNC_DROPPED_CRITICAL_STATUS=PASS
MULTISELECT_FIXED_LEN=min=0,max=2:nodes=8,shorter_legal=8,shorter_generated=0,shorter_missed=8|min=0,max=3:nodes=10,shorter_legal=10,shorter_generated=0,shorter_missed=10|min=2,max=2:nodes=23,shorter_legal=0,shorter_generated=0,shorter_missed=0
MULTISELECT_SHORTER_MISSED=18
MULTISELECT_CTX_HIST=DISCARD:23,TO_HAND:18
GAME_LENGTH_HIST=1-15:0|16-25:0|26-40:1|41-60:0|61+:0
WIN_BY_CAUSE=DECK_OUT:W=1,L=1,D=0
TURN_NODE_DIST=1-2:11.59%(75/647)|3-5:11.28%(73/647)|6+:77.13%(499/647)
SEARCH_MAX_DEPTH=5
SEARCH_MEAN_DEPTH=1.5431
PRIZE_REWARD_REACHED=0.00%(0/109)
STALL_DRAW_PASS_TURNS=18
STALL_SHUFFLE_WITH_RESOURCES=5
MISSED_ATTACH=18
SHAPING_BREAKDOWN=BOARD_DECK_DIFF:0.069567|DAMAGE_PRESSURE:0.000000|DISRUPTION:0.000232|ENERGY_DENIAL:0.000000|ITEM_LOCK_PENALTY:0.000000|KO_BONUS:0.000000|PARALYSIS:0.000000|PRIZE_DIFF:-0.000464|SLEEP:0.000000
=== DIAG_DUMP_END ===
[MULTISELECT] ctx=DISCARD min=2 max=2 generated_lens=[2] shorter_legal_exists=False shorter_missed=False
[MULTISELECT] ctx=TO_HAND min=0 max=3 generated_lens=[3] shorter_legal_exists=True shorter_missed=True
[MULTISELECT] ctx=TO_HAND min=0 max=3 generated_lens=[3] shorter_legal_exists=True shorter_missed=True
[MULTISELECT] ctx=TO_HAND min=0 max=3 generated_lens=[3] shorter_legal_exists=True shorter_missed=True
[MULTISELECT] ctx=DISCARD min=2 max=2 generated_lens=[2] shorter_legal_exists=False shorter_missed=False
[MULTISELECT] ctx=DISCARD min=2 max=2 generated_lens=[2] shorter_legal_exists=False shorter_missed=False
[MULTISELECT] ctx=DISCARD min=2 max=2 generated_lens=[2] shorter_legal_exists=False shorter_missed=False
[MULTISELECT] ctx=TO_HAND min=0 max=3 generated_lens=[3] shorter_legal_exists=True shorter_missed=True
[MULTISELECT] ctx=TO_HAND min=0 max=3 generated_lens=[3] shorter_legal_exists=True shorter_missed=True
[MULTISELECT] ctx=TO_HAND min=0 max=2 generated_lens=[2] shorter_legal_exists=True shorter_missed=True
[MULTISELECT] ctx=TO_HAND min=0 max=2 generated_lens=[2] shorter_legal_exists=True shorter_missed=True
[MULTISELECT] ctx=DISCARD min=2 max=2 generated_lens=[2] shorter_legal_exists=False shorter_missed=False
[MULTISELECT] ctx=DISCARD min=2 max=2 generated_lens=[2] shorter_legal_exists=False shorter_missed=False
[MULTISELECT] ctx=TO_HAND min=0 max=2 generated_lens=[2] shorter_legal_exists=True shorter_missed=True
[MULTISELECT] ctx=TO_HAND min=0 max=2 generated_lens=[2] shorter_legal_exists=True shorter_missed=True
[MULTISELECT] ctx=TO_HAND min=0 max=2 generated_lens=[2] shorter_legal_exists=True shorter_missed=True
[MULTISELECT] ctx=TO_HAND min=0 max=2 generated_lens=[2] shorter_legal_exists=True shorter_missed=True
[MULTISELECT] ctx=TO_HAND min=0 max=2 generated_lens=[2] shorter_legal_exists=True shorter_missed=True
[MULTISELECT] ctx=DISCARD min=2 max=2 generated_lens=[2] shorter_legal_exists=False shorter_missed=False
[MULTISELECT] ctx=DISCARD min=2 max=2 generated_lens=[2] shorter_legal_exists=False shorter_missed=False
[MULTISELECT] ctx=DISCARD min=2 max=2 generated_lens=[2] shorter_legal_exists=False shorter_missed=False
[MULTISELECT] ctx=DISCARD min=2 max=2 generated_lens=[2] shorter_legal_exists=False shorter_missed=False
[MULTISELECT] ctx=DISCARD min=2 max=2 generated_lens=[2] shorter_legal_exists=False shorter_missed=False
[MULTISELECT] ctx=DISCARD min=2 max=2 generated_lens=[2] shorter_legal_exists=False shorter_missed=False
[MULTISELECT] ctx=DISCARD min=2 max=2 generated_lens=[2] shorter_legal_exists=False shorter_missed=False
[MULTISELECT] ctx=TO_HAND min=0 max=3 generated_lens=[3] shorter_legal_exists=True shorter_missed=True
[MULTISELECT] ctx=TO_HAND min=0 max=3 generated_lens=[3] shorter_legal_exists=True shorter_missed=True
[MULTISELECT] ctx=TO_HAND min=0 max=3 generated_lens=[3] shorter_legal_exists=True shorter_missed=True
[MULTISELECT] ctx=TO_HAND min=0 max=2 generated_lens=[2] shorter_legal_exists=True shorter_missed=True
[MULTISELECT] ctx=DISCARD min=2 max=2 generated_lens=[2] shorter_legal_exists=False shorter_missed=False
[MULTISELECT] ctx=DISCARD min=2 max=2 generated_lens=[2] shorter_legal_exists=False shorter_missed=False
[MULTISELECT] ctx=DISCARD min=2 max=2 generated_lens=[2] shorter_legal_exists=False shorter_missed=False
[MULTISELECT] ctx=DISCARD min=2 max=2 generated_lens=[2] shorter_legal_exists=False shorter_missed=False
[MULTISELECT] ctx=DISCARD min=2 max=2 generated_lens=[2] shorter_legal_exists=False shorter_missed=False
[MULTISELECT] ctx=DISCARD min=2 max=2 generated_lens=[2] shorter_legal_exists=False shorter_missed=False
[MULTISELECT] ctx=DISCARD min=2 max=2 generated_lens=[2] shorter_legal_exists=False shorter_missed=False
[MULTISELECT] ctx=DISCARD min=2 max=2 generated_lens=[2] shorter_legal_exists=False shorter_missed=False
[MULTISELECT] ctx=DISCARD min=2 max=2 generated_lens=[2] shorter_legal_exists=False shorter_missed=False
=== DIAG_DUMP_BEGIN ===
DIAG_GAMES=1
TRUNC_TOTAL_NODES=846
TRUNC_FIRED=0
TRUNC_FIRE_RATE=0.00%
TRUNC_OPTCOUNT_HIST=1-8:601|9-16:102|17-32:132|33-64:11|65-128:0|129-256:0|257+:0
TRUNC_FIRE_RATE_BY_TURN=1-2:0.00%(0/58)|3-5:0.00%(0/116)|6+:0.00%(0/672)
TRUNC_DROPPED_BY_TYPE=NONE
TRUNC_DROPPED_CRITICAL=0
TRUNC_DROPPED_CRITICAL_STATUS=PASS
MULTISELECT_FIXED_LEN=min=0,max=2:nodes=8,shorter_legal=8,shorter_generated=0,shorter_missed=8|min=0,max=3:nodes=8,shorter_legal=8,shorter_generated=0,shorter_missed=8|min=2,max=2:nodes=22,shorter_legal=0,shorter_generated=0,shorter_missed=0
MULTISELECT_SHORTER_MISSED=16
MULTISELECT_CTX_HIST=DISCARD:22,TO_HAND:16
GAME_LENGTH_HIST=1-15:0|16-25:0|26-40:1|41-60:0|61+:0
WIN_BY_CAUSE=DECK_OUT:W=1,L=1,D=0
TURN_NODE_DIST=1-2:6.86%(58/846)|3-5:13.71%(116/846)|6+:79.43%(672/846)
SEARCH_MAX_DEPTH=5
SEARCH_MEAN_DEPTH=1.6615
PRIZE_REWARD_REACHED=0.00%(0/143)
STALL_DRAW_PASS_TURNS=14
STALL_SHUFFLE_WITH_RESOURCES=6
MISSED_ATTACH=13
SHAPING_BREAKDOWN=BOARD_DECK_DIFF:0.056123|DAMAGE_PRESSURE:0.002128|DISRUPTION:0.000177|ENERGY_DENIAL:0.000000|ITEM_LOCK_PENALTY:0.000000|KO_BONUS:0.000000|PARALYSIS:0.000000|PRIZE_DIFF:0.003073|SLEEP:0.000000
=== DIAG_DUMP_END ===
[MULTISELECT] ctx=SETUP_BENCH_POKEMON min=0 max=5 generated_lens=[5] shorter_legal_exists=True shorter_missed=True
[MULTISELECT] ctx=SETUP_BENCH_POKEMON min=0 max=5 generated_lens=[5] shorter_legal_exists=True shorter_missed=True
[TRUNC] turn=66 ctx=MAIN opts=77 kept=64 dropped_types={ATTACH:13}
[TRUNC] turn=68 ctx=MAIN opts=79 kept=64 dropped_types={ATTACH:15}
[TRUNC] turn=70 ctx=MAIN opts=81 kept=64 dropped_types={ATTACH:17}
[TRUNC] turn=72 ctx=MAIN opts=83 kept=64 dropped_types={ATTACH:19}
[TRUNC] turn=74 ctx=MAIN opts=85 kept=64 dropped_types={ATTACH:21}
[TRUNC] turn=76 ctx=MAIN opts=87 kept=64 dropped_types={ATTACH:23}
[TRUNC] turn=78 ctx=MAIN opts=89 kept=64 dropped_types={ATTACH:25}
[TRUNC] turn=80 ctx=MAIN opts=91 kept=64 dropped_types={ATTACH:27}
[TRUNC] turn=82 ctx=MAIN opts=93 kept=64 dropped_types={ATTACH:29}
[TRUNC] turn=84 ctx=MAIN opts=95 kept=64 dropped_types={ATTACH:31}
[TRUNC] turn=86 ctx=MAIN opts=97 kept=64 dropped_types={ATTACH:33}
[TRUNC] turn=88 ctx=MAIN opts=99 kept=64 dropped_types={ATTACH:35}
[TRUNC] turn=90 ctx=MAIN opts=101 kept=64 dropped_types={ATTACH:37}
=== DIAG_DUMP_BEGIN ===
DIAG_GAMES=1
TRUNC_TOTAL_NODES=582
TRUNC_FIRED=13
TRUNC_FIRE_RATE=2.23%
TRUNC_OPTCOUNT_HIST=1-8:153|9-16:112|17-32:216|33-64:88|65-128:13|129-256:0|257+:0
TRUNC_FIRE_RATE_BY_TURN=1-2:0.00%(0/18)|3-5:0.00%(0/15)|6+:2.37%(13/549)
TRUNC_DROPPED_BY_TYPE=ATTACH:325
TRUNC_DROPPED_CRITICAL=0
TRUNC_DROPPED_CRITICAL_STATUS=PASS
MULTISELECT_FIXED_LEN=min=0,max=5:nodes=2,shorter_legal=2,shorter_generated=0,shorter_missed=2
MULTISELECT_SHORTER_MISSED=2
MULTISELECT_CTX_HIST=SETUP_BENCH_POKEMON:2
GAME_LENGTH_HIST=1-15:0|16-25:0|26-40:0|41-60:0|61+:1
WIN_BY_CAUSE=DECK_OUT:W=1,L=1,D=0
TURN_NODE_DIST=1-2:3.09%(18/582)|3-5:2.58%(15/582)|6+:94.33%(549/582)
SEARCH_MAX_DEPTH=5
SEARCH_MEAN_DEPTH=2.2633
PRIZE_REWARD_REACHED=0.00%(0/98)
STALL_DRAW_PASS_TURNS=92
STALL_SHUFFLE_WITH_RESOURCES=0
MISSED_ATTACH=81
SHAPING_BREAKDOWN=BOARD_DECK_DIFF:-0.003900|DAMAGE_PRESSURE:0.000000|DISRUPTION:0.000258|ENERGY_DENIAL:0.000000|ITEM_LOCK_PENALTY:0.000000|KO_BONUS:0.000000|PARALYSIS:0.000000|PRIZE_DIFF:-0.000258|SLEEP:0.000000
=== DIAG_DUMP_END ===
[MULTISELECT] ctx=SETUP_BENCH_POKEMON min=0 max=5 generated_lens=[5] shorter_legal_exists=True shorter_missed=True
[MULTISELECT] ctx=SETUP_BENCH_POKEMON min=0 max=5 generated_lens=[5] shorter_legal_exists=True shorter_missed=True
=== DIAG_DUMP_BEGIN ===
DIAG_GAMES=1
TRUNC_TOTAL_NODES=573
TRUNC_FIRED=0
TRUNC_FIRE_RATE=0.00%
TRUNC_OPTCOUNT_HIST=1-8:142|9-16:95|17-32:248|33-64:88|65-128:0|129-256:0|257+:0
TRUNC_FIRE_RATE_BY_TURN=1-2:0.00%(0/24)|3-5:0.00%(0/15)|6+:0.00%(0/534)
TRUNC_DROPPED_BY_TYPE=NONE
TRUNC_DROPPED_CRITICAL=0
TRUNC_DROPPED_CRITICAL_STATUS=PASS
MULTISELECT_FIXED_LEN=min=0,max=5:nodes=2,shorter_legal=2,shorter_generated=0,shorter_missed=2
MULTISELECT_SHORTER_MISSED=2
MULTISELECT_CTX_HIST=SETUP_BENCH_POKEMON:2
GAME_LENGTH_HIST=1-15:0|16-25:0|26-40:0|41-60:0|61+:1
WIN_BY_CAUSE=DECK_OUT:W=1,L=1,D=0
TURN_NODE_DIST=1-2:4.19%(24/573)|3-5:2.62%(15/573)|6+:93.19%(534/573)
SEARCH_MAX_DEPTH=5
SEARCH_MEAN_DEPTH=2.3938
PRIZE_REWARD_REACHED=0.00%(0/97)
STALL_DRAW_PASS_TURNS=97
STALL_SHUFFLE_WITH_RESOURCES=0
MISSED_ATTACH=93
SHAPING_BREAKDOWN=BOARD_DECK_DIFF:-0.003438|DAMAGE_PRESSURE:0.000000|DISRUPTION:0.000262|ENERGY_DENIAL:0.000000|ITEM_LOCK_PENALTY:0.000000|KO_BONUS:0.000000|PARALYSIS:0.000000|PRIZE_DIFF:0.000000|SLEEP:0.000000
=== DIAG_DUMP_END ===
[TRUNC] turn=54 ctx=MAIN opts=66 kept=64 dropped_types={PLAY:1,RETREAT:1}
[TRUNC] turn=56 ctx=MAIN opts=68 kept=64 dropped_types={ATTACH:2,PLAY:1,RETREAT:1}
[TRUNC] turn=58 ctx=MAIN opts=70 kept=64 dropped_types={ATTACH:4,PLAY:1,RETREAT:1}
[TRUNC] turn=60 ctx=MAIN opts=72 kept=64 dropped_types={ATTACH:6,PLAY:1,RETREAT:1}
[TRUNC] turn=62 ctx=MAIN opts=74 kept=64 dropped_types={ATTACH:8,PLAY:1,RETREAT:1}
[TRUNC] turn=64 ctx=MAIN opts=76 kept=64 dropped_types={ATTACH:10,PLAY:1,RETREAT:1}
[TRUNC] turn=66 ctx=MAIN opts=78 kept=64 dropped_types={ATTACH:12,PLAY:1,RETREAT:1}
[TRUNC] turn=68 ctx=MAIN opts=80 kept=64 dropped_types={ATTACH:14,PLAY:1,RETREAT:1}
[TRUNC] turn=70 ctx=MAIN opts=82 kept=64 dropped_types={ATTACH:16,PLAY:1,RETREAT:1}
[TRUNC] turn=72 ctx=MAIN opts=84 kept=64 dropped_types={ATTACH:18,PLAY:1,RETREAT:1}
[TRUNC] turn=74 ctx=MAIN opts=86 kept=64 dropped_types={ATTACH:20,PLAY:1,RETREAT:1}
[TRUNC] turn=76 ctx=MAIN opts=88 kept=64 dropped_types={ATTACH:22,PLAY:1,RETREAT:1}
[TRUNC] turn=78 ctx=MAIN opts=90 kept=64 dropped_types={ATTACH:24,PLAY:1,RETREAT:1}
[TRUNC] turn=80 ctx=MAIN opts=92 kept=64 dropped_types={ATTACH:26,PLAY:1,RETREAT:1}
[TRUNC] turn=82 ctx=MAIN opts=94 kept=64 dropped_types={ATTACH:28,PLAY:1,RETREAT:1}
[TRUNC] turn=84 ctx=MAIN opts=96 kept=64 dropped_types={ATTACH:30,PLAY:1,RETREAT:1}
[TRUNC] turn=86 ctx=MAIN opts=98 kept=64 dropped_types={ATTACH:32,PLAY:1,RETREAT:1}
[TRUNC] turn=88 ctx=MAIN opts=100 kept=64 dropped_types={ATTACH:34,PLAY:1,RETREAT:1}
[TRUNC] turn=88 ctx=MAIN opts=100 kept=64 dropped_types={ATTACH:34,PLAY:1,RETREAT:1}
[TRUNC] turn=88 ctx=MAIN opts=100 kept=64 dropped_types={ATTACH:34,PLAY:1,RETREAT:1}
[TRUNC] turn=90 ctx=MAIN opts=102 kept=64 dropped_types={ATTACH:36,PLAY:1,RETREAT:1}
[TRUNC] turn=90 ctx=MAIN opts=102 kept=64 dropped_types={ATTACH:36,PLAY:1,RETREAT:1}
[TRUNC] turn=92 ctx=MAIN opts=104 kept=64 dropped_types={ATTACH:38,PLAY:1,RETREAT:1}
=== DIAG_DUMP_BEGIN ===
DIAG_GAMES=1
TRUNC_TOTAL_NODES=597
TRUNC_FIRED=23
TRUNC_FIRE_RATE=3.85%
TRUNC_OPTCOUNT_HIST=1-8:232|9-16:75|17-32:164|33-64:103|65-128:23|129-256:0|257+:0
TRUNC_FIRE_RATE_BY_TURN=1-2:0.00%(0/28)|3-5:0.00%(0/20)|6+:4.19%(23/549)
TRUNC_DROPPED_BY_TYPE=ATTACH:484,PLAY:23,RETREAT:23
TRUNC_DROPPED_CRITICAL=0
TRUNC_DROPPED_CRITICAL_STATUS=PASS
MULTISELECT_FIXED_LEN=NONE
MULTISELECT_SHORTER_MISSED=0
MULTISELECT_CTX_HIST=NONE
GAME_LENGTH_HIST=1-15:0|16-25:0|26-40:0|41-60:0|61+:1
WIN_BY_CAUSE=DECK_OUT:W=1,L=1,D=0
TURN_NODE_DIST=1-2:4.69%(28/597)|3-5:3.35%(20/597)|6+:91.96%(549/597)
SEARCH_MAX_DEPTH=5
SEARCH_MEAN_DEPTH=1.8198
PRIZE_REWARD_REACHED=0.00%(0/101)
STALL_DRAW_PASS_TURNS=91
STALL_SHUFFLE_WITH_RESOURCES=0
MISSED_ATTACH=92
SHAPING_BREAKDOWN=BOARD_DECK_DIFF:-0.001256|DAMAGE_PRESSURE:0.000235|DISRUPTION:0.000251|ENERGY_DENIAL:0.000000|ITEM_LOCK_PENALTY:-0.019296|KO_BONUS:0.000000|PARALYSIS:0.000000|PRIZE_DIFF:0.000754|SLEEP:0.000000
=== DIAG_DUMP_END ===
[MULTISELECT] ctx=SETUP_BENCH_POKEMON min=0 max=2 generated_lens=[2] shorter_legal_exists=True shorter_missed=True
[MULTISELECT] ctx=TO_BENCH min=0 max=2 generated_lens=[2] shorter_legal_exists=True shorter_missed=True
[MULTISELECT] ctx=TO_BENCH min=0 max=2 generated_lens=[2] shorter_legal_exists=True shorter_missed=True
[MULTISELECT] ctx=TO_BENCH min=0 max=2 generated_lens=[2] shorter_legal_exists=True shorter_missed=True
[MULTISELECT] ctx=DISCARD min=3 max=3 generated_lens=[3] shorter_legal_exists=False shorter_missed=False
[MULTISELECT] ctx=DISCARD min=3 max=3 generated_lens=[3] shorter_legal_exists=False shorter_missed=False
[MULTISELECT] ctx=TO_BENCH min=0 max=2 generated_lens=[2] shorter_legal_exists=True shorter_missed=True
[MULTISELECT] ctx=TO_BENCH min=0 max=2 generated_lens=[2] shorter_legal_exists=True shorter_missed=True
[MULTISELECT] ctx=TO_BENCH min=0 max=2 generated_lens=[2] shorter_legal_exists=True shorter_missed=True
[MULTISELECT] ctx=TO_BENCH min=0 max=2 generated_lens=[2] shorter_legal_exists=True shorter_missed=True
[TRUNC] turn=19 ctx=MAIN opts=70 kept=64 dropped_types={ABILITY:1,ATTACH:4,RETREAT:1}
[TRUNC] turn=21 ctx=MAIN opts=76 kept=64 dropped_types={ABILITY:1,ATTACH:10,RETREAT:1}
[TRUNC] turn=21 ctx=MAIN opts=75 kept=64 dropped_types={ABILITY:1,ATTACH:9,RETREAT:1}
[MULTISELECT] ctx=ATTACH_TO min=0 max=5 generated_lens=[5] shorter_legal_exists=True shorter_missed=True
[MULTISELECT] ctx=ATTACH_TO min=0 max=3 generated_lens=[3] shorter_legal_exists=True shorter_missed=True
[MULTISELECT] ctx=ATTACH_TO min=0 max=4 generated_lens=[4] shorter_legal_exists=True shorter_missed=True
[MULTISELECT] ctx=ATTACH_TO min=0 max=3 generated_lens=[3] shorter_legal_exists=True shorter_missed=True
[MULTISELECT] ctx=ATTACH_TO min=0 max=5 generated_lens=[5] shorter_legal_exists=True shorter_missed=True
[TRUNC] turn=21 ctx=MAIN opts=75 kept=64 dropped_types={ABILITY:1,ATTACH:9,RETREAT:1}
[TRUNC] turn=21 ctx=MAIN opts=75 kept=64 dropped_types={ABILITY:1,ATTACH:9,RETREAT:1}
[TRUNC] turn=21 ctx=MAIN opts=75 kept=64 dropped_types={ABILITY:1,ATTACH:9,RETREAT:1}
[TRUNC] turn=21 ctx=MAIN opts=75 kept=64 dropped_types={ABILITY:1,ATTACH:9,RETREAT:1}
[TRUNC] turn=21 ctx=MAIN opts=75 kept=64 dropped_types={ABILITY:1,ATTACH:9,RETREAT:1}
[TRUNC] turn=21 ctx=MAIN opts=75 kept=64 dropped_types={ABILITY:1,ATTACH:9,RETREAT:1}
[TRUNC] turn=21 ctx=MAIN opts=75 kept=64 dropped_types={ABILITY:1,ATTACH:9,RETREAT:1}
[TRUNC] turn=21 ctx=MAIN opts=75 kept=64 dropped_types={ABILITY:1,ATTACH:9,RETREAT:1}
[MULTISELECT] ctx=ATTACH_TO min=0 max=3 generated_lens=[3] shorter_legal_exists=True shorter_missed=True
[MULTISELECT] ctx=ATTACH_TO min=0 max=5 generated_lens=[5] shorter_legal_exists=True shorter_missed=True
[MULTISELECT] ctx=ATTACH_TO min=0 max=2 generated_lens=[2] shorter_legal_exists=True shorter_missed=True
[MULTISELECT] ctx=ATTACH_TO min=0 max=3 generated_lens=[3] shorter_legal_exists=True shorter_missed=True
[MULTISELECT] ctx=ATTACH_TO min=0 max=2 generated_lens=[2] shorter_legal_exists=True shorter_missed=True
[MULTISELECT] ctx=ATTACH_TO min=0 max=5 generated_lens=[5] shorter_legal_exists=True shorter_missed=True
[MULTISELECT] ctx=ATTACH_TO min=0 max=4 generated_lens=[4] shorter_legal_exists=True shorter_missed=True
[MULTISELECT] ctx=ATTACH_TO min=0 max=4 generated_lens=[4] shorter_legal_exists=True shorter_missed=True
[MULTISELECT] ctx=ATTACH_TO min=0 max=5 generated_lens=[5] shorter_legal_exists=True shorter_missed=True
[MULTISELECT] ctx=ATTACH_TO min=0 max=2 generated_lens=[2] shorter_legal_exists=True shorter_missed=True
[MULTISELECT] ctx=ATTACH_TO min=0 max=2 generated_lens=[2] shorter_legal_exists=True shorter_missed=True
[MULTISELECT] ctx=ATTACH_TO min=0 max=3 generated_lens=[3] shorter_legal_exists=True shorter_missed=True
[MULTISELECT] ctx=ATTACH_TO min=0 max=2 generated_lens=[2] shorter_legal_exists=True shorter_missed=True
[MULTISELECT] ctx=DISCARD min=3 max=3 generated_lens=[3] shorter_legal_exists=False shorter_missed=False
[MULTISELECT] ctx=ATTACH_TO min=0 max=3 generated_lens=[3] shorter_legal_exists=True shorter_missed=True
[MULTISELECT] ctx=ATTACH_TO min=0 max=4 generated_lens=[4] shorter_legal_exists=True shorter_missed=True
[MULTISELECT] ctx=TO_HAND min=2 max=2 generated_lens=[2] shorter_legal_exists=False shorter_missed=False
[MULTISELECT] ctx=TO_HAND min=2 max=2 generated_lens=[2] shorter_legal_exists=False shorter_missed=False
[MULTISELECT] ctx=TO_HAND min=2 max=2 generated_lens=[2] shorter_legal_exists=False shorter_missed=False
[MULTISELECT] ctx=TO_HAND min=2 max=2 generated_lens=[2] shorter_legal_exists=False shorter_missed=False
=== DIAG_DUMP_BEGIN ===
DIAG_GAMES=1
TRUNC_TOTAL_NODES=1036
TRUNC_FIRED=11
TRUNC_FIRE_RATE=1.06%
TRUNC_OPTCOUNT_HIST=1-8:720|9-16:119|17-32:120|33-64:66|65-128:11|129-256:0|257+:0
TRUNC_FIRE_RATE_BY_TURN=1-2:0.00%(0/173)|3-5:0.00%(0/129)|6+:1.50%(11/734)
TRUNC_DROPPED_BY_TYPE=ABILITY:11,ATTACH:95,RETREAT:11
TRUNC_DROPPED_CRITICAL=0
TRUNC_DROPPED_CRITICAL_STATUS=PASS
MULTISELECT_FIXED_LEN=min=0,max=2:nodes=13,shorter_legal=13,shorter_generated=0,shorter_missed=13|min=0,max=3:nodes=6,shorter_legal=6,shorter_generated=0,shorter_missed=6|min=0,max=4:nodes=4,shorter_legal=4,shorter_generated=0,shorter_missed=4|min=0,max=5:nodes=5,shorter_legal=5,shorter_generated=0,shorter_missed=5|min=2,max=2:nodes=4,shorter_legal=0,shorter_generated=0,shorter_missed=0|min=3,max=3:nodes=3,shorter_legal=0,shorter_generated=0,shorter_missed=0
MULTISELECT_SHORTER_MISSED=28
MULTISELECT_CTX_HIST=ATTACH_TO:20,DISCARD:3,SETUP_BENCH_POKEMON:1,TO_BENCH:7,TO_HAND:4
GAME_LENGTH_HIST=1-15:0|16-25:0|26-40:1|41-60:0|61+:0
WIN_BY_CAUSE=PRIZE:W=1,L=1,D=0
TURN_NODE_DIST=1-2:16.70%(173/1036)|3-5:12.45%(129/1036)|6+:70.85%(734/1036)
SEARCH_MAX_DEPTH=5
SEARCH_MEAN_DEPTH=2.0720
PRIZE_REWARD_REACHED=8.00%(14/175)
STALL_DRAW_PASS_TURNS=6
STALL_SHUFFLE_WITH_RESOURCES=7
MISSED_ATTACH=16
SHAPING_BREAKDOWN=BOARD_DECK_DIFF:0.009276|DAMAGE_PRESSURE:0.009324|DISRUPTION:0.000145|ENERGY_DENIAL:0.000869|ITEM_LOCK_PENALTY:-0.003340|KO_BONUS:0.002317|PARALYSIS:0.000000|PRIZE_DIFF:0.001617|SLEEP:0.000000
=== DIAG_DUMP_END ===
[MULTISELECT] ctx=SETUP_BENCH_POKEMON min=0 max=2 generated_lens=[2] shorter_legal_exists=True shorter_missed=True
[MULTISELECT] ctx=TO_BENCH min=0 max=2 generated_lens=[2] shorter_legal_exists=True shorter_missed=True
[MULTISELECT] ctx=TO_BENCH min=0 max=2 generated_lens=[2] shorter_legal_exists=True shorter_missed=True
[MULTISELECT] ctx=DISCARD min=3 max=3 generated_lens=[3] shorter_legal_exists=False shorter_missed=False
[MULTISELECT] ctx=DISCARD min=3 max=3 generated_lens=[3] shorter_legal_exists=False shorter_missed=False
[MULTISELECT] ctx=DISCARD min=3 max=3 generated_lens=[3] shorter_legal_exists=False shorter_missed=False
[TRUNC] turn=25 ctx=MAIN opts=74 kept=64 dropped_types={ABILITY:1,ATTACH:9}
[TRUNC] turn=27 ctx=MAIN opts=86 kept=64 dropped_types={ABILITY:1,ATTACH:21}
[TRUNC] turn=27 ctx=MAIN opts=86 kept=64 dropped_types={ABILITY:1,ATTACH:21}
[TRUNC] turn=27 ctx=MAIN opts=86 kept=64 dropped_types={ABILITY:1,ATTACH:21}
[TRUNC] turn=29 ctx=MAIN opts=98 kept=64 dropped_types={ABILITY:1,ATTACH:33}
[MULTISELECT] ctx=ATTACH_TO min=0 max=4 generated_lens=[4] shorter_legal_exists=True shorter_missed=True
[MULTISELECT] ctx=ATTACH_TO min=0 max=4 generated_lens=[4] shorter_legal_exists=True shorter_missed=True
[TRUNC] turn=31 ctx=MAIN opts=98 kept=64 dropped_types={ABILITY:1,ATTACH:33}
[TRUNC] turn=31 ctx=MAIN opts=98 kept=64 dropped_types={ABILITY:1,ATTACH:33}
[TRUNC] turn=31 ctx=MAIN opts=98 kept=64 dropped_types={ABILITY:1,ATTACH:33}
[TRUNC] turn=31 ctx=MAIN opts=98 kept=64 dropped_types={ABILITY:1,ATTACH:33}
[TRUNC] turn=31 ctx=MAIN opts=98 kept=64 dropped_types={ABILITY:1,ATTACH:33}
[TRUNC] turn=31 ctx=MAIN opts=98 kept=64 dropped_types={ABILITY:1,ATTACH:33}
[MULTISELECT] ctx=TO_BENCH min=0 max=2 generated_lens=[2] shorter_legal_exists=True shorter_missed=True
[TRUNC] turn=31 ctx=MAIN opts=98 kept=64 dropped_types={ABILITY:1,ATTACH:33}
[TRUNC] turn=31 ctx=MAIN opts=98 kept=64 dropped_types={ABILITY:1,ATTACH:33}
[MULTISELECT] ctx=TO_BENCH min=0 max=2 generated_lens=[2] shorter_legal_exists=True shorter_missed=True
[TRUNC] turn=31 ctx=MAIN opts=98 kept=64 dropped_types={ABILITY:1,ATTACH:33}
[MULTISELECT] ctx=TO_BENCH min=0 max=2 generated_lens=[2] shorter_legal_exists=True shorter_missed=True
[MULTISELECT] ctx=TO_BENCH min=0 max=2 generated_lens=[2] shorter_legal_exists=True shorter_missed=True
[TRUNC] turn=31 ctx=MAIN opts=98 kept=64 dropped_types={ABILITY:1,ATTACH:33}
[TRUNC] turn=31 ctx=MAIN opts=98 kept=64 dropped_types={ABILITY:1,ATTACH:33}
[MULTISELECT] ctx=TO_BENCH min=0 max=2 generated_lens=[2] shorter_legal_exists=True shorter_missed=True
[TRUNC] turn=31 ctx=MAIN opts=98 kept=64 dropped_types={ABILITY:1,ATTACH:33}
[MULTISELECT] ctx=TO_BENCH min=0 max=2 generated_lens=[2] shorter_legal_exists=True shorter_missed=True
[TRUNC] turn=31 ctx=MAIN opts=98 kept=64 dropped_types={ABILITY:1,ATTACH:33}
[MULTISELECT] ctx=DISCARD min=3 max=3 generated_lens=[3] shorter_legal_exists=False shorter_missed=False
[MULTISELECT] ctx=TO_BENCH min=0 max=2 generated_lens=[2] shorter_legal_exists=True shorter_missed=True
[TRUNC] turn=31 ctx=MAIN opts=98 kept=64 dropped_types={ABILITY:1,ATTACH:33}
[TRUNC] turn=31 ctx=MAIN opts=98 kept=64 dropped_types={ABILITY:1,ATTACH:33}
[TRUNC] turn=31 ctx=MAIN opts=98 kept=64 dropped_types={ABILITY:1,ATTACH:33}
[MULTISELECT] ctx=DISCARD min=3 max=3 generated_lens=[3] shorter_legal_exists=False shorter_missed=False
[MULTISELECT] ctx=DISCARD min=3 max=3 generated_lens=[3] shorter_legal_exists=False shorter_missed=False
[TRUNC] turn=31 ctx=MAIN opts=98 kept=64 dropped_types={ABILITY:1,ATTACH:33}
[TRUNC] turn=31 ctx=MAIN opts=98 kept=64 dropped_types={ABILITY:1,ATTACH:33}
[TRUNC] turn=31 ctx=MAIN opts=98 kept=64 dropped_types={ABILITY:1,ATTACH:33}
[TRUNC] turn=31 ctx=MAIN opts=98 kept=64 dropped_types={ABILITY:1,ATTACH:33}
[TRUNC] turn=31 ctx=MAIN opts=98 kept=64 dropped_types={ABILITY:1,ATTACH:33}
[TRUNC] turn=31 ctx=MAIN opts=98 kept=64 dropped_types={ABILITY:1,ATTACH:33}
[TRUNC] turn=31 ctx=MAIN opts=98 kept=64 dropped_types={ABILITY:1,ATTACH:33}
[TRUNC] turn=31 ctx=MAIN opts=98 kept=64 dropped_types={ABILITY:1,ATTACH:33}
[TRUNC] turn=31 ctx=MAIN opts=98 kept=64 dropped_types={ABILITY:1,ATTACH:33}
[TRUNC] turn=33 ctx=MAIN opts=98 kept=64 dropped_types={ABILITY:1,ATTACH:33}
[TRUNC] turn=33 ctx=MAIN opts=98 kept=64 dropped_types={ABILITY:1,ATTACH:33}
[TRUNC] turn=33 ctx=MAIN opts=98 kept=64 dropped_types={ABILITY:1,ATTACH:33}
[TRUNC] turn=33 ctx=MAIN opts=100 kept=64 dropped_types={ABILITY:1,ATTACH:34,RETREAT:1}
[TRUNC] turn=33 ctx=MAIN opts=100 kept=64 dropped_types={ABILITY:1,ATTACH:34,RETREAT:1}
[TRUNC] turn=33 ctx=MAIN opts=100 kept=64 dropped_types={ABILITY:1,ATTACH:34,RETREAT:1}
[TRUNC] turn=33 ctx=MAIN opts=100 kept=64 dropped_types={ABILITY:1,ATTACH:34,RETREAT:1}
[TRUNC] turn=33 ctx=MAIN opts=100 kept=64 dropped_types={ABILITY:1,ATTACH:34,RETREAT:1}
[TRUNC] turn=33 ctx=MAIN opts=100 kept=64 dropped_types={ABILITY:1,ATTACH:34,RETREAT:1}
[TRUNC] turn=33 ctx=MAIN opts=100 kept=64 dropped_types={ABILITY:1,ATTACH:34,RETREAT:1}
[TRUNC] turn=33 ctx=MAIN opts=100 kept=64 dropped_types={ABILITY:1,ATTACH:34,RETREAT:1}
[TRUNC] turn=33 ctx=MAIN opts=100 kept=64 dropped_types={ABILITY:1,ATTACH:34,RETREAT:1}
[TRUNC] turn=33 ctx=MAIN opts=100 kept=64 dropped_types={ABILITY:1,ATTACH:34,RETREAT:1}
[TRUNC] turn=33 ctx=MAIN opts=100 kept=64 dropped_types={ABILITY:1,ATTACH:34,RETREAT:1}
[MULTISELECT] ctx=TO_BENCH min=0 max=2 generated_lens=[2] shorter_legal_exists=True shorter_missed=True
[MULTISELECT] ctx=ATTACH_TO min=0 max=4 generated_lens=[4] shorter_legal_exists=True shorter_missed=True
[MULTISELECT] ctx=ATTACH_TO min=0 max=4 generated_lens=[4] shorter_legal_exists=True shorter_missed=True
[MULTISELECT] ctx=ATTACH_TO min=0 max=4 generated_lens=[4] shorter_legal_exists=True shorter_missed=True
[MULTISELECT] ctx=ATTACH_TO min=0 max=5 generated_lens=[5] shorter_legal_exists=True shorter_missed=True
[MULTISELECT] ctx=ATTACH_TO min=0 max=5 generated_lens=[5] shorter_legal_exists=True shorter_missed=True
[MULTISELECT] ctx=ATTACH_TO min=0 max=5 generated_lens=[5] shorter_legal_exists=True shorter_missed=True
[TRUNC] turn=35 ctx=MAIN opts=100 kept=64 dropped_types={ABILITY:1,ATTACH:33,PLAY:1,RETREAT:1}
[TRUNC] turn=35 ctx=MAIN opts=100 kept=64 dropped_types={ABILITY:1,ATTACH:33,PLAY:1,RETREAT:1}
[TRUNC] turn=35 ctx=MAIN opts=118 kept=64 dropped_types={ABILITY:1,ATTACH:52,RETREAT:1}
[TRUNC] turn=35 ctx=MAIN opts=100 kept=64 dropped_types={ABILITY:1,ATTACH:33,PLAY:1,RETREAT:1}
[TRUNC] turn=35 ctx=MAIN opts=118 kept=64 dropped_types={ABILITY:1,ATTACH:52,RETREAT:1}
[TRUNC] turn=35 ctx=MAIN opts=100 kept=64 dropped_types={ABILITY:1,ATTACH:33,PLAY:1,RETREAT:1}
[TRUNC] turn=35 ctx=MAIN opts=118 kept=64 dropped_types={ABILITY:1,ATTACH:52,RETREAT:1}
[TRUNC] turn=35 ctx=MAIN opts=100 kept=64 dropped_types={ABILITY:1,ATTACH:33,PLAY:1,RETREAT:1}
[TRUNC] turn=35 ctx=MAIN opts=100 kept=64 dropped_types={ABILITY:1,ATTACH:33,PLAY:1,RETREAT:1}
[TRUNC] turn=35 ctx=MAIN opts=100 kept=64 dropped_types={ABILITY:1,ATTACH:33,PLAY:1,RETREAT:1}
[TRUNC] turn=35 ctx=MAIN opts=100 kept=64 dropped_types={ABILITY:1,ATTACH:33,PLAY:1,RETREAT:1}
[TRUNC] turn=35 ctx=MAIN opts=100 kept=64 dropped_types={ABILITY:1,ATTACH:33,PLAY:1,RETREAT:1}
[TRUNC] turn=35 ctx=MAIN opts=100 kept=64 dropped_types={ABILITY:1,ATTACH:33,PLAY:1,RETREAT:1}
[MULTISELECT] ctx=TO_HAND min=2 max=2 generated_lens=[2] shorter_legal_exists=False shorter_missed=False
[MULTISELECT] ctx=TO_HAND min=2 max=2 generated_lens=[2] shorter_legal_exists=False shorter_missed=False
[MULTISELECT] ctx=TO_HAND min=2 max=2 generated_lens=[2] shorter_legal_exists=False shorter_missed=False
[MULTISELECT] ctx=TO_HAND min=2 max=2 generated_lens=[2] shorter_legal_exists=False shorter_missed=False
[MULTISELECT] ctx=TO_HAND min=2 max=2 generated_lens=[2] shorter_legal_exists=False shorter_missed=False
[MULTISELECT] ctx=TO_HAND min=2 max=2 generated_lens=[2] shorter_legal_exists=False shorter_missed=False
[MULTISELECT] ctx=SKILL_ORDER min=2 max=2 generated_lens=[2] shorter_legal_exists=False shorter_missed=False
[MULTISELECT] ctx=SKILL_ORDER min=2 max=2 generated_lens=[2] shorter_legal_exists=False shorter_missed=False
[MULTISELECT] ctx=SKILL_ORDER min=2 max=2 generated_lens=[2] shorter_legal_exists=False shorter_missed=False
[MULTISELECT] ctx=SKILL_ORDER min=2 max=2 generated_lens=[2] shorter_legal_exists=False shorter_missed=False
[MULTISELECT] ctx=SKILL_ORDER min=2 max=2 generated_lens=[2] shorter_legal_exists=False shorter_missed=False
[MULTISELECT] ctx=SKILL_ORDER min=2 max=2 generated_lens=[2] shorter_legal_exists=False shorter_missed=False
[MULTISELECT] ctx=SKILL_ORDER min=2 max=2 generated_lens=[2] shorter_legal_exists=False shorter_missed=False
[MULTISELECT] ctx=SKILL_ORDER min=2 max=2 generated_lens=[2] shorter_legal_exists=False shorter_missed=False
[MULTISELECT] ctx=SKILL_ORDER min=2 max=2 generated_lens=[2] shorter_legal_exists=False shorter_missed=False
[MULTISELECT] ctx=SKILL_ORDER min=2 max=2 generated_lens=[2] shorter_legal_exists=False shorter_missed=False
[MULTISELECT] ctx=SKILL_ORDER min=2 max=2 generated_lens=[2] shorter_legal_exists=False shorter_missed=False
[MULTISELECT] ctx=SKILL_ORDER min=2 max=2 generated_lens=[2] shorter_legal_exists=False shorter_missed=False
[MULTISELECT] ctx=SKILL_ORDER min=2 max=2 generated_lens=[2] shorter_legal_exists=False shorter_missed=False
[MULTISELECT] ctx=TO_BENCH min=0 max=2 generated_lens=[2] shorter_legal_exists=True shorter_missed=True
[MULTISELECT] ctx=SKILL_ORDER min=2 max=2 generated_lens=[2] shorter_legal_exists=False shorter_missed=False
[MULTISELECT] ctx=SKILL_ORDER min=2 max=2 generated_lens=[2] shorter_legal_exists=False shorter_missed=False
[MULTISELECT] ctx=SKILL_ORDER min=2 max=2 generated_lens=[2] shorter_legal_exists=False shorter_missed=False
[MULTISELECT] ctx=SKILL_ORDER min=2 max=2 generated_lens=[2] shorter_legal_exists=False shorter_missed=False
[MULTISELECT] ctx=SKILL_ORDER min=2 max=2 generated_lens=[2] shorter_legal_exists=False shorter_missed=False
[MULTISELECT] ctx=SKILL_ORDER min=2 max=2 generated_lens=[2] shorter_legal_exists=False shorter_missed=False
[MULTISELECT] ctx=SKILL_ORDER min=2 max=2 generated_lens=[2] shorter_legal_exists=False shorter_missed=False
[MULTISELECT] ctx=SKILL_ORDER min=2 max=2 generated_lens=[2] shorter_legal_exists=False shorter_missed=False
[MULTISELECT] ctx=SKILL_ORDER min=2 max=2 generated_lens=[2] shorter_legal_exists=False shorter_missed=False
[MULTISELECT] ctx=SKILL_ORDER min=2 max=2 generated_lens=[2] shorter_legal_exists=False shorter_missed=False
[MULTISELECT] ctx=ATTACH_TO min=0 max=4 generated_lens=[4] shorter_legal_exists=True shorter_missed=True
[MULTISELECT] ctx=SKILL_ORDER min=2 max=2 generated_lens=[2] shorter_legal_exists=False shorter_missed=False
[MULTISELECT] ctx=ATTACH_TO min=0 max=4 generated_lens=[4] shorter_legal_exists=True shorter_missed=True
[MULTISELECT] ctx=ATTACH_TO min=0 max=5 generated_lens=[5] shorter_legal_exists=True shorter_missed=True
[MULTISELECT] ctx=ATTACH_TO min=0 max=4 generated_lens=[4] shorter_legal_exists=True shorter_missed=True
[MULTISELECT] ctx=SKILL_ORDER min=2 max=2 generated_lens=[2] shorter_legal_exists=False shorter_missed=False
[MULTISELECT] ctx=SKILL_ORDER min=2 max=2 generated_lens=[2] shorter_legal_exists=False shorter_missed=False
[MULTISELECT] ctx=SKILL_ORDER min=2 max=2 generated_lens=[2] shorter_legal_exists=False shorter_missed=False
[MULTISELECT] ctx=SKILL_ORDER min=2 max=2 generated_lens=[2] shorter_legal_exists=False shorter_missed=False
[MULTISELECT] ctx=SKILL_ORDER min=2 max=2 generated_lens=[2] shorter_legal_exists=False shorter_missed=False
[MULTISELECT] ctx=SKILL_ORDER min=2 max=2 generated_lens=[2] shorter_legal_exists=False shorter_missed=False
[MULTISELECT] ctx=SKILL_ORDER min=2 max=2 generated_lens=[2] shorter_legal_exists=False shorter_missed=False
[MULTISELECT] ctx=SKILL_ORDER min=2 max=2 generated_lens=[2] shorter_legal_exists=False shorter_missed=False
[MULTISELECT] ctx=SKILL_ORDER min=2 max=2 generated_lens=[2] shorter_legal_exists=False shorter_missed=False
[MULTISELECT] ctx=SKILL_ORDER min=2 max=2 generated_lens=[2] shorter_legal_exists=False shorter_missed=False
[MULTISELECT] ctx=SKILL_ORDER min=2 max=2 generated_lens=[2] shorter_legal_exists=False shorter_missed=False
[MULTISELECT] ctx=SKILL_ORDER min=2 max=2 generated_lens=[2] shorter_legal_exists=False shorter_missed=False
[MULTISELECT] ctx=SKILL_ORDER min=2 max=2 generated_lens=[2] shorter_legal_exists=False shorter_missed=False
[MULTISELECT] ctx=SKILL_ORDER min=2 max=2 generated_lens=[2] shorter_legal_exists=False shorter_missed=False
[MULTISELECT] ctx=SKILL_ORDER min=2 max=2 generated_lens=[2] shorter_legal_exists=False shorter_missed=False
[MULTISELECT] ctx=ATTACH_TO min=0 max=2 generated_lens=[2] shorter_legal_exists=True shorter_missed=True
[MULTISELECT] ctx=ATTACH_TO min=0 max=4 generated_lens=[4] shorter_legal_exists=True shorter_missed=True
[MULTISELECT] ctx=ATTACH_TO min=0 max=3 generated_lens=[3] shorter_legal_exists=True shorter_missed=True
[MULTISELECT] ctx=TO_BENCH min=0 max=2 generated_lens=[2] shorter_legal_exists=True shorter_missed=True
[MULTISELECT] ctx=TO_BENCH min=0 max=2 generated_lens=[2] shorter_legal_exists=True shorter_missed=True
[MULTISELECT] ctx=SKILL_ORDER min=2 max=2 generated_lens=[2] shorter_legal_exists=False shorter_missed=False
[MULTISELECT] ctx=TO_BENCH min=0 max=2 generated_lens=[2] shorter_legal_exists=True shorter_missed=True
[MULTISELECT] ctx=SKILL_ORDER min=2 max=2 generated_lens=[2] shorter_legal_exists=False shorter_missed=False
[MULTISELECT] ctx=TO_BENCH min=0 max=2 generated_lens=[2] shorter_legal_exists=True shorter_missed=True
[MULTISELECT] ctx=SKILL_ORDER min=2 max=2 generated_lens=[2] shorter_legal_exists=False shorter_missed=False
[MULTISELECT] ctx=SKILL_ORDER min=2 max=2 generated_lens=[2] shorter_legal_exists=False shorter_missed=False
[MULTISELECT] ctx=SKILL_ORDER min=2 max=2 generated_lens=[2] shorter_legal_exists=False shorter_missed=False
[MULTISELECT] ctx=SKILL_ORDER min=2 max=2 generated_lens=[2] shorter_legal_exists=False shorter_missed=False
[MULTISELECT] ctx=SKILL_ORDER min=2 max=2 generated_lens=[2] shorter_legal_exists=False shorter_missed=False
[MULTISELECT] ctx=SKILL_ORDER min=2 max=2 generated_lens=[2] shorter_legal_exists=False shorter_missed=False
[MULTISELECT] ctx=SKILL_ORDER min=2 max=2 generated_lens=[2] shorter_legal_exists=False shorter_missed=False
[MULTISELECT] ctx=SKILL_ORDER min=2 max=2 generated_lens=[2] shorter_legal_exists=False shorter_missed=False
[MULTISELECT] ctx=SKILL_ORDER min=2 max=2 generated_lens=[2] shorter_legal_exists=False shorter_missed=False
[MULTISELECT] ctx=SKILL_ORDER min=2 max=2 generated_lens=[2] shorter_legal_exists=False shorter_missed=False
[MULTISELECT] ctx=SKILL_ORDER min=2 max=2 generated_lens=[2] shorter_legal_exists=False shorter_missed=False
[MULTISELECT] ctx=SKILL_ORDER min=2 max=2 generated_lens=[2] shorter_legal_exists=False shorter_missed=False
[MULTISELECT] ctx=SKILL_ORDER min=2 max=2 generated_lens=[2] shorter_legal_exists=False shorter_missed=False
[MULTISELECT] ctx=SKILL_ORDER min=2 max=2 generated_lens=[2] shorter_legal_exists=False shorter_missed=False
[MULTISELECT] ctx=SKILL_ORDER min=2 max=2 generated_lens=[2] shorter_legal_exists=False shorter_missed=False
[MULTISELECT] ctx=TO_HAND min=2 max=2 generated_lens=[2] shorter_legal_exists=False shorter_missed=False
[MULTISELECT] ctx=SKILL_ORDER min=2 max=2 generated_lens=[2] shorter_legal_exists=False shorter_missed=False
[MULTISELECT] ctx=SKILL_ORDER min=2 max=2 generated_lens=[2] shorter_legal_exists=False shorter_missed=False
[MULTISELECT] ctx=TO_HAND min=2 max=2 generated_lens=[2] shorter_legal_exists=False shorter_missed=False
[MULTISELECT] ctx=TO_HAND min=2 max=2 generated_lens=[2] shorter_legal_exists=False shorter_missed=False
[MULTISELECT] ctx=SKILL_ORDER min=2 max=2 generated_lens=[2] shorter_legal_exists=False shorter_missed=False
[MULTISELECT] ctx=SKILL_ORDER min=2 max=2 generated_lens=[2] shorter_legal_exists=False shorter_missed=False
[MULTISELECT] ctx=TO_HAND min=2 max=2 generated_lens=[2] shorter_legal_exists=False shorter_missed=False
[MULTISELECT] ctx=TO_HAND min=2 max=2 generated_lens=[2] shorter_legal_exists=False shorter_missed=False
[MULTISELECT] ctx=SKILL_ORDER min=2 max=2 generated_lens=[2] shorter_legal_exists=False shorter_missed=False
[MULTISELECT] ctx=TO_HAND min=2 max=2 generated_lens=[2] shorter_legal_exists=False shorter_missed=False
[MULTISELECT] ctx=TO_HAND min=2 max=2 generated_lens=[2] shorter_legal_exists=False shorter_missed=False
[MULTISELECT] ctx=SKILL_ORDER min=2 max=2 generated_lens=[2] shorter_legal_exists=False shorter_missed=False
[MULTISELECT] ctx=SKILL_ORDER min=2 max=2 generated_lens=[2] shorter_legal_exists=False shorter_missed=False
[MULTISELECT] ctx=SKILL_ORDER min=2 max=2 generated_lens=[2] shorter_legal_exists=False shorter_missed=False
[MULTISELECT] ctx=SKILL_ORDER min=2 max=2 generated_lens=[2] shorter_legal_exists=False shorter_missed=False
[MULTISELECT] ctx=SKILL_ORDER min=2 max=2 generated_lens=[2] shorter_legal_exists=False shorter_missed=False
[MULTISELECT] ctx=SKILL_ORDER min=2 max=2 generated_lens=[2] shorter_legal_exists=False shorter_missed=False
[MULTISELECT] ctx=SKILL_ORDER min=2 max=2 generated_lens=[2] shorter_legal_exists=False shorter_missed=False
[MULTISELECT] ctx=SKILL_ORDER min=2 max=2 generated_lens=[2] shorter_legal_exists=False shorter_missed=False
[MULTISELECT] ctx=SKILL_ORDER min=2 max=2 generated_lens=[2] shorter_legal_exists=False shorter_missed=False
=== DIAG_DUMP_BEGIN ===
DIAG_GAMES=1
TRUNC_TOTAL_NODES=1162
TRUNC_FIRED=57
TRUNC_FIRE_RATE=4.91%
TRUNC_OPTCOUNT_HIST=1-8:681|9-16:269|17-32:97|33-64:58|65-128:57|129-256:0|257+:0
TRUNC_FIRE_RATE_BY_TURN=1-2:0.00%(0/43)|3-5:0.00%(0/15)|6+:5.16%(57/1104)
TRUNC_DROPPED_BY_TYPE=ABILITY:57,ATTACH:1889,PLAY:10,RETREAT:24
TRUNC_DROPPED_CRITICAL=0
TRUNC_DROPPED_CRITICAL_STATUS=PASS
MULTISELECT_FIXED_LEN=min=0,max=2:nodes=17,shorter_legal=17,shorter_generated=0,shorter_missed=17|min=0,max=3:nodes=1,shorter_legal=1,shorter_generated=0,shorter_missed=1|min=0,max=4:nodes=9,shorter_legal=9,shorter_generated=0,shorter_missed=9|min=0,max=5:nodes=4,shorter_legal=4,shorter_generated=0,shorter_missed=4|min=2,max=2:nodes=83,shorter_legal=0,shorter_generated=0,shorter_missed=0|min=3,max=3:nodes=6,shorter_legal=0,shorter_generated=0,shorter_missed=0
MULTISELECT_SHORTER_MISSED=31
MULTISELECT_CTX_HIST=ATTACH_TO:15,DISCARD:6,SETUP_BENCH_POKEMON:1,SKILL_ORDER:70,TO_BENCH:15,TO_HAND:13
GAME_LENGTH_HIST=1-15:0|16-25:0|26-40:0|41-60:1|61+:0
WIN_BY_CAUSE=PRIZE:W=1,L=1,D=0
TURN_NODE_DIST=1-2:3.70%(43/1162)|3-5:1.29%(15/1162)|6+:95.01%(1104/1162)
SEARCH_MAX_DEPTH=5
SEARCH_MEAN_DEPTH=2.0273
PRIZE_REWARD_REACHED=6.06%(12/198)
STALL_DRAW_PASS_TURNS=26
STALL_SHUFFLE_WITH_RESOURCES=7
MISSED_ATTACH=31
SHAPING_BREAKDOWN=BOARD_DECK_DIFF:-0.004372|DAMAGE_PRESSURE:0.012151|DISRUPTION:0.000129|ENERGY_DENIAL:0.002108|ITEM_LOCK_PENALTY:-0.003941|KO_BONUS:0.003270|PARALYSIS:0.000000|PRIZE_DIFF:0.000237|SLEEP:0.000000
=== DIAG_DUMP_END ===
[MULTISELECT] ctx=DISCARD min=3 max=3 generated_lens=[3] shorter_legal_exists=False shorter_missed=False
[MULTISELECT] ctx=TO_BENCH min=0 max=2 generated_lens=[2] shorter_legal_exists=True shorter_missed=True
[MULTISELECT] ctx=TO_BENCH min=0 max=2 generated_lens=[2] shorter_legal_exists=True shorter_missed=True
[MULTISELECT] ctx=TO_BENCH min=0 max=2 generated_lens=[2] shorter_legal_exists=True shorter_missed=True
[MULTISELECT] ctx=TO_BENCH min=0 max=2 generated_lens=[2] shorter_legal_exists=True shorter_missed=True
[MULTISELECT] ctx=TO_BENCH min=0 max=2 generated_lens=[2] shorter_legal_exists=True shorter_missed=True
[MULTISELECT] ctx=TO_BENCH min=0 max=2 generated_lens=[2] shorter_legal_exists=True shorter_missed=True
[TRUNC] turn=36 ctx=MAIN opts=75 kept=64 dropped_types={ATTACH:10,RETREAT:1}
[TRUNC] turn=36 ctx=MAIN opts=75 kept=64 dropped_types={ATTACH:10,RETREAT:1}
[TRUNC] turn=38 ctx=MAIN opts=81 kept=64 dropped_types={ATTACH:16,RETREAT:1}
[TRUNC] turn=40 ctx=MAIN opts=87 kept=64 dropped_types={ATTACH:22,RETREAT:1}
[TRUNC] turn=42 ctx=MAIN opts=93 kept=64 dropped_types={ATTACH:28,RETREAT:1}
[TRUNC] turn=44 ctx=MAIN opts=99 kept=64 dropped_types={ATTACH:34,RETREAT:1}
[TRUNC] turn=46 ctx=MAIN opts=105 kept=64 dropped_types={ATTACH:40,RETREAT:1}
[TRUNC] turn=46 ctx=MAIN opts=106 kept=64 dropped_types={ABILITY:1,ATTACH:40,RETREAT:1}
[TRUNC] turn=46 ctx=MAIN opts=106 kept=64 dropped_types={ABILITY:1,ATTACH:40,RETREAT:1}
[MULTISELECT] ctx=TO_BENCH min=0 max=2 generated_lens=[2] shorter_legal_exists=True shorter_missed=True
[MULTISELECT] ctx=TO_BENCH min=0 max=2 generated_lens=[2] shorter_legal_exists=True shorter_missed=True
[TRUNC] turn=46 ctx=MAIN opts=106 kept=64 dropped_types={ABILITY:1,ATTACH:40,RETREAT:1}
[MULTISELECT] ctx=DISCARD min=3 max=3 generated_lens=[3] shorter_legal_exists=False shorter_missed=False
[TRUNC] turn=46 ctx=MAIN opts=106 kept=64 dropped_types={ABILITY:1,ATTACH:40,RETREAT:1}
[MULTISELECT] ctx=DISCARD min=3 max=3 generated_lens=[3] shorter_legal_exists=False shorter_missed=False
[TRUNC] turn=46 ctx=MAIN opts=106 kept=64 dropped_types={ABILITY:1,ATTACH:40,RETREAT:1}
[MULTISELECT] ctx=DISCARD min=3 max=3 generated_lens=[3] shorter_legal_exists=False shorter_missed=False
[TRUNC] turn=46 ctx=MAIN opts=104 kept=64 dropped_types={ABILITY:1,ATTACH:39}
[TRUNC] turn=46 ctx=MAIN opts=105 kept=64 dropped_types={ABILITY:1,ATTACH:39,RETREAT:1}
[TRUNC] turn=46 ctx=MAIN opts=105 kept=64 dropped_types={ABILITY:1,ATTACH:39,RETREAT:1}
[TRUNC] turn=48 ctx=MAIN opts=112 kept=64 dropped_types={ABILITY:1,ATTACH:46,RETREAT:1}
[TRUNC] turn=48 ctx=MAIN opts=112 kept=64 dropped_types={ABILITY:1,ATTACH:46,RETREAT:1}
[TRUNC] turn=48 ctx=MAIN opts=112 kept=64 dropped_types={ABILITY:1,ATTACH:46,RETREAT:1}
[TRUNC] turn=48 ctx=MAIN opts=112 kept=64 dropped_types={ABILITY:1,ATTACH:46,RETREAT:1}
[TRUNC] turn=48 ctx=MAIN opts=112 kept=64 dropped_types={ABILITY:1,ATTACH:46,RETREAT:1}
[TRUNC] turn=48 ctx=MAIN opts=112 kept=64 dropped_types={ABILITY:1,ATTACH:46,RETREAT:1}
[TRUNC] turn=50 ctx=MAIN opts=118 kept=64 dropped_types={ABILITY:1,ATTACH:52,RETREAT:1}
[TRUNC] turn=50 ctx=MAIN opts=118 kept=64 dropped_types={ABILITY:1,ATTACH:52,RETREAT:1}
[TRUNC] turn=50 ctx=MAIN opts=118 kept=64 dropped_types={ABILITY:1,ATTACH:52,RETREAT:1}
[TRUNC] turn=50 ctx=MAIN opts=118 kept=64 dropped_types={ABILITY:1,ATTACH:52,RETREAT:1}
[TRUNC] turn=50 ctx=MAIN opts=118 kept=64 dropped_types={ABILITY:1,ATTACH:52,RETREAT:1}
[TRUNC] turn=50 ctx=MAIN opts=118 kept=64 dropped_types={ABILITY:1,ATTACH:52,RETREAT:1}
[TRUNC] turn=51 ctx=MAIN opts=74 kept=64 dropped_types={ABILITY:1,ATTACH:9}
[TRUNC] turn=51 ctx=MAIN opts=74 kept=64 dropped_types={ABILITY:1,ATTACH:9}
[TRUNC] turn=52 ctx=MAIN opts=124 kept=64 dropped_types={ABILITY:1,ATTACH:58,RETREAT:1}
[TRUNC] turn=52 ctx=MAIN opts=124 kept=64 dropped_types={ABILITY:1,ATTACH:58,RETREAT:1}
[TRUNC] turn=52 ctx=MAIN opts=124 kept=64 dropped_types={ABILITY:1,ATTACH:58,RETREAT:1}
[TRUNC] turn=52 ctx=MAIN opts=124 kept=64 dropped_types={ABILITY:1,ATTACH:58,RETREAT:1}
[TRUNC] turn=52 ctx=MAIN opts=124 kept=64 dropped_types={ABILITY:1,ATTACH:58,RETREAT:1}
[TRUNC] turn=52 ctx=MAIN opts=124 kept=64 dropped_types={ABILITY:1,ATTACH:58,RETREAT:1}
[TRUNC] turn=52 ctx=MAIN opts=124 kept=64 dropped_types={ABILITY:1,ATTACH:58,RETREAT:1}
[TRUNC] turn=52 ctx=MAIN opts=124 kept=64 dropped_types={ABILITY:1,ATTACH:58,RETREAT:1}
[TRUNC] turn=52 ctx=MAIN opts=124 kept=64 dropped_types={ABILITY:1,ATTACH:58,RETREAT:1}
[TRUNC] turn=52 ctx=MAIN opts=124 kept=64 dropped_types={ABILITY:1,ATTACH:58,RETREAT:1}
[TRUNC] turn=52 ctx=MAIN opts=124 kept=64 dropped_types={ABILITY:1,ATTACH:58,RETREAT:1}
[TRUNC] turn=53 ctx=MAIN opts=81 kept=64 dropped_types={ABILITY:1,ATTACH:15,RETREAT:1}
[TRUNC] turn=53 ctx=MAIN opts=82 kept=64 dropped_types={ABILITY:2,ATTACH:15,RETREAT:1}
[TRUNC] turn=54 ctx=MAIN opts=130 kept=64 dropped_types={ABILITY:1,ATTACH:64,RETREAT:1}
[TRUNC] turn=54 ctx=MAIN opts=130 kept=64 dropped_types={ABILITY:1,ATTACH:64,RETREAT:1}
[TRUNC] turn=54 ctx=MAIN opts=130 kept=64 dropped_types={ABILITY:1,ATTACH:64,RETREAT:1}
[TRUNC] turn=56 ctx=MAIN opts=130 kept=64 dropped_types={ABILITY:1,ATTACH:64,RETREAT:1}
[TRUNC] turn=54 ctx=MAIN opts=130 kept=64 dropped_types={ABILITY:1,ATTACH:64,RETREAT:1}
[TRUNC] turn=56 ctx=MAIN opts=130 kept=64 dropped_types={ABILITY:1,ATTACH:64,RETREAT:1}
[TRUNC] turn=55 ctx=MAIN opts=94 kept=64 dropped_types={ABILITY:2,ATTACH:27,RETREAT:1}
[TRUNC] turn=55 ctx=MAIN opts=94 kept=64 dropped_types={ABILITY:2,ATTACH:27,RETREAT:1}
[TRUNC] turn=56 ctx=MAIN opts=136 kept=64 dropped_types={ABILITY:1,ATTACH:70,RETREAT:1}
[TRUNC] turn=58 ctx=MAIN opts=136 kept=64 dropped_types={ABILITY:1,ATTACH:70,RETREAT:1}
[TRUNC] turn=57 ctx=MAIN opts=100 kept=64 dropped_types={ABILITY:2,ATTACH:33,RETREAT:1}
[TRUNC] turn=57 ctx=MAIN opts=100 kept=64 dropped_types={ABILITY:2,ATTACH:33,RETREAT:1}
[TRUNC] turn=57 ctx=MAIN opts=100 kept=64 dropped_types={ABILITY:2,ATTACH:33,RETREAT:1}
[TRUNC] turn=57 ctx=MAIN opts=100 kept=64 dropped_types={ABILITY:2,ATTACH:33,RETREAT:1}
[TRUNC] turn=57 ctx=MAIN opts=100 kept=64 dropped_types={ABILITY:2,ATTACH:33,RETREAT:1}
[TRUNC] turn=57 ctx=MAIN opts=100 kept=64 dropped_types={ABILITY:2,ATTACH:33,RETREAT:1}
[TRUNC] turn=57 ctx=MAIN opts=100 kept=64 dropped_types={ABILITY:2,ATTACH:33,RETREAT:1}
[TRUNC] turn=57 ctx=MAIN opts=100 kept=64 dropped_types={ABILITY:2,ATTACH:33,RETREAT:1}
[TRUNC] turn=57 ctx=MAIN opts=100 kept=64 dropped_types={ABILITY:2,ATTACH:33,RETREAT:1}
[TRUNC] turn=57 ctx=MAIN opts=100 kept=64 dropped_types={ABILITY:2,ATTACH:33,RETREAT:1}
[TRUNC] turn=57 ctx=MAIN opts=100 kept=64 dropped_types={ABILITY:2,ATTACH:33,RETREAT:1}
[TRUNC] turn=57 ctx=MAIN opts=100 kept=64 dropped_types={ABILITY:2,ATTACH:33,RETREAT:1}
[TRUNC] turn=57 ctx=MAIN opts=100 kept=64 dropped_types={ABILITY:2,ATTACH:33,RETREAT:1}
[TRUNC] turn=57 ctx=MAIN opts=100 kept=64 dropped_types={ABILITY:2,ATTACH:33,RETREAT:1}
[TRUNC] turn=57 ctx=MAIN opts=100 kept=64 dropped_types={ABILITY:2,ATTACH:33,RETREAT:1}
[TRUNC] turn=57 ctx=MAIN opts=100 kept=64 dropped_types={ABILITY:2,ATTACH:33,RETREAT:1}
[TRUNC] turn=57 ctx=MAIN opts=100 kept=64 dropped_types={ABILITY:2,ATTACH:33,RETREAT:1}
[TRUNC] turn=57 ctx=MAIN opts=100 kept=64 dropped_types={ABILITY:2,ATTACH:33,RETREAT:1}
[TRUNC] turn=57 ctx=MAIN opts=100 kept=64 dropped_types={ABILITY:2,ATTACH:33,RETREAT:1}
[MULTISELECT] ctx=ATTACH_TO min=0 max=4 generated_lens=[4] shorter_legal_exists=True shorter_missed=True
[MULTISELECT] ctx=ATTACH_TO min=0 max=4 generated_lens=[4] shorter_legal_exists=True shorter_missed=True
[TRUNC] turn=57 ctx=MAIN opts=100 kept=64 dropped_types={ABILITY:2,ATTACH:33,RETREAT:1}
[TRUNC] turn=57 ctx=MAIN opts=100 kept=64 dropped_types={ABILITY:2,ATTACH:33,RETREAT:1}
[TRUNC] turn=57 ctx=MAIN opts=100 kept=64 dropped_types={ABILITY:2,ATTACH:33,RETREAT:1}
[TRUNC] turn=57 ctx=MAIN opts=100 kept=64 dropped_types={ABILITY:2,ATTACH:33,RETREAT:1}
[TRUNC] turn=57 ctx=MAIN opts=100 kept=64 dropped_types={ABILITY:2,ATTACH:33,RETREAT:1}
[TRUNC] turn=57 ctx=MAIN opts=100 kept=64 dropped_types={ABILITY:2,ATTACH:33,RETREAT:1}
[TRUNC] turn=57 ctx=MAIN opts=100 kept=64 dropped_types={ABILITY:2,ATTACH:33,RETREAT:1}
[TRUNC] turn=57 ctx=MAIN opts=100 kept=64 dropped_types={ABILITY:2,ATTACH:33,RETREAT:1}
[MULTISELECT] ctx=DISCARD min=3 max=3 generated_lens=[3] shorter_legal_exists=False shorter_missed=False
[MULTISELECT] ctx=DISCARD min=3 max=3 generated_lens=[3] shorter_legal_exists=False shorter_missed=False
[TRUNC] turn=57 ctx=MAIN opts=100 kept=64 dropped_types={ABILITY:2,ATTACH:33,RETREAT:1}
[TRUNC] turn=57 ctx=MAIN opts=100 kept=64 dropped_types={ABILITY:2,ATTACH:33,RETREAT:1}
[TRUNC] turn=57 ctx=MAIN opts=100 kept=64 dropped_types={ABILITY:2,ATTACH:33,RETREAT:1}
[TRUNC] turn=57 ctx=MAIN opts=100 kept=64 dropped_types={ABILITY:2,ATTACH:33,RETREAT:1}
[TRUNC] turn=57 ctx=MAIN opts=100 kept=64 dropped_types={ABILITY:2,ATTACH:33,RETREAT:1}
[TRUNC] turn=57 ctx=MAIN opts=100 kept=64 dropped_types={ABILITY:2,ATTACH:33,RETREAT:1}
[TRUNC] turn=57 ctx=MAIN opts=100 kept=64 dropped_types={ABILITY:2,ATTACH:33,RETREAT:1}
[TRUNC] turn=57 ctx=MAIN opts=100 kept=64 dropped_types={ABILITY:2,ATTACH:33,RETREAT:1}
[TRUNC] turn=57 ctx=MAIN opts=100 kept=64 dropped_types={ABILITY:2,ATTACH:33,RETREAT:1}
[TRUNC] turn=57 ctx=MAIN opts=100 kept=64 dropped_types={ABILITY:2,ATTACH:33,RETREAT:1}
[TRUNC] turn=57 ctx=MAIN opts=100 kept=64 dropped_types={ABILITY:2,ATTACH:33,RETREAT:1}
[TRUNC] turn=57 ctx=MAIN opts=100 kept=64 dropped_types={ABILITY:2,ATTACH:33,RETREAT:1}
[TRUNC] turn=57 ctx=MAIN opts=100 kept=64 dropped_types={ABILITY:2,ATTACH:33,RETREAT:1}
[TRUNC] turn=57 ctx=MAIN opts=100 kept=64 dropped_types={ABILITY:2,ATTACH:33,RETREAT:1}
[TRUNC] turn=57 ctx=MAIN opts=100 kept=64 dropped_types={ABILITY:2,ATTACH:33,RETREAT:1}
[TRUNC] turn=57 ctx=MAIN opts=100 kept=64 dropped_types={ABILITY:2,ATTACH:33,RETREAT:1}
[TRUNC] turn=71 ctx=MAIN opts=70 kept=64 dropped_types={ABILITY:2,ATTACH:3,RETREAT:1}
[TRUNC] turn=71 ctx=MAIN opts=70 kept=64 dropped_types={ABILITY:2,ATTACH:3,RETREAT:1}
[TRUNC] turn=72 ctx=MAIN opts=70 kept=64 dropped_types={ABILITY:1,ATTACH:4,RETREAT:1}
[TRUNC] turn=74 ctx=MAIN opts=70 kept=64 dropped_types={ABILITY:1,ATTACH:4,RETREAT:1}
[TRUNC] turn=74 ctx=MAIN opts=70 kept=64 dropped_types={ABILITY:1,ATTACH:4,RETREAT:1}
[TRUNC] turn=73 ctx=MAIN opts=76 kept=64 dropped_types={ABILITY:2,ATTACH:9,RETREAT:1}
[TRUNC] turn=73 ctx=MAIN opts=76 kept=64 dropped_types={ABILITY:2,ATTACH:9,RETREAT:1}
[TRUNC] turn=74 ctx=MAIN opts=76 kept=64 dropped_types={ABILITY:1,ATTACH:10,RETREAT:1}
[TRUNC] turn=76 ctx=MAIN opts=76 kept=64 dropped_types={ABILITY:1,ATTACH:10,RETREAT:1}
[TRUNC] turn=75 ctx=MAIN opts=82 kept=64 dropped_types={ABILITY:2,ATTACH:15,RETREAT:1}
[TRUNC] turn=76 ctx=MAIN opts=82 kept=64 dropped_types={ABILITY:1,ATTACH:16,RETREAT:1}
[TRUNC] turn=78 ctx=MAIN opts=82 kept=64 dropped_types={ABILITY:1,ATTACH:16,RETREAT:1}
[TRUNC] turn=77 ctx=MAIN opts=88 kept=64 dropped_types={ABILITY:2,ATTACH:21,RETREAT:1}
[TRUNC] turn=78 ctx=MAIN opts=86 kept=64 dropped_types={ABILITY:1,ATTACH:21}
[TRUNC] turn=78 ctx=MAIN opts=86 kept=64 dropped_types={ABILITY:1,ATTACH:21}
[TRUNC] turn=78 ctx=MAIN opts=86 kept=64 dropped_types={ABILITY:1,ATTACH:21}
[TRUNC] turn=79 ctx=MAIN opts=88 kept=64 dropped_types={ABILITY:2,ATTACH:21,RETREAT:1}
[TRUNC] turn=80 ctx=MAIN opts=92 kept=64 dropped_types={ABILITY:1,ATTACH:27}
[TRUNC] turn=82 ctx=MAIN opts=92 kept=64 dropped_types={ABILITY:1,ATTACH:27}
[TRUNC] turn=81 ctx=MAIN opts=94 kept=64 dropped_types={ABILITY:2,ATTACH:27,RETREAT:1}
[TRUNC] turn=81 ctx=MAIN opts=94 kept=64 dropped_types={ABILITY:2,ATTACH:27,RETREAT:1}
[TRUNC] turn=81 ctx=MAIN opts=94 kept=64 dropped_types={ABILITY:2,ATTACH:27,RETREAT:1}
[TRUNC] turn=82 ctx=MAIN opts=94 kept=64 dropped_types={ABILITY:2,ATTACH:27,RETREAT:1}
[TRUNC] turn=84 ctx=MAIN opts=94 kept=64 dropped_types={ABILITY:2,ATTACH:27,RETREAT:1}
[TRUNC] turn=83 ctx=MAIN opts=100 kept=64 dropped_types={ABILITY:2,ATTACH:33,RETREAT:1}
[TRUNC] turn=84 ctx=MAIN opts=100 kept=64 dropped_types={ABILITY:2,ATTACH:33,RETREAT:1}
[TRUNC] turn=85 ctx=MAIN opts=106 kept=64 dropped_types={ABILITY:2,ATTACH:39,RETREAT:1}
[TRUNC] turn=86 ctx=MAIN opts=106 kept=64 dropped_types={ABILITY:2,ATTACH:39,RETREAT:1}
[TRUNC] turn=88 ctx=MAIN opts=106 kept=64 dropped_types={ABILITY:2,ATTACH:39,RETREAT:1}
[TRUNC] turn=87 ctx=MAIN opts=112 kept=64 dropped_types={ABILITY:2,ATTACH:45,RETREAT:1}
[TRUNC] turn=87 ctx=MAIN opts=112 kept=64 dropped_types={ABILITY:2,ATTACH:45,RETREAT:1}
[TRUNC] turn=87 ctx=MAIN opts=112 kept=64 dropped_types={ABILITY:2,ATTACH:45,RETREAT:1}
[TRUNC] turn=88 ctx=MAIN opts=100 kept=64 dropped_types={ABILITY:2,ATTACH:33,RETREAT:1}
[TRUNC] turn=90 ctx=MAIN opts=100 kept=64 dropped_types={ABILITY:2,ATTACH:33,RETREAT:1}
[TRUNC] turn=89 ctx=MAIN opts=118 kept=64 dropped_types={ABILITY:2,ATTACH:51,RETREAT:1}
[TRUNC] turn=89 ctx=MAIN opts=118 kept=64 dropped_types={ABILITY:2,ATTACH:51,RETREAT:1}
[TRUNC] turn=90 ctx=MAIN opts=100 kept=64 dropped_types={ABILITY:2,ATTACH:33,RETREAT:1}
[TRUNC] turn=92 ctx=MAIN opts=100 kept=64 dropped_types={ABILITY:2,ATTACH:33,RETREAT:1}
[TRUNC] turn=91 ctx=MAIN opts=124 kept=64 dropped_types={ABILITY:2,ATTACH:57,RETREAT:1}
[TRUNC] turn=92 ctx=MAIN opts=106 kept=64 dropped_types={ABILITY:2,ATTACH:39,RETREAT:1}
[TRUNC] turn=94 ctx=MAIN opts=106 kept=64 dropped_types={ABILITY:2,ATTACH:39,RETREAT:1}
[TRUNC] turn=93 ctx=MAIN opts=130 kept=64 dropped_types={ABILITY:2,ATTACH:63,RETREAT:1}
[TRUNC] turn=94 ctx=MAIN opts=112 kept=64 dropped_types={ABILITY:2,ATTACH:45,RETREAT:1}
[TRUNC] turn=96 ctx=MAIN opts=112 kept=64 dropped_types={ABILITY:2,ATTACH:45,RETREAT:1}
[TRUNC] turn=95 ctx=MAIN opts=136 kept=64 dropped_types={ABILITY:2,ATTACH:69,RETREAT:1}
[TRUNC] turn=96 ctx=MAIN opts=118 kept=64 dropped_types={ABILITY:2,ATTACH:51,RETREAT:1}
[TRUNC] turn=98 ctx=MAIN opts=117 kept=64 dropped_types={ABILITY:1,ATTACH:51,RETREAT:1}
[TRUNC] turn=97 ctx=MAIN opts=142 kept=64 dropped_types={ABILITY:2,ATTACH:75,RETREAT:1}
[TRUNC] turn=98 ctx=MAIN opts=123 kept=64 dropped_types={ABILITY:1,ATTACH:57,RETREAT:1}
[TRUNC] turn=99 ctx=MAIN opts=148 kept=64 dropped_types={ABILITY:2,ATTACH:81,RETREAT:1}
[TRUNC] turn=99 ctx=MAIN opts=148 kept=64 dropped_types={ABILITY:2,ATTACH:81,RETREAT:1}
[TRUNC] turn=99 ctx=MAIN opts=149 kept=64 dropped_types={ABILITY:2,ATTACH:82,RETREAT:1}
[TRUNC] turn=99 ctx=MAIN opts=149 kept=64 dropped_types={ABILITY:2,ATTACH:82,RETREAT:1}
[TRUNC] turn=99 ctx=MAIN opts=149 kept=64 dropped_types={ABILITY:2,ATTACH:82,RETREAT:1}
[TRUNC] turn=99 ctx=MAIN opts=149 kept=64 dropped_types={ABILITY:2,ATTACH:82,RETREAT:1}
=== DIAG_DUMP_BEGIN ===
DIAG_GAMES=1
TRUNC_TOTAL_NODES=1242
TRUNC_FIRED=150
TRUNC_FIRE_RATE=12.08%
TRUNC_OPTCOUNT_HIST=1-8:521|9-16:247|17-32:211|33-64:113|65-128:133|129-256:17|257+:0
TRUNC_FIRE_RATE_BY_TURN=1-2:0.00%(0/42)|3-5:0.00%(0/36)|6+:12.89%(150/1164)
TRUNC_DROPPED_BY_TYPE=ABILITY:230,ATTACH:5778,RETREAT:142
TRUNC_DROPPED_CRITICAL=0
TRUNC_DROPPED_CRITICAL_STATUS=PASS
MULTISELECT_FIXED_LEN=min=0,max=2:nodes=8,shorter_legal=8,shorter_generated=0,shorter_missed=8|min=0,max=4:nodes=2,shorter_legal=2,shorter_generated=0,shorter_missed=2|min=3,max=3:nodes=6,shorter_legal=0,shorter_generated=0,shorter_missed=0
MULTISELECT_SHORTER_MISSED=10
MULTISELECT_CTX_HIST=ATTACH_TO:2,DISCARD:6,TO_BENCH:8
GAME_LENGTH_HIST=1-15:0|16-25:0|26-40:0|41-60:0|61+:1
WIN_BY_CAUSE=DECK_OUT:W=1,L=1,D=0
TURN_NODE_DIST=1-2:3.38%(42/1242)|3-5:2.90%(36/1242)|6+:93.72%(1164/1242)
SEARCH_MAX_DEPTH=5
SEARCH_MEAN_DEPTH=1.7308
PRIZE_REWARD_REACHED=0.48%(1/208)
STALL_DRAW_PASS_TURNS=54
STALL_SHUFFLE_WITH_RESOURCES=7
MISSED_ATTACH=82
SHAPING_BREAKDOWN=BOARD_DECK_DIFF:0.005886|DAMAGE_PRESSURE:0.000797|DISRUPTION:0.000145|ENERGY_DENIAL:0.000081|ITEM_LOCK_PENALTY:-0.016731|KO_BONUS:0.000161|PARALYSIS:0.000000|PRIZE_DIFF:0.002476|SLEEP:0.000000
=== DIAG_DUMP_END ===
[MULTISELECT] ctx=SETUP_BENCH_POKEMON min=0 max=2 generated_lens=[2] shorter_legal_exists=True shorter_missed=True
[MULTISELECT] ctx=SETUP_BENCH_POKEMON min=0 max=2 generated_lens=[2] shorter_legal_exists=True shorter_missed=True
[MULTISELECT] ctx=DISCARD min=2 max=2 generated_lens=[2] shorter_legal_exists=False shorter_missed=False
[MULTISELECT] ctx=DISCARD min=2 max=2 generated_lens=[2] shorter_legal_exists=False shorter_missed=False
[MULTISELECT] ctx=DISCARD min=2 max=2 generated_lens=[2] shorter_legal_exists=False shorter_missed=False
[MULTISELECT] ctx=DISCARD min=2 max=2 generated_lens=[2] shorter_legal_exists=False shorter_missed=False
[MULTISELECT] ctx=DISCARD min=2 max=2 generated_lens=[2] shorter_legal_exists=False shorter_missed=False
[MULTISELECT] ctx=DISCARD min=2 max=2 generated_lens=[2] shorter_legal_exists=False shorter_missed=False
[MULTISELECT] ctx=DISCARD min=2 max=2 generated_lens=[2] shorter_legal_exists=False shorter_missed=False
[TRUNC] turn=51 ctx=MAIN opts=66 kept=64 dropped_types={ATTACH:1,PLAY:1}
[TRUNC] turn=53 ctx=MAIN opts=70 kept=64 dropped_types={ATTACH:5,PLAY:1}
[TRUNC] turn=55 ctx=MAIN opts=70 kept=64 dropped_types={ATTACH:5,PLAY:1}
[TRUNC] turn=57 ctx=MAIN opts=74 kept=64 dropped_types={ATTACH:9,PLAY:1}
[MULTISELECT] ctx=DISCARD min=2 max=2 generated_lens=[2] shorter_legal_exists=False shorter_missed=False
[TRUNC] turn=89 ctx=MAIN opts=66 kept=64 dropped_types={ATTACH:1,PLAY:1}
[TRUNC] turn=91 ctx=MAIN opts=70 kept=64 dropped_types={ATTACH:5,PLAY:1}
[TRUNC] turn=93 ctx=MAIN opts=74 kept=64 dropped_types={ATTACH:9,PLAY:1}
[TRUNC] turn=93 ctx=MAIN opts=74 kept=64 dropped_types={ATTACH:9,PLAY:1}
[TRUNC] turn=93 ctx=MAIN opts=74 kept=64 dropped_types={ATTACH:9,PLAY:1}
[MULTISELECT] ctx=DISCARD min=2 max=2 generated_lens=[2] shorter_legal_exists=False shorter_missed=False
[TRUNC] turn=95 ctx=MAIN opts=78 kept=64 dropped_types={ATTACH:13,PLAY:1}
[TRUNC] turn=95 ctx=MAIN opts=78 kept=64 dropped_types={ATTACH:13,PLAY:1}
[MULTISELECT] ctx=DISCARD min=2 max=2 generated_lens=[2] shorter_legal_exists=False shorter_missed=False
[TRUNC] turn=95 ctx=MAIN opts=78 kept=64 dropped_types={ATTACH:13,PLAY:1}
[MULTISELECT] ctx=DISCARD min=2 max=2 generated_lens=[2] shorter_legal_exists=False shorter_missed=False
[TRUNC] turn=97 ctx=MAIN opts=82 kept=64 dropped_types={ATTACH:17,PLAY:1}
[MULTISELECT] ctx=DISCARD min=2 max=2 generated_lens=[2] shorter_legal_exists=False shorter_missed=False
[TRUNC] turn=99 ctx=MAIN opts=86 kept=64 dropped_types={ATTACH:21,PLAY:1}
[MULTISELECT] ctx=DISCARD min=2 max=2 generated_lens=[2] shorter_legal_exists=False shorter_missed=False
[TRUNC] turn=99 ctx=MAIN opts=86 kept=64 dropped_types={ATTACH:21,PLAY:1}
[MULTISELECT] ctx=DISCARD min=2 max=2 generated_lens=[2] shorter_legal_exists=False shorter_missed=False
[TRUNC] turn=101 ctx=MAIN opts=87 kept=64 dropped_types={ATTACH:21,PLAY:2}
[TRUNC] turn=101 ctx=MAIN opts=90 kept=64 dropped_types={ATTACH:25,PLAY:1}
[TRUNC] turn=103 ctx=MAIN opts=91 kept=64 dropped_types={ATTACH:25,PLAY:2}
[TRUNC] turn=103 ctx=MAIN opts=94 kept=64 dropped_types={ATTACH:29,PLAY:1}
[MULTISELECT] ctx=DISCARD min=2 max=2 generated_lens=[2] shorter_legal_exists=False shorter_missed=False
[TRUNC] turn=105 ctx=MAIN opts=95 kept=64 dropped_types={ATTACH:29,PLAY:2}
[TRUNC] turn=105 ctx=MAIN opts=98 kept=64 dropped_types={ATTACH:33,PLAY:1}
[MULTISELECT] ctx=DISCARD min=2 max=2 generated_lens=[2] shorter_legal_exists=False shorter_missed=False
[TRUNC] turn=107 ctx=MAIN opts=99 kept=64 dropped_types={ATTACH:33,PLAY:2}
[TRUNC] turn=107 ctx=MAIN opts=102 kept=64 dropped_types={ATTACH:37,PLAY:1}
[MULTISELECT] ctx=DISCARD min=2 max=2 generated_lens=[2] shorter_legal_exists=False shorter_missed=False
[MULTISELECT] ctx=DISCARD min=2 max=2 generated_lens=[2] shorter_legal_exists=False shorter_missed=False
[TRUNC] turn=109 ctx=MAIN opts=106 kept=64 dropped_types={ATTACH:41,PLAY:1}
[MULTISELECT] ctx=DISCARD min=2 max=2 generated_lens=[2] shorter_legal_exists=False shorter_missed=False
[MULTISELECT] ctx=DISCARD min=2 max=2 generated_lens=[2] shorter_legal_exists=False shorter_missed=False
[TRUNC] turn=111 ctx=MAIN opts=110 kept=64 dropped_types={ATTACH:45,PLAY:1}
[TRUNC] turn=135 ctx=MAIN opts=66 kept=64 dropped_types={ATTACH:1,PLAY:1}
[TRUNC] turn=137 ctx=MAIN opts=67 kept=64 dropped_types={ATTACH:1,PLAY:2}
[TRUNC] turn=137 ctx=MAIN opts=70 kept=64 dropped_types={ATTACH:5,PLAY:1}
[TRUNC] turn=139 ctx=MAIN opts=71 kept=64 dropped_types={ATTACH:5,PLAY:2}
[TRUNC] turn=139 ctx=MAIN opts=74 kept=64 dropped_types={ATTACH:9,PLAY:1}
[TRUNC] turn=141 ctx=MAIN opts=75 kept=64 dropped_types={ATTACH:9,PLAY:2}
[TRUNC] turn=141 ctx=MAIN opts=78 kept=64 dropped_types={ATTACH:13,PLAY:1}
[TRUNC] turn=143 ctx=MAIN opts=79 kept=64 dropped_types={ATTACH:13,PLAY:2}
[TRUNC] turn=143 ctx=MAIN opts=82 kept=64 dropped_types={ATTACH:17,PLAY:1}
[TRUNC] turn=145 ctx=MAIN opts=83 kept=64 dropped_types={ATTACH:17,PLAY:2}
[TRUNC] turn=145 ctx=MAIN opts=86 kept=64 dropped_types={ATTACH:21,PLAY:1}
[TRUNC] turn=147 ctx=MAIN opts=87 kept=64 dropped_types={ATTACH:21,PLAY:2}
[TRUNC] turn=146 ctx=MAIN opts=65 kept=64 dropped_types={PLAY:1}
[TRUNC] turn=146 ctx=MAIN opts=65 kept=64 dropped_types={PLAY:1}
[TRUNC] turn=146 ctx=MAIN opts=65 kept=64 dropped_types={PLAY:1}
[TRUNC] turn=148 ctx=MAIN opts=66 kept=64 dropped_types={PLAY:2}
[TRUNC] turn=150 ctx=MAIN opts=67 kept=64 dropped_types={PLAY:3}
[TRUNC] turn=148 ctx=MAIN opts=68 kept=64 dropped_types={ATTACH:3,PLAY:1}
[TRUNC] turn=150 ctx=MAIN opts=69 kept=64 dropped_types={ATTACH:3,PLAY:2}
[TRUNC] turn=152 ctx=MAIN opts=70 kept=64 dropped_types={ATTACH:3,PLAY:3}
[TRUNC] turn=150 ctx=MAIN opts=71 kept=64 dropped_types={ATTACH:6,PLAY:1}
[TRUNC] turn=152 ctx=MAIN opts=72 kept=64 dropped_types={ATTACH:6,PLAY:2}
[TRUNC] turn=154 ctx=MAIN opts=73 kept=64 dropped_types={ATTACH:6,PLAY:3}
[TRUNC] turn=152 ctx=MAIN opts=74 kept=64 dropped_types={ATTACH:9,PLAY:1}
[TRUNC] turn=154 ctx=MAIN opts=75 kept=64 dropped_types={ATTACH:9,PLAY:2}
[TRUNC] turn=156 ctx=MAIN opts=76 kept=64 dropped_types={ATTACH:9,PLAY:3}
[TRUNC] turn=154 ctx=MAIN opts=77 kept=64 dropped_types={ATTACH:12,PLAY:1}
[TRUNC] turn=156 ctx=MAIN opts=78 kept=64 dropped_types={ATTACH:12,PLAY:2}
[TRUNC] turn=158 ctx=MAIN opts=79 kept=64 dropped_types={ATTACH:12,PLAY:3}
[TRUNC] turn=156 ctx=MAIN opts=80 kept=64 dropped_types={ATTACH:15,PLAY:1}
[TRUNC] turn=158 ctx=MAIN opts=81 kept=64 dropped_types={ATTACH:15,PLAY:2}
[TRUNC] turn=158 ctx=MAIN opts=83 kept=64 dropped_types={ATTACH:18,PLAY:1}
[TRUNC] turn=160 ctx=MAIN opts=84 kept=64 dropped_types={ATTACH:18,PLAY:2}
[TRUNC] turn=160 ctx=MAIN opts=86 kept=64 dropped_types={ATTACH:21,PLAY:1}
[TRUNC] turn=162 ctx=MAIN opts=87 kept=64 dropped_types={ATTACH:21,PLAY:2}
[TRUNC] turn=164 ctx=MAIN opts=88 kept=64 dropped_types={ATTACH:21,PLAY:3}
[TRUNC] turn=162 ctx=MAIN opts=89 kept=64 dropped_types={ATTACH:24,PLAY:1}
[TRUNC] turn=164 ctx=MAIN opts=90 kept=64 dropped_types={ATTACH:24,PLAY:2}
[TRUNC] turn=166 ctx=MAIN opts=91 kept=64 dropped_types={ATTACH:24,PLAY:3}
[TRUNC] turn=163 ctx=MAIN opts=66 kept=64 dropped_types={ATTACH:1,PLAY:1}
[TRUNC] turn=165 ctx=MAIN opts=67 kept=64 dropped_types={ATTACH:1,PLAY:2}
[TRUNC] turn=164 ctx=MAIN opts=92 kept=64 dropped_types={ATTACH:27,PLAY:1}
[TRUNC] turn=166 ctx=MAIN opts=93 kept=64 dropped_types={ATTACH:27,PLAY:2}
[TRUNC] turn=168 ctx=MAIN opts=94 kept=64 dropped_types={ATTACH:27,PLAY:3}
[TRUNC] turn=165 ctx=MAIN opts=70 kept=64 dropped_types={ATTACH:5,PLAY:1}
[TRUNC] turn=167 ctx=MAIN opts=71 kept=64 dropped_types={ATTACH:5,PLAY:2}
[TRUNC] turn=166 ctx=MAIN opts=95 kept=64 dropped_types={ATTACH:30,PLAY:1}
[TRUNC] turn=168 ctx=MAIN opts=96 kept=64 dropped_types={ATTACH:30,PLAY:2}
[TRUNC] turn=170 ctx=MAIN opts=97 kept=64 dropped_types={ATTACH:30,PLAY:3}
[TRUNC] turn=167 ctx=MAIN opts=74 kept=64 dropped_types={ATTACH:9,PLAY:1}
[TRUNC] turn=169 ctx=MAIN opts=75 kept=64 dropped_types={ATTACH:9,PLAY:2}
[TRUNC] turn=168 ctx=MAIN opts=98 kept=64 dropped_types={ATTACH:33,PLAY:1}
[TRUNC] turn=170 ctx=MAIN opts=99 kept=64 dropped_types={ATTACH:33,PLAY:2}
[TRUNC] turn=169 ctx=MAIN opts=78 kept=64 dropped_types={ATTACH:13,PLAY:1}
[TRUNC] turn=171 ctx=MAIN opts=79 kept=64 dropped_types={ATTACH:13,PLAY:2}
[TRUNC] turn=168 ctx=MAIN opts=65 kept=64 dropped_types={PLAY:1}
[TRUNC] turn=170 ctx=MAIN opts=101 kept=64 dropped_types={ATTACH:36,PLAY:1}
[TRUNC] turn=172 ctx=MAIN opts=102 kept=64 dropped_types={ATTACH:36,PLAY:2}
[TRUNC] turn=174 ctx=MAIN opts=103 kept=64 dropped_types={ATTACH:36,PLAY:3}
[TRUNC] turn=171 ctx=MAIN opts=82 kept=64 dropped_types={ATTACH:17,PLAY:1}
[TRUNC] turn=170 ctx=MAIN opts=66 kept=64 dropped_types={PLAY:2}
[TRUNC] turn=173 ctx=MAIN opts=83 kept=64 dropped_types={ATTACH:17,PLAY:2}
[TRUNC] turn=172 ctx=MAIN opts=104 kept=64 dropped_types={ATTACH:39,PLAY:1}
[TRUNC] turn=174 ctx=MAIN opts=105 kept=64 dropped_types={ATTACH:39,PLAY:2}
[TRUNC] turn=176 ctx=MAIN opts=106 kept=64 dropped_types={ATTACH:39,PLAY:3}
[TRUNC] turn=173 ctx=MAIN opts=86 kept=64 dropped_types={ATTACH:21,PLAY:1}
[TRUNC] turn=172 ctx=MAIN opts=67 kept=64 dropped_types={PLAY:3}
[TRUNC] turn=175 ctx=MAIN opts=87 kept=64 dropped_types={ATTACH:21,PLAY:2}
[TRUNC] turn=174 ctx=MAIN opts=107 kept=64 dropped_types={ATTACH:42,PLAY:1}
[TRUNC] turn=176 ctx=MAIN opts=108 kept=64 dropped_types={ATTACH:42,PLAY:2}
[TRUNC] turn=175 ctx=MAIN opts=90 kept=64 dropped_types={ATTACH:25,PLAY:1}
[TRUNC] turn=174 ctx=MAIN opts=68 kept=64 dropped_types={EVOLVE:1,PLAY:3}
[TRUNC] turn=176 ctx=MAIN opts=110 kept=64 dropped_types={ATTACH:45,PLAY:1}
[TRUNC] turn=178 ctx=MAIN opts=111 kept=64 dropped_types={ATTACH:45,PLAY:2}
[TRUNC] turn=180 ctx=MAIN opts=112 kept=64 dropped_types={ATTACH:45,PLAY:3}
[TRUNC] turn=177 ctx=MAIN opts=94 kept=64 dropped_types={ATTACH:29,PLAY:1}
[TRUNC] turn=176 ctx=MAIN opts=69 kept=64 dropped_types={EVOLVE:1,PLAY:4}
[TRUNC] turn=178 ctx=MAIN opts=113 kept=64 dropped_types={ATTACH:48,PLAY:1}
[TRUNC] turn=180 ctx=MAIN opts=114 kept=64 dropped_types={ATTACH:48,PLAY:2}
[TRUNC] turn=182 ctx=MAIN opts=115 kept=64 dropped_types={ATTACH:48,PLAY:3}
[TRUNC] turn=179 ctx=MAIN opts=98 kept=64 dropped_types={ATTACH:33,PLAY:1}
[TRUNC] turn=178 ctx=MAIN opts=73 kept=64 dropped_types={ATTACH:4,EVOLVE:1,PLAY:4}
[TRUNC] turn=180 ctx=MAIN opts=116 kept=64 dropped_types={ATTACH:51,PLAY:1}
[TRUNC] turn=182 ctx=MAIN opts=117 kept=64 dropped_types={ATTACH:51,PLAY:2}
[TRUNC] turn=181 ctx=MAIN opts=102 kept=64 dropped_types={ATTACH:37,PLAY:1}
[TRUNC] turn=180 ctx=MAIN opts=74 kept=64 dropped_types={ATTACH:4,EVOLVE:1,PLAY:5}
[TRUNC] turn=180 ctx=MAIN opts=74 kept=64 dropped_types={ATTACH:5,EVOLVE:1,PLAY:4}
[TRUNC] turn=182 ctx=MAIN opts=119 kept=64 dropped_types={ATTACH:54,PLAY:1}
[TRUNC] turn=184 ctx=MAIN opts=120 kept=64 dropped_types={ATTACH:54,PLAY:2}
[TRUNC] turn=186 ctx=MAIN opts=121 kept=64 dropped_types={ATTACH:54,PLAY:3}
[TRUNC] turn=182 ctx=MAIN opts=65 kept=64 dropped_types={ATTACH:1}
[TRUNC] turn=183 ctx=MAIN opts=106 kept=64 dropped_types={ATTACH:41,PLAY:1}
[TRUNC] turn=184 ctx=MAIN opts=68 kept=64 dropped_types={ATTACH:4}
[TRUNC] turn=182 ctx=MAIN opts=78 kept=64 dropped_types={ATTACH:8,EVOLVE:1,PLAY:5}
[TRUNC] turn=182 ctx=MAIN opts=78 kept=64 dropped_types={ATTACH:9,EVOLVE:1,PLAY:4}
[TRUNC] turn=184 ctx=MAIN opts=122 kept=64 dropped_types={ATTACH:57,PLAY:1}
[TRUNC] turn=186 ctx=MAIN opts=123 kept=64 dropped_types={ATTACH:57,PLAY:2}
[TRUNC] turn=184 ctx=MAIN opts=66 kept=64 dropped_types={ATTACH:1,PLAY:1}
[TRUNC] turn=185 ctx=MAIN opts=110 kept=64 dropped_types={ATTACH:45,PLAY:1}
[TRUNC] turn=184 ctx=MAIN opts=79 kept=64 dropped_types={ATTACH:8,EVOLVE:1,PLAY:6}
[TRUNC] turn=186 ctx=MAIN opts=67 kept=64 dropped_types={ATTACH:1,PLAY:2}
[TRUNC] turn=184 ctx=MAIN opts=79 kept=64 dropped_types={ATTACH:9,EVOLVE:1,PLAY:5}
[TRUNC] turn=186 ctx=MAIN opts=125 kept=64 dropped_types={ATTACH:60,PLAY:1}
[TRUNC] turn=188 ctx=MAIN opts=126 kept=64 dropped_types={ATTACH:60,PLAY:2}
[TRUNC] turn=186 ctx=MAIN opts=67 kept=64 dropped_types={ATTACH:1,PLAY:2}
[TRUNC] turn=187 ctx=MAIN opts=114 kept=64 dropped_types={ATTACH:49,PLAY:1}
[TRUNC] turn=186 ctx=MAIN opts=80 kept=64 dropped_types={ATTACH:8,EVOLVE:1,PLAY:7}
[TRUNC] turn=186 ctx=MAIN opts=80 kept=64 dropped_types={ATTACH:9,EVOLVE:1,PLAY:6}
[TRUNC] turn=188 ctx=MAIN opts=128 kept=64 dropped_types={ATTACH:63,PLAY:1}
=== DIAG_DUMP_BEGIN ===
DIAG_GAMES=1
TRUNC_TOTAL_NODES=1410
TRUNC_FIRED=134
TRUNC_FIRE_RATE=9.50%
TRUNC_OPTCOUNT_HIST=1-8:290|9-16:313|17-32:406|33-64:267|65-128:134|129-256:0|257+:0
TRUNC_FIRE_RATE_BY_TURN=1-2:0.00%(0/34)|3-5:0.00%(0/40)|6+:10.03%(134/1336)
TRUNC_DROPPED_BY_TYPE=ATTACH:2741,EVOLVE:11,PLAY:244
TRUNC_DROPPED_CRITICAL=0
TRUNC_DROPPED_CRITICAL_STATUS=PASS
MULTISELECT_FIXED_LEN=min=0,max=2:nodes=2,shorter_legal=2,shorter_generated=0,shorter_missed=2|min=2,max=2:nodes=20,shorter_legal=0,shorter_generated=0,shorter_missed=0
MULTISELECT_SHORTER_MISSED=2
MULTISELECT_CTX_HIST=DISCARD:20,SETUP_BENCH_POKEMON:2
GAME_LENGTH_HIST=1-15:0|16-25:0|26-40:0|41-60:0|61+:1
WIN_BY_CAUSE=DECK_OUT:W=1,L=1,D=0
TURN_NODE_DIST=1-2:2.41%(34/1410)|3-5:2.84%(40/1410)|6+:94.75%(1336/1410)
SEARCH_MAX_DEPTH=5
SEARCH_MEAN_DEPTH=1.9932
PRIZE_REWARD_REACHED=0.00%(0/236)
STALL_DRAW_PASS_TURNS=173
STALL_SHUFFLE_WITH_RESOURCES=10
MISSED_ATTACH=183
SHAPING_BREAKDOWN=BOARD_DECK_DIFF:-0.003184|DAMAGE_PRESSURE:0.000000|DISRUPTION:0.000170|ENERGY_DENIAL:0.000000|ITEM_LOCK_PENALTY:0.000000|KO_BONUS:0.000000|PARALYSIS:0.000000|PRIZE_DIFF:0.000000|SLEEP:0.000000
=== DIAG_DUMP_END ===
[MULTISELECT] ctx=DISCARD min=2 max=2 generated_lens=[2] shorter_legal_exists=False shorter_missed=False
[MULTISELECT] ctx=DISCARD min=2 max=2 generated_lens=[2] shorter_legal_exists=False shorter_missed=False
[MULTISELECT] ctx=DISCARD min=2 max=2 generated_lens=[2] shorter_legal_exists=False shorter_missed=False
[MULTISELECT] ctx=DISCARD min=2 max=2 generated_lens=[2] shorter_legal_exists=False shorter_missed=False
[MULTISELECT] ctx=DISCARD min=2 max=2 generated_lens=[2] shorter_legal_exists=False shorter_missed=False
[MULTISELECT] ctx=DISCARD min=2 max=2 generated_lens=[2] shorter_legal_exists=False shorter_missed=False
[MULTISELECT] ctx=DISCARD min=2 max=2 generated_lens=[2] shorter_legal_exists=False shorter_missed=False
[TRUNC] turn=87 ctx=MAIN opts=82 kept=64 dropped_types={ATTACH:17,RETREAT:1}
[MULTISELECT] ctx=DISCARD min=2 max=2 generated_lens=[2] shorter_legal_exists=False shorter_missed=False
[MULTISELECT] ctx=DISCARD min=2 max=2 generated_lens=[2] shorter_legal_exists=False shorter_missed=False
[TRUNC] turn=89 ctx=MAIN opts=66 kept=64 dropped_types={PLAY:1,RETREAT:1}
[MULTISELECT] ctx=DISCARD min=2 max=2 generated_lens=[2] shorter_legal_exists=False shorter_missed=False
[TRUNC] turn=91 ctx=MAIN opts=69 kept=64 dropped_types={ATTACH:3,PLAY:1,RETREAT:1}
[MULTISELECT] ctx=DISCARD min=2 max=2 generated_lens=[2] shorter_legal_exists=False shorter_missed=False
[TRUNC] turn=93 ctx=MAIN opts=72 kept=64 dropped_types={ATTACH:6,PLAY:1,RETREAT:1}
[TRUNC] turn=95 ctx=MAIN opts=75 kept=64 dropped_types={ATTACH:9,PLAY:1,RETREAT:1}
[TRUNC] turn=97 ctx=MAIN opts=78 kept=64 dropped_types={ATTACH:12,PLAY:1,RETREAT:1}
[TRUNC] turn=99 ctx=MAIN opts=79 kept=64 dropped_types={ATTACH:12,PLAY:2,RETREAT:1}
[TRUNC] turn=99 ctx=MAIN opts=80 kept=64 dropped_types={ATTACH:15,PLAY:1}
[TRUNC] turn=99 ctx=MAIN opts=80 kept=64 dropped_types={ATTACH:15,PLAY:1}
[TRUNC] turn=99 ctx=MAIN opts=80 kept=64 dropped_types={ATTACH:15,PLAY:1}
[MULTISELECT] ctx=DISCARD min=2 max=2 generated_lens=[2] shorter_legal_exists=False shorter_missed=False
[MULTISELECT] ctx=DISCARD min=2 max=2 generated_lens=[2] shorter_legal_exists=False shorter_missed=False
[MULTISELECT] ctx=DISCARD min=2 max=2 generated_lens=[2] shorter_legal_exists=False shorter_missed=False
[MULTISELECT] ctx=DISCARD min=2 max=2 generated_lens=[2] shorter_legal_exists=False shorter_missed=False
[MULTISELECT] ctx=DISCARD min=2 max=2 generated_lens=[2] shorter_legal_exists=False shorter_missed=False
[MULTISELECT] ctx=DISCARD min=2 max=2 generated_lens=[2] shorter_legal_exists=False shorter_missed=False
[MULTISELECT] ctx=DISCARD min=2 max=2 generated_lens=[2] shorter_legal_exists=False shorter_missed=False
[MULTISELECT] ctx=DISCARD min=2 max=2 generated_lens=[2] shorter_legal_exists=False shorter_missed=False
[MULTISELECT] ctx=DISCARD min=2 max=2 generated_lens=[2] shorter_legal_exists=False shorter_missed=False
[MULTISELECT] ctx=DISCARD min=2 max=2 generated_lens=[2] shorter_legal_exists=False shorter_missed=False
[MULTISELECT] ctx=DISCARD min=2 max=2 generated_lens=[2] shorter_legal_exists=False shorter_missed=False
[MULTISELECT] ctx=DISCARD min=2 max=2 generated_lens=[2] shorter_legal_exists=False shorter_missed=False
[MULTISELECT] ctx=DISCARD min=2 max=2 generated_lens=[2] shorter_legal_exists=False shorter_missed=False
[MULTISELECT] ctx=DISCARD min=2 max=2 generated_lens=[2] shorter_legal_exists=False shorter_missed=False
[MULTISELECT] ctx=DISCARD min=2 max=2 generated_lens=[2] shorter_legal_exists=False shorter_missed=False
[MULTISELECT] ctx=DISCARD min=2 max=2 generated_lens=[2] shorter_legal_exists=False shorter_missed=False
[MULTISELECT] ctx=DISCARD min=2 max=2 generated_lens=[2] shorter_legal_exists=False shorter_missed=False
[MULTISELECT] ctx=DISCARD min=2 max=2 generated_lens=[2] shorter_legal_exists=False shorter_missed=False
[MULTISELECT] ctx=DISCARD min=2 max=2 generated_lens=[2] shorter_legal_exists=False shorter_missed=False
[TRUNC] turn=101 ctx=MAIN opts=85 kept=64 dropped_types={ATTACH:21}
[MULTISELECT] ctx=DISCARD min=2 max=2 generated_lens=[2] shorter_legal_exists=False shorter_missed=False
[MULTISELECT] ctx=DISCARD min=2 max=2 generated_lens=[2] shorter_legal_exists=False shorter_missed=False
[MULTISELECT] ctx=DISCARD min=2 max=2 generated_lens=[2] shorter_legal_exists=False shorter_missed=False
[TRUNC] turn=103 ctx=MAIN opts=79 kept=64 dropped_types={ATTACH:15}
[MULTISELECT] ctx=DISCARD min=2 max=2 generated_lens=[2] shorter_legal_exists=False shorter_missed=False
[MULTISELECT] ctx=DISCARD min=2 max=2 generated_lens=[2] shorter_legal_exists=False shorter_missed=False
[MULTISELECT] ctx=DISCARD min=2 max=2 generated_lens=[2] shorter_legal_exists=False shorter_missed=False
[TRUNC] turn=105 ctx=MAIN opts=67 kept=64 dropped_types={ATTACH:3}
[TRUNC] turn=107 ctx=MAIN opts=67 kept=64 dropped_types={ATTACH:3}
[TRUNC] turn=107 ctx=MAIN opts=67 kept=64 dropped_types={ATTACH:3}
[TRUNC] turn=109 ctx=MAIN opts=67 kept=64 dropped_types={ATTACH:3}
[TRUNC] turn=109 ctx=MAIN opts=67 kept=64 dropped_types={ATTACH:3}
[MULTISELECT] ctx=DISCARD min=2 max=2 generated_lens=[2] shorter_legal_exists=False shorter_missed=False
[MULTISELECT] ctx=DISCARD min=2 max=2 generated_lens=[2] shorter_legal_exists=False shorter_missed=False
[MULTISELECT] ctx=DISCARD min=2 max=2 generated_lens=[2] shorter_legal_exists=False shorter_missed=False
[MULTISELECT] ctx=DISCARD min=2 max=2 generated_lens=[2] shorter_legal_exists=False shorter_missed=False
[MULTISELECT] ctx=DISCARD min=2 max=2 generated_lens=[2] shorter_legal_exists=False shorter_missed=False
[MULTISELECT] ctx=DISCARD min=2 max=2 generated_lens=[2] shorter_legal_exists=False shorter_missed=False
[MULTISELECT] ctx=DISCARD min=2 max=2 generated_lens=[2] shorter_legal_exists=False shorter_missed=False
[MULTISELECT] ctx=DISCARD min=2 max=2 generated_lens=[2] shorter_legal_exists=False shorter_missed=False
[MULTISELECT] ctx=DISCARD min=2 max=2 generated_lens=[2] shorter_legal_exists=False shorter_missed=False
=== DIAG_DUMP_BEGIN ===
DIAG_GAMES=1
TRUNC_TOTAL_NODES=1097
TRUNC_FIRED=17
TRUNC_FIRE_RATE=1.55%
TRUNC_OPTCOUNT_HIST=1-8:316|9-16:215|17-32:363|33-64:186|65-128:17|129-256:0|257+:0
TRUNC_FIRE_RATE_BY_TURN=1-2:0.00%(0/31)|3-5:0.00%(0/20)|6+:1.63%(17/1046)
TRUNC_DROPPED_BY_TYPE=ATTACH:155,PLAY:10,RETREAT:7
TRUNC_DROPPED_CRITICAL=0
TRUNC_DROPPED_CRITICAL_STATUS=PASS
MULTISELECT_FIXED_LEN=min=2,max=2:nodes=45,shorter_legal=0,shorter_generated=0,shorter_missed=0
MULTISELECT_SHORTER_MISSED=0
MULTISELECT_CTX_HIST=DISCARD:45
GAME_LENGTH_HIST=1-15:0|16-25:0|26-40:0|41-60:0|61+:1
WIN_BY_CAUSE=DECK_OUT:W=1,L=1,D=0
TURN_NODE_DIST=1-2:2.83%(31/1097)|3-5:1.82%(20/1097)|6+:95.35%(1046/1097)
SEARCH_MAX_DEPTH=5
SEARCH_MEAN_DEPTH=1.8022
PRIZE_REWARD_REACHED=0.00%(0/184)
STALL_DRAW_PASS_TURNS=102
STALL_SHUFFLE_WITH_RESOURCES=5
MISSED_ATTACH=109
SHAPING_BREAKDOWN=BOARD_DECK_DIFF:0.028022|DAMAGE_PRESSURE:0.000000|DISRUPTION:0.000246|ENERGY_DENIAL:0.000000|ITEM_LOCK_PENALTY:0.000000|KO_BONUS:0.000000|PARALYSIS:0.000000|PRIZE_DIFF:-0.000137|SLEEP:0.000000
=== DIAG_DUMP_END ===
[MULTISELECT] ctx=DISCARD min=2 max=2 generated_lens=[2] shorter_legal_exists=False shorter_missed=False
[MULTISELECT] ctx=DISCARD min=2 max=2 generated_lens=[2] shorter_legal_exists=False shorter_missed=False
[MULTISELECT] ctx=DISCARD min=2 max=2 generated_lens=[2] shorter_legal_exists=False shorter_missed=False
[MULTISELECT] ctx=DISCARD min=2 max=2 generated_lens=[2] shorter_legal_exists=False shorter_missed=False
[MULTISELECT] ctx=DISCARD min=2 max=2 generated_lens=[2] shorter_legal_exists=False shorter_missed=False
[MULTISELECT] ctx=DISCARD min=2 max=2 generated_lens=[2] shorter_legal_exists=False shorter_missed=False
[MULTISELECT] ctx=DISCARD min=2 max=2 generated_lens=[2] shorter_legal_exists=False shorter_missed=False
[MULTISELECT] ctx=DISCARD min=2 max=2 generated_lens=[2] shorter_legal_exists=False shorter_missed=False
[MULTISELECT] ctx=DISCARD min=2 max=2 generated_lens=[2] shorter_legal_exists=False shorter_missed=False
[MULTISELECT] ctx=DISCARD min=2 max=2 generated_lens=[2] shorter_legal_exists=False shorter_missed=False
[MULTISELECT] ctx=DISCARD min=2 max=2 generated_lens=[2] shorter_legal_exists=False shorter_missed=False
[MULTISELECT] ctx=DISCARD min=2 max=2 generated_lens=[2] shorter_legal_exists=False shorter_missed=False
[MULTISELECT] ctx=DISCARD min=2 max=2 generated_lens=[2] shorter_legal_exists=False shorter_missed=False
[MULTISELECT] ctx=DISCARD min=2 max=2 generated_lens=[2] shorter_legal_exists=False shorter_missed=False
[MULTISELECT] ctx=DISCARD min=2 max=2 generated_lens=[2] shorter_legal_exists=False shorter_missed=False
[MULTISELECT] ctx=DISCARD min=2 max=2 generated_lens=[2] shorter_legal_exists=False shorter_missed=False
[MULTISELECT] ctx=DISCARD min=2 max=2 generated_lens=[2] shorter_legal_exists=False shorter_missed=False
[MULTISELECT] ctx=DISCARD min=2 max=2 generated_lens=[2] shorter_legal_exists=False shorter_missed=False
[MULTISELECT] ctx=DISCARD min=2 max=2 generated_lens=[2] shorter_legal_exists=False shorter_missed=False
[TRUNC] turn=132 ctx=MAIN opts=65 kept=64 dropped_types={ATTACH:1}
[TRUNC] turn=134 ctx=MAIN opts=69 kept=64 dropped_types={ATTACH:5}
[TRUNC] turn=136 ctx=MAIN opts=73 kept=64 dropped_types={ATTACH:9}
[TRUNC] turn=138 ctx=MAIN opts=77 kept=64 dropped_types={ATTACH:13}
[TRUNC] turn=140 ctx=MAIN opts=81 kept=64 dropped_types={ATTACH:17}
[TRUNC] turn=142 ctx=MAIN opts=65 kept=64 dropped_types={PLAY:1}
[TRUNC] turn=144 ctx=MAIN opts=66 kept=64 dropped_types={PLAY:2}
[TRUNC] turn=144 ctx=MAIN opts=68 kept=64 dropped_types={ATTACH:3,PLAY:1}
[MULTISELECT] ctx=DISCARD min=2 max=2 generated_lens=[2] shorter_legal_exists=False shorter_missed=False
[TRUNC] turn=146 ctx=MAIN opts=71 kept=64 dropped_types={ATTACH:6,PLAY:1}
[TRUNC] turn=148 ctx=MAIN opts=74 kept=64 dropped_types={ATTACH:9,PLAY:1}
[TRUNC] turn=148 ctx=MAIN opts=74 kept=64 dropped_types={ATTACH:9,PLAY:1}
[TRUNC] turn=148 ctx=MAIN opts=74 kept=64 dropped_types={ATTACH:9,PLAY:1}
[TRUNC] turn=148 ctx=MAIN opts=74 kept=64 dropped_types={ATTACH:9,PLAY:1}
[TRUNC] turn=150 ctx=MAIN opts=75 kept=64 dropped_types={ATTACH:9,PLAY:2}
[TRUNC] turn=152 ctx=MAIN opts=76 kept=64 dropped_types={ATTACH:9,PLAY:3}
[TRUNC] turn=150 ctx=MAIN opts=77 kept=64 dropped_types={ATTACH:12,PLAY:1}
[TRUNC] turn=152 ctx=MAIN opts=78 kept=64 dropped_types={ATTACH:12,PLAY:2}
[TRUNC] turn=152 ctx=MAIN opts=80 kept=64 dropped_types={ATTACH:15,PLAY:1}
=== DIAG_DUMP_BEGIN ===
DIAG_GAMES=1
TRUNC_TOTAL_NODES=1180
TRUNC_FIRED=18
TRUNC_FIRE_RATE=1.53%
TRUNC_OPTCOUNT_HIST=1-8:287|9-16:431|17-32:326|33-64:118|65-128:18|129-256:0|257+:0
TRUNC_FIRE_RATE_BY_TURN=1-2:0.00%(0/29)|3-5:0.00%(0/24)|6+:1.60%(18/1127)
TRUNC_DROPPED_BY_TYPE=ATTACH:147,PLAY:18
TRUNC_DROPPED_CRITICAL=0
TRUNC_DROPPED_CRITICAL_STATUS=PASS
MULTISELECT_FIXED_LEN=min=2,max=2:nodes=20,shorter_legal=0,shorter_generated=0,shorter_missed=0
MULTISELECT_SHORTER_MISSED=0
MULTISELECT_CTX_HIST=DISCARD:20
GAME_LENGTH_HIST=1-15:0|16-25:0|26-40:0|41-60:0|61+:1
WIN_BY_CAUSE=DECK_OUT:W=1,L=1,D=0
TURN_NODE_DIST=1-2:2.46%(29/1180)|3-5:2.03%(24/1180)|6+:95.51%(1127/1180)
SEARCH_MAX_DEPTH=5
SEARCH_MEAN_DEPTH=1.7313
PRIZE_REWARD_REACHED=0.00%(0/198)
STALL_DRAW_PASS_TURNS=126
STALL_SHUFFLE_WITH_RESOURCES=10
MISSED_ATTACH=134
SHAPING_BREAKDOWN=BOARD_DECK_DIFF:0.004339|DAMAGE_PRESSURE:0.000000|DISRUPTION:0.000203|ENERGY_DENIAL:0.000000|ITEM_LOCK_PENALTY:0.000000|KO_BONUS:0.000000|PARALYSIS:0.000000|PRIZE_DIFF:-0.000254|SLEEP:0.000000
=== DIAG_DUMP_END ===
[MULTISELECT] ctx=SETUP_BENCH_POKEMON min=0 max=5 generated_lens=[5] shorter_legal_exists=True shorter_missed=True
[MULTISELECT] ctx=SETUP_BENCH_POKEMON min=0 max=5 generated_lens=[5] shorter_legal_exists=True shorter_missed=True
[MULTISELECT] ctx=DISCARD min=2 max=2 generated_lens=[2] shorter_legal_exists=False shorter_missed=False
[TRUNC] turn=82 ctx=MAIN opts=65 kept=64 dropped_types={RETREAT:1}
[TRUNC] turn=84 ctx=MAIN opts=67 kept=64 dropped_types={ATTACH:1,PLAY:1,RETREAT:1}
[TRUNC] turn=86 ctx=MAIN opts=69 kept=64 dropped_types={ATTACH:3,PLAY:1,RETREAT:1}
[TRUNC] turn=88 ctx=MAIN opts=71 kept=64 dropped_types={ATTACH:5,PLAY:1,RETREAT:1}
[TRUNC] turn=90 ctx=MAIN opts=73 kept=64 dropped_types={ATTACH:7,PLAY:1,RETREAT:1}
[TRUNC] turn=92 ctx=MAIN opts=75 kept=64 dropped_types={ATTACH:9,PLAY:1,RETREAT:1}
[TRUNC] turn=94 ctx=MAIN opts=77 kept=64 dropped_types={ATTACH:11,PLAY:1,RETREAT:1}
[TRUNC] turn=96 ctx=MAIN opts=79 kept=64 dropped_types={ATTACH:13,PLAY:1,RETREAT:1}
[TRUNC] turn=98 ctx=MAIN opts=81 kept=64 dropped_types={ATTACH:15,PLAY:1,RETREAT:1}
[TRUNC] turn=100 ctx=MAIN opts=83 kept=64 dropped_types={ATTACH:17,PLAY:1,RETREAT:1}
[TRUNC] turn=102 ctx=MAIN opts=85 kept=64 dropped_types={ATTACH:19,PLAY:1,RETREAT:1}
[TRUNC] turn=104 ctx=MAIN opts=89 kept=64 dropped_types={ATTACH:23,PLAY:1,RETREAT:1}
[TRUNC] turn=106 ctx=MAIN opts=91 kept=64 dropped_types={ATTACH:25,PLAY:1,RETREAT:1}
[TRUNC] turn=108 ctx=MAIN opts=93 kept=64 dropped_types={ATTACH:27,PLAY:1,RETREAT:1}
[TRUNC] turn=110 ctx=MAIN opts=95 kept=64 dropped_types={ATTACH:29,PLAY:1,RETREAT:1}
[TRUNC] turn=112 ctx=MAIN opts=97 kept=64 dropped_types={ATTACH:31,PLAY:1,RETREAT:1}
[TRUNC] turn=129 ctx=MAIN opts=82 kept=64 dropped_types={ATTACH:17,RETREAT:1}
[TRUNC] turn=131 ctx=MAIN opts=84 kept=64 dropped_types={ATTACH:19,RETREAT:1}
[TRUNC] turn=133 ctx=MAIN opts=86 kept=64 dropped_types={ATTACH:21,RETREAT:1}
[TRUNC] turn=162 ctx=MAIN opts=65 kept=64 dropped_types={RETREAT:1}
[TRUNC] turn=160 ctx=MAIN opts=65 kept=64 dropped_types={RETREAT:1}
[TRUNC] turn=162 ctx=MAIN opts=66 kept=64 dropped_types={PLAY:1,RETREAT:1}
[TRUNC] turn=164 ctx=MAIN opts=67 kept=64 dropped_types={PLAY:2,RETREAT:1}
[TRUNC] turn=162 ctx=MAIN opts=67 kept=64 dropped_types={ATTACH:1,PLAY:1,RETREAT:1}
[TRUNC] turn=164 ctx=MAIN opts=68 kept=64 dropped_types={ATTACH:1,PLAY:2,RETREAT:1}
[TRUNC] turn=166 ctx=MAIN opts=69 kept=64 dropped_types={ATTACH:1,PLAY:3,RETREAT:1}
[TRUNC] turn=164 ctx=MAIN opts=69 kept=64 dropped_types={ATTACH:3,PLAY:1,RETREAT:1}
[TRUNC] turn=166 ctx=MAIN opts=70 kept=64 dropped_types={ATTACH:3,PLAY:2,RETREAT:1}
[TRUNC] turn=166 ctx=MAIN opts=71 kept=64 dropped_types={ATTACH:5,PLAY:1,RETREAT:1}
[TRUNC] turn=168 ctx=MAIN opts=72 kept=64 dropped_types={ATTACH:5,PLAY:2,RETREAT:1}
[TRUNC] turn=170 ctx=MAIN opts=73 kept=64 dropped_types={ATTACH:5,PLAY:3,RETREAT:1}
[TRUNC] turn=168 ctx=MAIN opts=73 kept=64 dropped_types={ATTACH:7,PLAY:1,RETREAT:1}
[TRUNC] turn=170 ctx=MAIN opts=75 kept=64 dropped_types={ATTACH:9,PLAY:1,RETREAT:1}
[TRUNC] turn=172 ctx=MAIN opts=77 kept=64 dropped_types={ATTACH:11,PLAY:1,RETREAT:1}
[TRUNC] turn=174 ctx=MAIN opts=79 kept=64 dropped_types={ATTACH:13,PLAY:1,RETREAT:1}
[TRUNC] turn=176 ctx=MAIN opts=81 kept=64 dropped_types={ATTACH:15,PLAY:1,RETREAT:1}
[TRUNC] turn=178 ctx=MAIN opts=83 kept=64 dropped_types={ATTACH:17,PLAY:1,RETREAT:1}
[TRUNC] turn=180 ctx=MAIN opts=85 kept=64 dropped_types={ATTACH:19,PLAY:1,RETREAT:1}
[TRUNC] turn=182 ctx=MAIN opts=87 kept=64 dropped_types={ATTACH:21,PLAY:1,RETREAT:1}
=== DIAG_DUMP_BEGIN ===
DIAG_GAMES=1
TRUNC_TOTAL_NODES=1431
TRUNC_FIRED=39
TRUNC_FIRE_RATE=2.73%
TRUNC_OPTCOUNT_HIST=1-8:397|9-16:330|17-32:394|33-64:271|65-128:39|129-256:0|257+:0
TRUNC_FIRE_RATE_BY_TURN=1-2:0.00%(0/35)|3-5:0.00%(0/38)|6+:2.87%(39/1358)
TRUNC_DROPPED_BY_TYPE=ATTACH:428,PLAY:41,RETREAT:39
TRUNC_DROPPED_CRITICAL=0
TRUNC_DROPPED_CRITICAL_STATUS=PASS
MULTISELECT_FIXED_LEN=min=0,max=5:nodes=2,shorter_legal=2,shorter_generated=0,shorter_missed=2|min=2,max=2:nodes=1,shorter_legal=0,shorter_generated=0,shorter_missed=0
MULTISELECT_SHORTER_MISSED=2
MULTISELECT_CTX_HIST=DISCARD:1,SETUP_BENCH_POKEMON:2
GAME_LENGTH_HIST=1-15:0|16-25:0|26-40:0|41-60:0|61+:1
WIN_BY_CAUSE=DECK_OUT:W=1,L=1,D=0
TURN_NODE_DIST=1-2:2.45%(35/1431)|3-5:2.66%(38/1431)|6+:94.90%(1358/1431)
SEARCH_MAX_DEPTH=5
SEARCH_MEAN_DEPTH=1.8992
PRIZE_REWARD_REACHED=0.00%(0/240)
STALL_DRAW_PASS_TURNS=204
STALL_SHUFFLE_WITH_RESOURCES=6
MISSED_ATTACH=207
SHAPING_BREAKDOWN=BOARD_DECK_DIFF:-0.017233|DAMAGE_PRESSURE:0.000000|DISRUPTION:0.000063|ENERGY_DENIAL:0.000000|ITEM_LOCK_PENALTY:0.000000|KO_BONUS:0.000000|PARALYSIS:0.000000|PRIZE_DIFF:0.000000|SLEEP:0.000000
=== DIAG_DUMP_END ===
[MULTISELECT] ctx=SETUP_BENCH_POKEMON min=0 max=5 generated_lens=[5] shorter_legal_exists=True shorter_missed=True
[MULTISELECT] ctx=SETUP_BENCH_POKEMON min=0 max=5 generated_lens=[5] shorter_legal_exists=True shorter_missed=True
[MULTISELECT] ctx=SETUP_BENCH_POKEMON min=0 max=2 generated_lens=[2] shorter_legal_exists=True shorter_missed=True
[MULTISELECT] ctx=SETUP_BENCH_POKEMON min=0 max=2 generated_lens=[2] shorter_legal_exists=True shorter_missed=True
[MULTISELECT] ctx=SETUP_BENCH_POKEMON min=0 max=2 generated_lens=[2] shorter_legal_exists=True shorter_missed=True
[MULTISELECT] ctx=SETUP_BENCH_POKEMON min=0 max=2 generated_lens=[2] shorter_legal_exists=True shorter_missed=True
[MULTISELECT] ctx=TO_BENCH min=0 max=2 generated_lens=[2] shorter_legal_exists=True shorter_missed=True
[MULTISELECT] ctx=TO_BENCH min=0 max=2 generated_lens=[2] shorter_legal_exists=True shorter_missed=True
[TRUNC] turn=42 ctx=MAIN opts=67 kept=64 dropped_types={ABILITY:1,ATTACH:1,PLAY:1}
[TRUNC] turn=44 ctx=MAIN opts=68 kept=64 dropped_types={ABILITY:1,ATTACH:1,PLAY:2}
[TRUNC] turn=44 ctx=MAIN opts=71 kept=64 dropped_types={ABILITY:1,ATTACH:5,PLAY:1}
[TRUNC] turn=46 ctx=MAIN opts=72 kept=64 dropped_types={ABILITY:1,ATTACH:5,PLAY:2}
[TRUNC] turn=46 ctx=MAIN opts=75 kept=64 dropped_types={ABILITY:1,ATTACH:9,PLAY:1}
[TRUNC] turn=48 ctx=MAIN opts=76 kept=64 dropped_types={ABILITY:1,ATTACH:9,PLAY:2}
[TRUNC] turn=48 ctx=MAIN opts=79 kept=64 dropped_types={ABILITY:1,ATTACH:13,PLAY:1}
[TRUNC] turn=50 ctx=MAIN opts=80 kept=64 dropped_types={ABILITY:1,ATTACH:13,PLAY:2}
[TRUNC] turn=50 ctx=MAIN opts=83 kept=64 dropped_types={ABILITY:1,ATTACH:17,PLAY:1}
[TRUNC] turn=52 ctx=MAIN opts=84 kept=64 dropped_types={ABILITY:1,ATTACH:17,PLAY:2}
[TRUNC] turn=51 ctx=MAIN opts=66 kept=64 dropped_types={PLAY:1,RETREAT:1}
[TRUNC] turn=52 ctx=MAIN opts=87 kept=64 dropped_types={ABILITY:1,ATTACH:21,PLAY:1}
[TRUNC] turn=54 ctx=MAIN opts=88 kept=64 dropped_types={ABILITY:1,ATTACH:21,PLAY:2}
[TRUNC] turn=53 ctx=MAIN opts=69 kept=64 dropped_types={ATTACH:3,PLAY:1,RETREAT:1}
[TRUNC] turn=54 ctx=MAIN opts=91 kept=64 dropped_types={ABILITY:1,ATTACH:25,PLAY:1}
[TRUNC] turn=56 ctx=MAIN opts=92 kept=64 dropped_types={ABILITY:1,ATTACH:25,PLAY:2}
[TRUNC] turn=55 ctx=MAIN opts=72 kept=64 dropped_types={ATTACH:6,PLAY:1,RETREAT:1}
[TRUNC] turn=56 ctx=MAIN opts=95 kept=64 dropped_types={ABILITY:1,ATTACH:29,PLAY:1}
[TRUNC] turn=58 ctx=MAIN opts=96 kept=64 dropped_types={ABILITY:1,ATTACH:29,PLAY:2}
[TRUNC] turn=57 ctx=MAIN opts=75 kept=64 dropped_types={ATTACH:9,PLAY:1,RETREAT:1}
[TRUNC] turn=58 ctx=MAIN opts=99 kept=64 dropped_types={ABILITY:1,ATTACH:33,PLAY:1}
[TRUNC] turn=60 ctx=MAIN opts=100 kept=64 dropped_types={ABILITY:1,ATTACH:33,PLAY:2}
[TRUNC] turn=59 ctx=MAIN opts=78 kept=64 dropped_types={ATTACH:12,PLAY:1,RETREAT:1}
[TRUNC] turn=60 ctx=MAIN opts=103 kept=64 dropped_types={ABILITY:1,ATTACH:37,PLAY:1}
[TRUNC] turn=62 ctx=MAIN opts=104 kept=64 dropped_types={ABILITY:1,ATTACH:37,PLAY:2}
[TRUNC] turn=61 ctx=MAIN opts=81 kept=64 dropped_types={ATTACH:15,PLAY:1,RETREAT:1}
[TRUNC] turn=62 ctx=MAIN opts=107 kept=64 dropped_types={ABILITY:1,ATTACH:41,PLAY:1}
[TRUNC] turn=64 ctx=MAIN opts=108 kept=64 dropped_types={ABILITY:1,ATTACH:41,PLAY:2}
[TRUNC] turn=63 ctx=MAIN opts=84 kept=64 dropped_types={ATTACH:18,PLAY:1,RETREAT:1}
[TRUNC] turn=64 ctx=MAIN opts=111 kept=64 dropped_types={ABILITY:1,ATTACH:45,PLAY:1}
[TRUNC] turn=66 ctx=MAIN opts=112 kept=64 dropped_types={ABILITY:1,ATTACH:45,PLAY:2}
[TRUNC] turn=64 ctx=MAIN opts=111 kept=64 dropped_types={ABILITY:1,ATTACH:45,PLAY:1}
[TRUNC] turn=64 ctx=MAIN opts=111 kept=64 dropped_types={ABILITY:1,ATTACH:45,PLAY:1}
[TRUNC] turn=64 ctx=MAIN opts=111 kept=64 dropped_types={ABILITY:1,ATTACH:45,PLAY:1}
[TRUNC] turn=66 ctx=MAIN opts=115 kept=64 dropped_types={ABILITY:1,ATTACH:49,PLAY:1}
[TRUNC] turn=68 ctx=MAIN opts=116 kept=64 dropped_types={ABILITY:1,ATTACH:49,PLAY:2}
[TRUNC] turn=83 ctx=MAIN opts=67 kept=64 dropped_types={ATTACH:1,PLAY:1,RETREAT:1}
[TRUNC] turn=84 ctx=MAIN opts=67 kept=64 dropped_types={ABILITY:1,ATTACH:1,PLAY:1}
[TRUNC] turn=84 ctx=MAIN opts=67 kept=64 dropped_types={ABILITY:1,ATTACH:1,PLAY:1}
[TRUNC] turn=84 ctx=MAIN opts=67 kept=64 dropped_types={ABILITY:1,ATTACH:1,PLAY:1}
[TRUNC] turn=85 ctx=MAIN opts=67 kept=64 dropped_types={ATTACH:1,PLAY:1,RETREAT:1}
[TRUNC] turn=85 ctx=MAIN opts=67 kept=64 dropped_types={ATTACH:1,PLAY:1,RETREAT:1}
[TRUNC] turn=86 ctx=MAIN opts=83 kept=64 dropped_types={ABILITY:1,ATTACH:17,PLAY:1}
[TRUNC] turn=87 ctx=MAIN opts=71 kept=64 dropped_types={ATTACH:5,PLAY:1,RETREAT:1}
[TRUNC] turn=88 ctx=MAIN opts=88 kept=64 dropped_types={ABILITY:1,ATTACH:22,PLAY:1}
[TRUNC] turn=89 ctx=MAIN opts=75 kept=64 dropped_types={ATTACH:9,PLAY:1,RETREAT:1}
[TRUNC] turn=90 ctx=MAIN opts=93 kept=64 dropped_types={ABILITY:1,ATTACH:27,PLAY:1}
[TRUNC] turn=91 ctx=MAIN opts=79 kept=64 dropped_types={ATTACH:13,PLAY:1,RETREAT:1}
[TRUNC] turn=92 ctx=MAIN opts=98 kept=64 dropped_types={ABILITY:1,ATTACH:32,PLAY:1}
[TRUNC] turn=93 ctx=MAIN opts=83 kept=64 dropped_types={ATTACH:17,PLAY:1,RETREAT:1}
[TRUNC] turn=93 ctx=MAIN opts=82 kept=64 dropped_types={ATTACH:17,PLAY:1}
[TRUNC] turn=93 ctx=MAIN opts=82 kept=64 dropped_types={ATTACH:17,PLAY:1}
[TRUNC] turn=93 ctx=MAIN opts=82 kept=64 dropped_types={ATTACH:17,PLAY:1}
[TRUNC] turn=93 ctx=MAIN opts=82 kept=64 dropped_types={ATTACH:17,PLAY:1}
[TRUNC] turn=93 ctx=MAIN opts=82 kept=64 dropped_types={ATTACH:17,PLAY:1}
[TRUNC] turn=94 ctx=MAIN opts=110 kept=64 dropped_types={ABILITY:1,ATTACH:45}
[TRUNC] turn=95 ctx=MAIN opts=86 kept=64 dropped_types={ATTACH:21,PLAY:1}
[TRUNC] turn=95 ctx=MAIN opts=86 kept=64 dropped_types={ATTACH:21,PLAY:1}
[TRUNC] turn=95 ctx=MAIN opts=86 kept=64 dropped_types={ATTACH:21,PLAY:1}
[TRUNC] turn=95 ctx=MAIN opts=86 kept=64 dropped_types={ATTACH:21,PLAY:1}
[TRUNC] turn=95 ctx=MAIN opts=86 kept=64 dropped_types={ATTACH:21,PLAY:1}
[MULTISELECT] ctx=DISCARD min=2 max=2 generated_lens=[2] shorter_legal_exists=False shorter_missed=False
[MULTISELECT] ctx=DISCARD min=2 max=2 generated_lens=[2] shorter_legal_exists=False shorter_missed=False
[TRUNC] turn=95 ctx=MAIN opts=86 kept=64 dropped_types={ATTACH:21,PLAY:1}
[TRUNC] turn=95 ctx=MAIN opts=86 kept=64 dropped_types={ATTACH:21,PLAY:1}
[TRUNC] turn=95 ctx=MAIN opts=86 kept=64 dropped_types={ATTACH:21,PLAY:1}
[TRUNC] turn=95 ctx=MAIN opts=86 kept=64 dropped_types={ATTACH:21,PLAY:1}
[TRUNC] turn=96 ctx=MAIN opts=77 kept=64 dropped_types={ABILITY:2,ATTACH:10,RETREAT:1}
[TRUNC] turn=96 ctx=MAIN opts=77 kept=64 dropped_types={ABILITY:2,ATTACH:10,RETREAT:1}
[TRUNC] turn=96 ctx=MAIN opts=77 kept=64 dropped_types={ABILITY:2,ATTACH:10,RETREAT:1}
[TRUNC] turn=97 ctx=MAIN opts=86 kept=64 dropped_types={ATTACH:21,PLAY:1}
[TRUNC] turn=97 ctx=MAIN opts=86 kept=64 dropped_types={ATTACH:21,PLAY:1}
[TRUNC] turn=97 ctx=MAIN opts=86 kept=64 dropped_types={ATTACH:21,PLAY:1}
[TRUNC] turn=97 ctx=MAIN opts=86 kept=64 dropped_types={ATTACH:21,PLAY:1}
[TRUNC] turn=97 ctx=MAIN opts=86 kept=64 dropped_types={ATTACH:21,PLAY:1}
[TRUNC] turn=98 ctx=MAIN opts=100 kept=64 dropped_types={ABILITY:1,ATTACH:34,RETREAT:1}
[TRUNC] turn=99 ctx=MAIN opts=90 kept=64 dropped_types={ATTACH:25,PLAY:1}
[TRUNC] turn=99 ctx=MAIN opts=90 kept=64 dropped_types={ATTACH:25,PLAY:1}
[TRUNC] turn=99 ctx=MAIN opts=90 kept=64 dropped_types={ATTACH:25,PLAY:1}
[TRUNC] turn=100 ctx=MAIN opts=100 kept=64 dropped_types={ABILITY:1,ATTACH:34,RETREAT:1}
[TRUNC] turn=101 ctx=MAIN opts=94 kept=64 dropped_types={ATTACH:29,PLAY:1}
[TRUNC] turn=102 ctx=MAIN opts=106 kept=64 dropped_types={ABILITY:1,ATTACH:40,RETREAT:1}
[TRUNC] turn=103 ctx=MAIN opts=98 kept=64 dropped_types={ATTACH:33,PLAY:1}
[TRUNC] turn=104 ctx=MAIN opts=112 kept=64 dropped_types={ABILITY:1,ATTACH:46,RETREAT:1}
[TRUNC] turn=105 ctx=MAIN opts=102 kept=64 dropped_types={ATTACH:37,PLAY:1}
[TRUNC] turn=106 ctx=MAIN opts=118 kept=64 dropped_types={ABILITY:1,ATTACH:52,RETREAT:1}
[TRUNC] turn=107 ctx=MAIN opts=106 kept=64 dropped_types={ATTACH:41,PLAY:1}
[TRUNC] turn=108 ctx=MAIN opts=124 kept=64 dropped_types={ABILITY:1,ATTACH:58,RETREAT:1}
[TRUNC] turn=109 ctx=MAIN opts=110 kept=64 dropped_types={ATTACH:45,PLAY:1}
[TRUNC] turn=110 ctx=MAIN opts=130 kept=64 dropped_types={ABILITY:1,ATTACH:64,RETREAT:1}
[TRUNC] turn=111 ctx=MAIN opts=114 kept=64 dropped_types={ATTACH:49,PLAY:1}
[TRUNC] turn=112 ctx=MAIN opts=136 kept=64 dropped_types={ABILITY:1,ATTACH:70,RETREAT:1}
[TRUNC] turn=113 ctx=MAIN opts=118 kept=64 dropped_types={ATTACH:53,PLAY:1}
[TRUNC] turn=114 ctx=MAIN opts=142 kept=64 dropped_types={ABILITY:1,ATTACH:76,RETREAT:1}
[TRUNC] turn=115 ctx=MAIN opts=122 kept=64 dropped_types={ATTACH:57,PLAY:1}
[TRUNC] turn=116 ctx=MAIN opts=147 kept=64 dropped_types={ATTACH:82,RETREAT:1}
[TRUNC] turn=117 ctx=MAIN opts=126 kept=64 dropped_types={ATTACH:61,PLAY:1}
=== DIAG_DUMP_BEGIN ===
DIAG_GAMES=1
TRUNC_TOTAL_NODES=1098
TRUNC_FIRED=95
TRUNC_FIRE_RATE=8.65%
TRUNC_OPTCOUNT_HIST=1-8:412|9-16:167|17-32:259|33-64:165|65-128:91|129-256:4|257+:0
TRUNC_FIRE_RATE_BY_TURN=1-2:0.00%(0/60)|3-5:0.00%(0/39)|6+:9.51%(95/999)
TRUNC_DROPPED_BY_TYPE=ABILITY:52,ATTACH:2486,PLAY:94,RETREAT:27
TRUNC_DROPPED_CRITICAL=0
TRUNC_DROPPED_CRITICAL_STATUS=PASS
MULTISELECT_FIXED_LEN=min=0,max=2:nodes=6,shorter_legal=6,shorter_generated=0,shorter_missed=6|min=0,max=5:nodes=2,shorter_legal=2,shorter_generated=0,shorter_missed=2|min=2,max=2:nodes=2,shorter_legal=0,shorter_generated=0,shorter_missed=0
MULTISELECT_SHORTER_MISSED=8
MULTISELECT_CTX_HIST=DISCARD:2,SETUP_BENCH_POKEMON:6,TO_BENCH:2
GAME_LENGTH_HIST=1-15:0|16-25:0|26-40:0|41-60:0|61+:1
WIN_BY_CAUSE=DECK_OUT:W=1,L=1,D=0
TURN_NODE_DIST=1-2:5.46%(60/1098)|3-5:3.55%(39/1098)|6+:90.98%(999/1098)
SEARCH_MAX_DEPTH=5
SEARCH_MEAN_DEPTH=1.6250
PRIZE_REWARD_REACHED=0.00%(0/184)
STALL_DRAW_PASS_TURNS=104
STALL_SHUFFLE_WITH_RESOURCES=5
MISSED_ATTACH=112
SHAPING_BREAKDOWN=BOARD_DECK_DIFF:0.007168|DAMAGE_PRESSURE:0.000829|DISRUPTION:0.000082|ENERGY_DENIAL:0.000000|ITEM_LOCK_PENALTY:0.000000|KO_BONUS:0.000000|PARALYSIS:0.000000|PRIZE_DIFF:0.000000|SLEEP:0.000000
=== DIAG_DUMP_END ===
[MULTISELECT] ctx=SETUP_BENCH_POKEMON min=0 max=2 generated_lens=[2] shorter_legal_exists=True shorter_missed=True
[MULTISELECT] ctx=SETUP_BENCH_POKEMON min=0 max=2 generated_lens=[2] shorter_legal_exists=True shorter_missed=True
[MULTISELECT] ctx=SETUP_BENCH_POKEMON min=0 max=2 generated_lens=[2] shorter_legal_exists=True shorter_missed=True
[MULTISELECT] ctx=SETUP_BENCH_POKEMON min=0 max=2 generated_lens=[2] shorter_legal_exists=True shorter_missed=True
[MULTISELECT] ctx=SETUP_BENCH_POKEMON min=0 max=2 generated_lens=[2] shorter_legal_exists=True shorter_missed=True
[MULTISELECT] ctx=TO_BENCH min=0 max=2 generated_lens=[2] shorter_legal_exists=True shorter_missed=True
[MULTISELECT] ctx=TO_BENCH min=0 max=2 generated_lens=[2] shorter_legal_exists=True shorter_missed=True
[MULTISELECT] ctx=TO_BENCH min=0 max=2 generated_lens=[2] shorter_legal_exists=True shorter_missed=True
[MULTISELECT] ctx=TO_BENCH min=0 max=2 generated_lens=[2] shorter_legal_exists=True shorter_missed=True
[MULTISELECT] ctx=TO_BENCH min=0 max=2 generated_lens=[2] shorter_legal_exists=True shorter_missed=True
[MULTISELECT] ctx=TO_BENCH min=0 max=2 generated_lens=[2] shorter_legal_exists=True shorter_missed=True
[MULTISELECT] ctx=TO_HAND min=3 max=3 generated_lens=[3] shorter_legal_exists=False shorter_missed=False
[MULTISELECT] ctx=TO_HAND min=3 max=3 generated_lens=[3] shorter_legal_exists=False shorter_missed=False
[MULTISELECT] ctx=DISCARD min=2 max=2 generated_lens=[2] shorter_legal_exists=False shorter_missed=False
[MULTISELECT] ctx=DISCARD min=2 max=2 generated_lens=[2] shorter_legal_exists=False shorter_missed=False
[MULTISELECT] ctx=TO_HAND min=3 max=3 generated_lens=[3] shorter_legal_exists=False shorter_missed=False
[MULTISELECT] ctx=TO_HAND min=3 max=3 generated_lens=[3] shorter_legal_exists=False shorter_missed=False
[MULTISELECT] ctx=TO_HAND min=3 max=3 generated_lens=[3] shorter_legal_exists=False shorter_missed=False
[MULTISELECT] ctx=TO_HAND min=3 max=3 generated_lens=[3] shorter_legal_exists=False shorter_missed=False
[TRUNC] turn=33 ctx=MAIN opts=76 kept=64 dropped_types={ATTACH:10,PLAY:1,RETREAT:1}
[TRUNC] turn=33 ctx=MAIN opts=76 kept=64 dropped_types={ATTACH:10,PLAY:1,RETREAT:1}
[TRUNC] turn=35 ctx=MAIN opts=80 kept=64 dropped_types={ATTACH:14,PLAY:1,RETREAT:1}
[TRUNC] turn=35 ctx=MAIN opts=80 kept=64 dropped_types={ATTACH:14,PLAY:1,RETREAT:1}
[TRUNC] turn=35 ctx=MAIN opts=80 kept=64 dropped_types={ATTACH:14,PLAY:1,RETREAT:1}
[TRUNC] turn=35 ctx=MAIN opts=80 kept=64 dropped_types={ATTACH:14,PLAY:1,RETREAT:1}
[TRUNC] turn=35 ctx=MAIN opts=80 kept=64 dropped_types={ATTACH:14,PLAY:1,RETREAT:1}
[MULTISELECT] ctx=TO_HAND min=3 max=3 generated_lens=[3] shorter_legal_exists=False shorter_missed=False
[MULTISELECT] ctx=TO_HAND min=3 max=3 generated_lens=[3] shorter_legal_exists=False shorter_missed=False
[MULTISELECT] ctx=TO_BENCH min=0 max=2 generated_lens=[2] shorter_legal_exists=True shorter_missed=True
[MULTISELECT] ctx=TO_BENCH min=0 max=2 generated_lens=[2] shorter_legal_exists=True shorter_missed=True
[MULTISELECT] ctx=TO_BENCH min=0 max=2 generated_lens=[2] shorter_legal_exists=True shorter_missed=True
[MULTISELECT] ctx=TO_BENCH min=0 max=2 generated_lens=[2] shorter_legal_exists=True shorter_missed=True
[TRUNC] turn=37 ctx=MAIN opts=83 kept=64 dropped_types={ATTACH:17,PLAY:1,RETREAT:1}
[TRUNC] turn=37 ctx=MAIN opts=83 kept=64 dropped_types={ATTACH:17,PLAY:1,RETREAT:1}
[TRUNC] turn=37 ctx=MAIN opts=84 kept=64 dropped_types={ATTACH:18,PLAY:1,RETREAT:1}
[TRUNC] turn=37 ctx=MAIN opts=83 kept=64 dropped_types={ATTACH:17,PLAY:1,RETREAT:1}
[TRUNC] turn=37 ctx=MAIN opts=84 kept=64 dropped_types={ATTACH:18,PLAY:1,RETREAT:1}
[TRUNC] turn=37 ctx=MAIN opts=83 kept=64 dropped_types={ATTACH:17,PLAY:1,RETREAT:1}
[TRUNC] turn=37 ctx=MAIN opts=84 kept=64 dropped_types={ATTACH:18,PLAY:1,RETREAT:1}
[TRUNC] turn=39 ctx=MAIN opts=72 kept=64 dropped_types={ATTACH:6,PLAY:1,RETREAT:1}
[TRUNC] turn=39 ctx=MAIN opts=72 kept=64 dropped_types={ATTACH:6,PLAY:1,RETREAT:1}
[TRUNC] turn=39 ctx=MAIN opts=72 kept=64 dropped_types={ATTACH:6,PLAY:1,RETREAT:1}
[TRUNC] turn=39 ctx=MAIN opts=72 kept=64 dropped_types={ATTACH:6,PLAY:1,RETREAT:1}
[TRUNC] turn=39 ctx=MAIN opts=72 kept=64 dropped_types={ATTACH:6,PLAY:1,RETREAT:1}
[TRUNC] turn=39 ctx=MAIN opts=72 kept=64 dropped_types={ATTACH:6,PLAY:1,RETREAT:1}
[MULTISELECT] ctx=DISCARD min=2 max=2 generated_lens=[2] shorter_legal_exists=False shorter_missed=False
[TRUNC] turn=39 ctx=MAIN opts=72 kept=64 dropped_types={ATTACH:6,PLAY:1,RETREAT:1}
[TRUNC] turn=39 ctx=MAIN opts=72 kept=64 dropped_types={ATTACH:6,PLAY:1,RETREAT:1}
[TRUNC] turn=39 ctx=MAIN opts=72 kept=64 dropped_types={ATTACH:6,PLAY:1,RETREAT:1}
[TRUNC] turn=39 ctx=MAIN opts=72 kept=64 dropped_types={ATTACH:6,PLAY:1,RETREAT:1}
[TRUNC] turn=39 ctx=MAIN opts=72 kept=64 dropped_types={ATTACH:6,PLAY:1,RETREAT:1}
[TRUNC] turn=39 ctx=MAIN opts=72 kept=64 dropped_types={ATTACH:6,PLAY:1,RETREAT:1}
[TRUNC] turn=39 ctx=MAIN opts=72 kept=64 dropped_types={ATTACH:6,PLAY:1,RETREAT:1}
[TRUNC] turn=39 ctx=MAIN opts=72 kept=64 dropped_types={ATTACH:6,PLAY:1,RETREAT:1}
[TRUNC] turn=39 ctx=MAIN opts=72 kept=64 dropped_types={ATTACH:6,PLAY:1,RETREAT:1}
[TRUNC] turn=39 ctx=MAIN opts=72 kept=64 dropped_types={ATTACH:6,PLAY:1,RETREAT:1}
[TRUNC] turn=39 ctx=MAIN opts=72 kept=64 dropped_types={ATTACH:6,PLAY:1,RETREAT:1}
[MULTISELECT] ctx=DISCARD min=2 max=2 generated_lens=[2] shorter_legal_exists=False shorter_missed=False
[MULTISELECT] ctx=DISCARD min=2 max=2 generated_lens=[2] shorter_legal_exists=False shorter_missed=False
[TRUNC] turn=39 ctx=MAIN opts=72 kept=64 dropped_types={ATTACH:6,PLAY:1,RETREAT:1}
[TRUNC] turn=39 ctx=MAIN opts=72 kept=64 dropped_types={ATTACH:6,PLAY:1,RETREAT:1}
[TRUNC] turn=39 ctx=MAIN opts=72 kept=64 dropped_types={ATTACH:6,PLAY:1,RETREAT:1}
[TRUNC] turn=39 ctx=MAIN opts=72 kept=64 dropped_types={ATTACH:6,PLAY:1,RETREAT:1}
[TRUNC] turn=39 ctx=MAIN opts=72 kept=64 dropped_types={ATTACH:6,PLAY:1,RETREAT:1}
[TRUNC] turn=39 ctx=MAIN opts=72 kept=64 dropped_types={ATTACH:6,PLAY:1,RETREAT:1}
[TRUNC] turn=39 ctx=MAIN opts=72 kept=64 dropped_types={ATTACH:6,PLAY:1,RETREAT:1}
[TRUNC] turn=39 ctx=MAIN opts=72 kept=64 dropped_types={ATTACH:6,PLAY:1,RETREAT:1}
[TRUNC] turn=39 ctx=MAIN opts=72 kept=64 dropped_types={ATTACH:6,PLAY:1,RETREAT:1}
[TRUNC] turn=39 ctx=MAIN opts=72 kept=64 dropped_types={ATTACH:6,PLAY:1,RETREAT:1}
[TRUNC] turn=39 ctx=MAIN opts=72 kept=64 dropped_types={ATTACH:6,PLAY:1,RETREAT:1}
[TRUNC] turn=39 ctx=MAIN opts=72 kept=64 dropped_types={ATTACH:6,PLAY:1,RETREAT:1}
[TRUNC] turn=39 ctx=MAIN opts=72 kept=64 dropped_types={ATTACH:6,PLAY:1,RETREAT:1}
[TRUNC] turn=39 ctx=MAIN opts=72 kept=64 dropped_types={ATTACH:6,PLAY:1,RETREAT:1}
[TRUNC] turn=39 ctx=MAIN opts=72 kept=64 dropped_types={ATTACH:6,PLAY:1,RETREAT:1}
[TRUNC] turn=39 ctx=MAIN opts=72 kept=64 dropped_types={ATTACH:6,PLAY:1,RETREAT:1}
[MULTISELECT] ctx=TO_HAND min=2 max=2 generated_lens=[2] shorter_legal_exists=False shorter_missed=False
[MULTISELECT] ctx=TO_BENCH min=0 max=2 generated_lens=[2] shorter_legal_exists=True shorter_missed=True
[MULTISELECT] ctx=DISCARD min=2 max=2 generated_lens=[2] shorter_legal_exists=False shorter_missed=False
[MULTISELECT] ctx=DISCARD min=2 max=2 generated_lens=[2] shorter_legal_exists=False shorter_missed=False
[MULTISELECT] ctx=DISCARD min=2 max=2 generated_lens=[2] shorter_legal_exists=False shorter_missed=False
[MULTISELECT] ctx=DISCARD min=2 max=2 generated_lens=[2] shorter_legal_exists=False shorter_missed=False
[MULTISELECT] ctx=DISCARD min=2 max=2 generated_lens=[2] shorter_legal_exists=False shorter_missed=False
[MULTISELECT] ctx=DISCARD min=2 max=2 generated_lens=[2] shorter_legal_exists=False shorter_missed=False
[MULTISELECT] ctx=DISCARD min=2 max=2 generated_lens=[2] shorter_legal_exists=False shorter_missed=False
[MULTISELECT] ctx=DISCARD min=2 max=2 generated_lens=[2] shorter_legal_exists=False shorter_missed=False
[MULTISELECT] ctx=DISCARD min=2 max=2 generated_lens=[2] shorter_legal_exists=False shorter_missed=False
[MULTISELECT] ctx=DISCARD min=2 max=2 generated_lens=[2] shorter_legal_exists=False shorter_missed=False
[MULTISELECT] ctx=TO_BENCH min=0 max=2 generated_lens=[2] shorter_legal_exists=True shorter_missed=True
[MULTISELECT] ctx=DISCARD min=2 max=2 generated_lens=[2] shorter_legal_exists=False shorter_missed=False
[MULTISELECT] ctx=DISCARD min=2 max=2 generated_lens=[2] shorter_legal_exists=False shorter_missed=False
[MULTISELECT] ctx=DISCARD min=2 max=2 generated_lens=[2] shorter_legal_exists=False shorter_missed=False
=== DIAG_DUMP_BEGIN ===
DIAG_GAMES=1
TRUNC_TOTAL_NODES=1310
TRUNC_FIRED=47
TRUNC_FIRE_RATE=3.59%
TRUNC_OPTCOUNT_HIST=1-8:736|9-16:264|17-32:134|33-64:129|65-128:47|129-256:0|257+:0
TRUNC_FIRE_RATE_BY_TURN=1-2:0.00%(0/41)|3-5:0.00%(0/77)|6+:3.94%(47/1192)
TRUNC_DROPPED_BY_TYPE=ATTACH:410,PLAY:47,RETREAT:47
TRUNC_DROPPED_CRITICAL=0
TRUNC_DROPPED_CRITICAL_STATUS=PASS
MULTISELECT_FIXED_LEN=min=0,max=2:nodes=17,shorter_legal=17,shorter_generated=0,shorter_missed=17|min=2,max=2:nodes=19,shorter_legal=0,shorter_generated=0,shorter_missed=0|min=3,max=3:nodes=8,shorter_legal=0,shorter_generated=0,shorter_missed=0
MULTISELECT_SHORTER_MISSED=17
MULTISELECT_CTX_HIST=DISCARD:18,SETUP_BENCH_POKEMON:5,TO_BENCH:12,TO_HAND:9
GAME_LENGTH_HIST=1-15:0|16-25:0|26-40:0|41-60:1|61+:0
WIN_BY_CAUSE=PRIZE:W=1,L=1,D=0
TURN_NODE_DIST=1-2:3.13%(41/1310)|3-5:5.88%(77/1310)|6+:90.99%(1192/1310)
SEARCH_MAX_DEPTH=5
SEARCH_MEAN_DEPTH=1.8407
PRIZE_REWARD_REACHED=1.36%(3/221)
STALL_DRAW_PASS_TURNS=13
STALL_SHUFFLE_WITH_RESOURCES=4
MISSED_ATTACH=18
SHAPING_BREAKDOWN=BOARD_DECK_DIFF:-0.003031|DAMAGE_PRESSURE:0.015748|DISRUPTION:0.000115|ENERGY_DENIAL:0.000878|ITEM_LOCK_PENALTY:0.000000|KO_BONUS:0.000458|PARALYSIS:0.000000|PRIZE_DIFF:-0.005802|SLEEP:0.000000
=== DIAG_DUMP_END ===
[MULTISELECT] ctx=SETUP_BENCH_POKEMON min=0 max=2 generated_lens=[2] shorter_legal_exists=True shorter_missed=True
[MULTISELECT] ctx=TO_HAND min=0 max=3 generated_lens=[3] shorter_legal_exists=True shorter_missed=True
[MULTISELECT] ctx=TO_HAND min=0 max=3 generated_lens=[3] shorter_legal_exists=True shorter_missed=True
[MULTISELECT] ctx=TO_HAND min=0 max=3 generated_lens=[3] shorter_legal_exists=True shorter_missed=True
[MULTISELECT] ctx=TO_HAND min=0 max=3 generated_lens=[3] shorter_legal_exists=True shorter_missed=True
[MULTISELECT] ctx=TO_HAND min=0 max=3 generated_lens=[3] shorter_legal_exists=True shorter_missed=True
[MULTISELECT] ctx=TO_HAND min=0 max=3 generated_lens=[3] shorter_legal_exists=True shorter_missed=True
[MULTISELECT] ctx=TO_HAND min=0 max=3 generated_lens=[3] shorter_legal_exists=True shorter_missed=True
[MULTISELECT] ctx=TO_HAND min=0 max=3 generated_lens=[3] shorter_legal_exists=True shorter_missed=True
[MULTISELECT] ctx=TO_HAND min=0 max=3 generated_lens=[3] shorter_legal_exists=True shorter_missed=True
[MULTISELECT] ctx=TO_HAND min=0 max=3 generated_lens=[3] shorter_legal_exists=True shorter_missed=True
[MULTISELECT] ctx=TO_HAND min=0 max=3 generated_lens=[3] shorter_legal_exists=True shorter_missed=True
[TRUNC] turn=35 ctx=MAIN opts=65 kept=64 dropped_types={PLAY:1}
[TRUNC] turn=37 ctx=MAIN opts=68 kept=64 dropped_types={ATTACH:3,PLAY:1}
[TRUNC] turn=39 ctx=MAIN opts=71 kept=64 dropped_types={ATTACH:6,PLAY:1}
[TRUNC] turn=41 ctx=MAIN opts=74 kept=64 dropped_types={ATTACH:9,PLAY:1}
[TRUNC] turn=43 ctx=MAIN opts=77 kept=64 dropped_types={ATTACH:12,PLAY:1}
[TRUNC] turn=45 ctx=MAIN opts=80 kept=64 dropped_types={ATTACH:15,PLAY:1}
[TRUNC] turn=47 ctx=MAIN opts=83 kept=64 dropped_types={ATTACH:18,PLAY:1}
[TRUNC] turn=49 ctx=MAIN opts=86 kept=64 dropped_types={ATTACH:21,PLAY:1}
[TRUNC] turn=51 ctx=MAIN opts=89 kept=64 dropped_types={ATTACH:24,PLAY:1}
[TRUNC] turn=53 ctx=MAIN opts=89 kept=64 dropped_types={ATTACH:24,PLAY:1}
[TRUNC] turn=53 ctx=MAIN opts=89 kept=64 dropped_types={ATTACH:24,PLAY:1}
[TRUNC] turn=55 ctx=MAIN opts=92 kept=64 dropped_types={ATTACH:27,PLAY:1}
[TRUNC] turn=55 ctx=MAIN opts=92 kept=64 dropped_types={ATTACH:27,PLAY:1}
[TRUNC] turn=55 ctx=MAIN opts=92 kept=64 dropped_types={ATTACH:27,PLAY:1}
[TRUNC] turn=56 ctx=MAIN opts=92 kept=64 dropped_types={ATTACH:27,RETREAT:1}
[TRUNC] turn=57 ctx=MAIN opts=95 kept=64 dropped_types={ATTACH:30,PLAY:1}
[TRUNC] turn=57 ctx=MAIN opts=95 kept=64 dropped_types={ATTACH:30,PLAY:1}
[TRUNC] turn=57 ctx=MAIN opts=95 kept=64 dropped_types={ATTACH:30,PLAY:1}
[TRUNC] turn=57 ctx=MAIN opts=95 kept=64 dropped_types={ATTACH:30,PLAY:1}
[TRUNC] turn=58 ctx=MAIN opts=92 kept=64 dropped_types={ATTACH:27,RETREAT:1}
[TRUNC] turn=58 ctx=MAIN opts=92 kept=64 dropped_types={ATTACH:27,RETREAT:1}
[TRUNC] turn=59 ctx=MAIN opts=95 kept=64 dropped_types={ATTACH:30,PLAY:1}
[TRUNC] turn=61 ctx=MAIN opts=96 kept=64 dropped_types={ATTACH:30,PLAY:2}
[TRUNC] turn=60 ctx=MAIN opts=65 kept=64 dropped_types={RETREAT:1}
[TRUNC] turn=60 ctx=MAIN opts=65 kept=64 dropped_types={RETREAT:1}
[TRUNC] turn=60 ctx=MAIN opts=65 kept=64 dropped_types={RETREAT:1}
[TRUNC] turn=62 ctx=MAIN opts=66 kept=64 dropped_types={PLAY:1,RETREAT:1}
[TRUNC] turn=60 ctx=MAIN opts=65 kept=64 dropped_types={RETREAT:1}
[TRUNC] turn=62 ctx=MAIN opts=66 kept=64 dropped_types={PLAY:1,RETREAT:1}
[TRUNC] turn=60 ctx=MAIN opts=95 kept=64 dropped_types={ATTACH:30,RETREAT:1}
[TRUNC] turn=61 ctx=MAIN opts=95 kept=64 dropped_types={ATTACH:30,PLAY:1}
[TRUNC] turn=62 ctx=MAIN opts=67 kept=64 dropped_types={ATTACH:1,PLAY:1,RETREAT:1}
[TRUNC] turn=62 ctx=MAIN opts=67 kept=64 dropped_types={ATTACH:1,PLAY:1,RETREAT:1}
[TRUNC] turn=62 ctx=MAIN opts=67 kept=64 dropped_types={ATTACH:1,PLAY:1,RETREAT:1}
[TRUNC] turn=63 ctx=MAIN opts=98 kept=64 dropped_types={ATTACH:33,PLAY:1}
[TRUNC] turn=64 ctx=MAIN opts=69 kept=64 dropped_types={ATTACH:3,PLAY:1,RETREAT:1}
[TRUNC] turn=64 ctx=MAIN opts=69 kept=64 dropped_types={ATTACH:3,PLAY:1,RETREAT:1}
[TRUNC] turn=65 ctx=MAIN opts=98 kept=64 dropped_types={ATTACH:33,PLAY:1}
[TRUNC] turn=66 ctx=MAIN opts=71 kept=64 dropped_types={ATTACH:5,PLAY:1,RETREAT:1}
[TRUNC] turn=67 ctx=MAIN opts=101 kept=64 dropped_types={ATTACH:36,PLAY:1}
[TRUNC] turn=68 ctx=MAIN opts=73 kept=64 dropped_types={ATTACH:7,PLAY:1,RETREAT:1}
[TRUNC] turn=69 ctx=MAIN opts=104 kept=64 dropped_types={ATTACH:39,PLAY:1}
[MULTISELECT] ctx=TO_DECK min=2 max=2 generated_lens=[2] shorter_legal_exists=False shorter_missed=False
[TRUNC] turn=70 ctx=MAIN opts=75 kept=64 dropped_types={ATTACH:9,PLAY:1,RETREAT:1}
[TRUNC] turn=70 ctx=MAIN opts=75 kept=64 dropped_types={ATTACH:9,PLAY:1,RETREAT:1}
[MULTISELECT] ctx=TO_DECK min=2 max=2 generated_lens=[2] shorter_legal_exists=False shorter_missed=False
[TRUNC] turn=70 ctx=MAIN opts=75 kept=64 dropped_types={ATTACH:9,PLAY:1,RETREAT:1}
[TRUNC] turn=70 ctx=MAIN opts=75 kept=64 dropped_types={ATTACH:9,PLAY:1,RETREAT:1}
[TRUNC] turn=71 ctx=MAIN opts=104 kept=64 dropped_types={ATTACH:39,PLAY:1}
[TRUNC] turn=72 ctx=MAIN opts=77 kept=64 dropped_types={ATTACH:11,PLAY:1,RETREAT:1}
[TRUNC] turn=73 ctx=MAIN opts=107 kept=64 dropped_types={ATTACH:42,PLAY:1}
[TRUNC] turn=74 ctx=MAIN opts=79 kept=64 dropped_types={ATTACH:13,PLAY:1,RETREAT:1}
[TRUNC] turn=75 ctx=MAIN opts=110 kept=64 dropped_types={ATTACH:45,PLAY:1}
[TRUNC] turn=76 ctx=MAIN opts=81 kept=64 dropped_types={ATTACH:15,PLAY:1,RETREAT:1}
[TRUNC] turn=76 ctx=MAIN opts=81 kept=64 dropped_types={ATTACH:15,PLAY:1,RETREAT:1}
[MULTISELECT] ctx=TO_HAND min=0 max=2 generated_lens=[2] shorter_legal_exists=True shorter_missed=True
[TRUNC] turn=76 ctx=MAIN opts=81 kept=64 dropped_types={ATTACH:15,PLAY:1,RETREAT:1}
[TRUNC] turn=76 ctx=MAIN opts=81 kept=64 dropped_types={ATTACH:15,PLAY:1,RETREAT:1}
[TRUNC] turn=77 ctx=MAIN opts=116 kept=64 dropped_types={ATTACH:51,PLAY:1}
[TRUNC] turn=78 ctx=MAIN opts=83 kept=64 dropped_types={ATTACH:17,PLAY:1,RETREAT:1}
[TRUNC] turn=79 ctx=MAIN opts=119 kept=64 dropped_types={ATTACH:54,PLAY:1}
[TRUNC] turn=80 ctx=MAIN opts=85 kept=64 dropped_types={ATTACH:19,PLAY:1,RETREAT:1}
[TRUNC] turn=80 ctx=MAIN opts=85 kept=64 dropped_types={ATTACH:19,PLAY:1,RETREAT:1}
[TRUNC] turn=80 ctx=MAIN opts=85 kept=64 dropped_types={ATTACH:19,PLAY:1,RETREAT:1}
[TRUNC] turn=81 ctx=MAIN opts=119 kept=64 dropped_types={ATTACH:54,PLAY:1}
[TRUNC] turn=82 ctx=MAIN opts=87 kept=64 dropped_types={ATTACH:21,PLAY:1,RETREAT:1}
[TRUNC] turn=83 ctx=MAIN opts=122 kept=64 dropped_types={ATTACH:57,PLAY:1}
[TRUNC] turn=84 ctx=MAIN opts=89 kept=64 dropped_types={ATTACH:23,PLAY:1,RETREAT:1}
=== DIAG_DUMP_BEGIN ===
DIAG_GAMES=1
TRUNC_TOTAL_NODES=671
TRUNC_FIRED=65
TRUNC_FIRE_RATE=9.69%
TRUNC_OPTCOUNT_HIST=1-8:280|9-16:39|17-32:95|33-64:192|65-128:65|129-256:0|257+:0
TRUNC_FIRE_RATE_BY_TURN=1-2:0.00%(0/32)|3-5:0.00%(0/21)|6+:10.52%(65/618)
TRUNC_DROPPED_BY_TYPE=ATTACH:1300,PLAY:58,RETREAT:33
TRUNC_DROPPED_CRITICAL=0
TRUNC_DROPPED_CRITICAL_STATUS=PASS
MULTISELECT_FIXED_LEN=min=0,max=2:nodes=2,shorter_legal=2,shorter_generated=0,shorter_missed=2|min=0,max=3:nodes=11,shorter_legal=11,shorter_generated=0,shorter_missed=11|min=2,max=2:nodes=2,shorter_legal=0,shorter_generated=0,shorter_missed=0
MULTISELECT_SHORTER_MISSED=13
MULTISELECT_CTX_HIST=SETUP_BENCH_POKEMON:1,TO_DECK:2,TO_HAND:12
GAME_LENGTH_HIST=1-15:0|16-25:0|26-40:0|41-60:0|61+:1
WIN_BY_CAUSE=DECK_OUT:W=1,L=1,D=0
TURN_NODE_DIST=1-2:4.77%(32/671)|3-5:3.13%(21/671)|6+:92.10%(618/671)
SEARCH_MAX_DEPTH=5
SEARCH_MEAN_DEPTH=1.7770
PRIZE_REWARD_REACHED=0.00%(0/113)
STALL_DRAW_PASS_TURNS=76
STALL_SHUFFLE_WITH_RESOURCES=0
MISSED_ATTACH=84
SHAPING_BREAKDOWN=BOARD_DECK_DIFF:0.004858|DAMAGE_PRESSURE:0.000000|DISRUPTION:0.000224|ENERGY_DENIAL:0.000000|ITEM_LOCK_PENALTY:0.000000|KO_BONUS:0.000000|PARALYSIS:0.000000|PRIZE_DIFF:-0.000671|SLEEP:0.000000
=== DIAG_DUMP_END ===
[MULTISELECT] ctx=SETUP_BENCH_POKEMON min=0 max=5 generated_lens=[5] shorter_legal_exists=True shorter_missed=True
[MULTISELECT] ctx=SETUP_BENCH_POKEMON min=0 max=5 generated_lens=[5] shorter_legal_exists=True shorter_missed=True
[MULTISELECT] ctx=SETUP_BENCH_POKEMON min=0 max=5 generated_lens=[5] shorter_legal_exists=True shorter_missed=True
[MULTISELECT] ctx=SETUP_BENCH_POKEMON min=0 max=2 generated_lens=[2] shorter_legal_exists=True shorter_missed=True
[MULTISELECT] ctx=SETUP_BENCH_POKEMON min=0 max=2 generated_lens=[2] shorter_legal_exists=True shorter_missed=True
[MULTISELECT] ctx=DISCARD min=2 max=2 generated_lens=[2] shorter_legal_exists=False shorter_missed=False
[MULTISELECT] ctx=TO_DECK min=2 max=2 generated_lens=[2] shorter_legal_exists=False shorter_missed=False
[MULTISELECT] ctx=TO_HAND min=0 max=3 generated_lens=[3] shorter_legal_exists=True shorter_missed=True
[MULTISELECT] ctx=DISCARD min=2 max=2 generated_lens=[2] shorter_legal_exists=False shorter_missed=False
[MULTISELECT] ctx=TO_DECK min=2 max=2 generated_lens=[2] shorter_legal_exists=False shorter_missed=False
[MULTISELECT] ctx=TO_HAND min=0 max=3 generated_lens=[3] shorter_legal_exists=True shorter_missed=True
[MULTISELECT] ctx=DISCARD min=2 max=2 generated_lens=[2] shorter_legal_exists=False shorter_missed=False
[MULTISELECT] ctx=TO_DECK min=2 max=2 generated_lens=[2] shorter_legal_exists=False shorter_missed=False
[MULTISELECT] ctx=TO_HAND min=0 max=3 generated_lens=[3] shorter_legal_exists=True shorter_missed=True
[MULTISELECT] ctx=TO_DECK min=2 max=2 generated_lens=[2] shorter_legal_exists=False shorter_missed=False
[MULTISELECT] ctx=TO_HAND min=0 max=3 generated_lens=[3] shorter_legal_exists=True shorter_missed=True
[MULTISELECT] ctx=TO_DECK min=2 max=2 generated_lens=[2] shorter_legal_exists=False shorter_missed=False
[MULTISELECT] ctx=TO_HAND min=0 max=3 generated_lens=[3] shorter_legal_exists=True shorter_missed=True
[MULTISELECT] ctx=TO_DECK min=2 max=2 generated_lens=[2] shorter_legal_exists=False shorter_missed=False
[MULTISELECT] ctx=TO_HAND min=0 max=3 generated_lens=[3] shorter_legal_exists=True shorter_missed=True
[MULTISELECT] ctx=TO_DECK min=2 max=2 generated_lens=[2] shorter_legal_exists=False shorter_missed=False
[MULTISELECT] ctx=TO_HAND min=0 max=3 generated_lens=[3] shorter_legal_exists=True shorter_missed=True
[MULTISELECT] ctx=TO_DECK min=2 max=2 generated_lens=[2] shorter_legal_exists=False shorter_missed=False
[MULTISELECT] ctx=TO_HAND min=0 max=3 generated_lens=[3] shorter_legal_exists=True shorter_missed=True
[MULTISELECT] ctx=TO_DECK min=2 max=2 generated_lens=[2] shorter_legal_exists=False shorter_missed=False
[MULTISELECT] ctx=TO_HAND min=0 max=3 generated_lens=[3] shorter_legal_exists=True shorter_missed=True
[MULTISELECT] ctx=TO_DECK min=2 max=2 generated_lens=[2] shorter_legal_exists=False shorter_missed=False
[MULTISELECT] ctx=TO_HAND min=0 max=3 generated_lens=[3] shorter_legal_exists=True shorter_missed=True
[MULTISELECT] ctx=TO_DECK min=2 max=2 generated_lens=[2] shorter_legal_exists=False shorter_missed=False
[MULTISELECT] ctx=TO_HAND min=0 max=3 generated_lens=[3] shorter_legal_exists=True shorter_missed=True
[MULTISELECT] ctx=TO_DECK min=2 max=2 generated_lens=[2] shorter_legal_exists=False shorter_missed=False
[MULTISELECT] ctx=TO_HAND min=0 max=3 generated_lens=[3] shorter_legal_exists=True shorter_missed=True
[MULTISELECT] ctx=TO_DECK min=2 max=2 generated_lens=[2] shorter_legal_exists=False shorter_missed=False
[MULTISELECT] ctx=TO_HAND min=0 max=3 generated_lens=[3] shorter_legal_exists=True shorter_missed=True
[MULTISELECT] ctx=TO_DECK min=2 max=2 generated_lens=[2] shorter_legal_exists=False shorter_missed=False
[MULTISELECT] ctx=TO_HAND min=0 max=3 generated_lens=[3] shorter_legal_exists=True shorter_missed=True
[MULTISELECT] ctx=TO_DECK min=2 max=2 generated_lens=[2] shorter_legal_exists=False shorter_missed=False
[MULTISELECT] ctx=TO_HAND min=0 max=3 generated_lens=[3] shorter_legal_exists=True shorter_missed=True
[MULTISELECT] ctx=TO_DECK min=2 max=2 generated_lens=[2] shorter_legal_exists=False shorter_missed=False
[MULTISELECT] ctx=TO_HAND min=0 max=3 generated_lens=[3] shorter_legal_exists=True shorter_missed=True
[MULTISELECT] ctx=TO_DECK min=2 max=2 generated_lens=[2] shorter_legal_exists=False shorter_missed=False
[TRUNC] turn=36 ctx=MAIN opts=66 kept=64 dropped_types={PLAY:1,RETREAT:1}
[MULTISELECT] ctx=TO_HAND min=0 max=3 generated_lens=[3] shorter_legal_exists=True shorter_missed=True
[MULTISELECT] ctx=TO_HAND min=0 max=3 generated_lens=[3] shorter_legal_exists=True shorter_missed=True
[TRUNC] turn=36 ctx=MAIN opts=66 kept=64 dropped_types={PLAY:1,RETREAT:1}
[MULTISELECT] ctx=TO_DECK min=2 max=2 generated_lens=[2] shorter_legal_exists=False shorter_missed=False
[TRUNC] turn=38 ctx=MAIN opts=69 kept=64 dropped_types={ATTACH:3,PLAY:1,RETREAT:1}
[MULTISELECT] ctx=TO_DECK min=2 max=2 generated_lens=[2] shorter_legal_exists=False shorter_missed=False
[TRUNC] turn=38 ctx=MAIN opts=69 kept=64 dropped_types={ATTACH:3,PLAY:1,RETREAT:1}
[TRUNC] turn=40 ctx=MAIN opts=72 kept=64 dropped_types={ATTACH:6,PLAY:1,RETREAT:1}
[TRUNC] turn=40 ctx=MAIN opts=72 kept=64 dropped_types={ATTACH:6,PLAY:1,RETREAT:1}
[TRUNC] turn=40 ctx=MAIN opts=71 kept=64 dropped_types={ATTACH:6,PLAY:1}
[TRUNC] turn=40 ctx=MAIN opts=72 kept=64 dropped_types={ATTACH:6,PLAY:1,RETREAT:1}
[TRUNC] turn=40 ctx=MAIN opts=71 kept=64 dropped_types={ATTACH:6,PLAY:1}
[TRUNC] turn=42 ctx=MAIN opts=75 kept=64 dropped_types={ATTACH:9,PLAY:1,RETREAT:1}
[TRUNC] turn=42 ctx=MAIN opts=74 kept=64 dropped_types={ATTACH:9,PLAY:1}
[TRUNC] turn=44 ctx=MAIN opts=78 kept=64 dropped_types={ATTACH:12,PLAY:1,RETREAT:1}
[TRUNC] turn=44 ctx=MAIN opts=77 kept=64 dropped_types={ATTACH:12,PLAY:1}
[TRUNC] turn=44 ctx=MAIN opts=79 kept=64 dropped_types={ABILITY:1,ATTACH:12,PLAY:1,RETREAT:1}
[TRUNC] turn=44 ctx=MAIN opts=78 kept=64 dropped_types={ABILITY:1,ATTACH:12,PLAY:1}
[TRUNC] turn=44 ctx=MAIN opts=79 kept=64 dropped_types={ABILITY:1,ATTACH:12,PLAY:1,RETREAT:1}
[TRUNC] turn=44 ctx=MAIN opts=78 kept=64 dropped_types={ABILITY:1,ATTACH:12,PLAY:1}
[TRUNC] turn=44 ctx=MAIN opts=79 kept=64 dropped_types={ABILITY:1,ATTACH:12,PLAY:1,RETREAT:1}
[TRUNC] turn=44 ctx=MAIN opts=78 kept=64 dropped_types={ABILITY:1,ATTACH:12,PLAY:1}
[TRUNC] turn=44 ctx=MAIN opts=78 kept=64 dropped_types={ATTACH:12,PLAY:1,RETREAT:1}
[TRUNC] turn=44 ctx=MAIN opts=77 kept=64 dropped_types={ATTACH:12,PLAY:1}
[TRUNC] turn=44 ctx=MAIN opts=78 kept=64 dropped_types={ATTACH:12,PLAY:1,RETREAT:1}
[TRUNC] turn=44 ctx=MAIN opts=77 kept=64 dropped_types={ATTACH:12,PLAY:1}
[TRUNC] turn=46 ctx=MAIN opts=81 kept=64 dropped_types={ATTACH:15,PLAY:1,RETREAT:1}
[TRUNC] turn=46 ctx=MAIN opts=80 kept=64 dropped_types={ATTACH:15,PLAY:1}
[TRUNC] turn=48 ctx=MAIN opts=84 kept=64 dropped_types={ATTACH:18,PLAY:1,RETREAT:1}
[TRUNC] turn=48 ctx=MAIN opts=83 kept=64 dropped_types={ATTACH:18,PLAY:1}
[TRUNC] turn=50 ctx=MAIN opts=87 kept=64 dropped_types={ATTACH:21,PLAY:1,RETREAT:1}
[TRUNC] turn=50 ctx=MAIN opts=86 kept=64 dropped_types={ATTACH:21,PLAY:1}
[TRUNC] turn=51 ctx=MAIN opts=88 kept=64 dropped_types={ATTACH:24}
[TRUNC] turn=51 ctx=MAIN opts=88 kept=64 dropped_types={ATTACH:24}
[TRUNC] turn=52 ctx=MAIN opts=87 kept=64 dropped_types={ATTACH:21,PLAY:1,RETREAT:1}
[TRUNC] turn=54 ctx=MAIN opts=88 kept=64 dropped_types={ATTACH:21,PLAY:2,RETREAT:1}
[TRUNC] turn=56 ctx=MAIN opts=89 kept=64 dropped_types={ATTACH:21,PLAY:3,RETREAT:1}
[TRUNC] turn=53 ctx=MAIN opts=91 kept=64 dropped_types={ATTACH:27}
[TRUNC] turn=54 ctx=MAIN opts=90 kept=64 dropped_types={ATTACH:24,PLAY:1,RETREAT:1}
[TRUNC] turn=55 ctx=MAIN opts=66 kept=64 dropped_types={PLAY:1,RETREAT:1}
[TRUNC] turn=55 ctx=MAIN opts=66 kept=64 dropped_types={PLAY:1,RETREAT:1}
[TRUNC] turn=55 ctx=MAIN opts=66 kept=64 dropped_types={PLAY:1,RETREAT:1}
[TRUNC] turn=56 ctx=MAIN opts=90 kept=64 dropped_types={ATTACH:24,PLAY:1,RETREAT:1}
[TRUNC] turn=56 ctx=MAIN opts=89 kept=64 dropped_types={ATTACH:24,PLAY:1}
[TRUNC] turn=56 ctx=MAIN opts=90 kept=64 dropped_types={ATTACH:24,PLAY:1,RETREAT:1}
[TRUNC] turn=56 ctx=MAIN opts=89 kept=64 dropped_types={ATTACH:24,PLAY:1}
[TRUNC] turn=56 ctx=MAIN opts=90 kept=64 dropped_types={ATTACH:24,PLAY:1,RETREAT:1}
[TRUNC] turn=56 ctx=MAIN opts=89 kept=64 dropped_types={ATTACH:24,PLAY:1}
[TRUNC] turn=56 ctx=MAIN opts=90 kept=64 dropped_types={ATTACH:24,PLAY:1,RETREAT:1}
[TRUNC] turn=56 ctx=MAIN opts=89 kept=64 dropped_types={ATTACH:24,PLAY:1}
[TRUNC] turn=57 ctx=MAIN opts=68 kept=64 dropped_types={ATTACH:2,PLAY:1,RETREAT:1}
[MULTISELECT] ctx=TO_DECK min=2 max=2 generated_lens=[2] shorter_legal_exists=False shorter_missed=False
[TRUNC] turn=58 ctx=MAIN opts=93 kept=64 dropped_types={ATTACH:27,PLAY:1,RETREAT:1}
[TRUNC] turn=58 ctx=MAIN opts=92 kept=64 dropped_types={ATTACH:27,PLAY:1}
[TRUNC] turn=59 ctx=MAIN opts=70 kept=64 dropped_types={ATTACH:4,PLAY:1,RETREAT:1}
[MULTISELECT] ctx=TO_DECK min=2 max=2 generated_lens=[2] shorter_legal_exists=False shorter_missed=False
[TRUNC] turn=60 ctx=MAIN opts=96 kept=64 dropped_types={ATTACH:30,PLAY:1,RETREAT:1}
[TRUNC] turn=60 ctx=MAIN opts=95 kept=64 dropped_types={ATTACH:30,PLAY:1}
[TRUNC] turn=61 ctx=MAIN opts=72 kept=64 dropped_types={ATTACH:6,PLAY:1,RETREAT:1}
[MULTISELECT] ctx=TO_DECK min=2 max=2 generated_lens=[2] shorter_legal_exists=False shorter_missed=False
[TRUNC] turn=62 ctx=MAIN opts=99 kept=64 dropped_types={ATTACH:33,PLAY:1,RETREAT:1}
[TRUNC] turn=62 ctx=MAIN opts=98 kept=64 dropped_types={ATTACH:33,PLAY:1}
[TRUNC] turn=63 ctx=MAIN opts=74 kept=64 dropped_types={ATTACH:8,PLAY:1,RETREAT:1}
[MULTISELECT] ctx=TO_DECK min=2 max=2 generated_lens=[2] shorter_legal_exists=False shorter_missed=False
[MULTISELECT] ctx=TO_DECK min=2 max=2 generated_lens=[2] shorter_legal_exists=False shorter_missed=False
[TRUNC] turn=64 ctx=MAIN opts=102 kept=64 dropped_types={ATTACH:36,PLAY:1,RETREAT:1}
[TRUNC] turn=64 ctx=MAIN opts=101 kept=64 dropped_types={ATTACH:36,PLAY:1}
[TRUNC] turn=64 ctx=MAIN opts=103 kept=64 dropped_types={ABILITY:1,ATTACH:36,PLAY:1,RETREAT:1}
[TRUNC] turn=64 ctx=MAIN opts=102 kept=64 dropped_types={ABILITY:1,ATTACH:36,PLAY:1}
[TRUNC] turn=64 ctx=MAIN opts=103 kept=64 dropped_types={ABILITY:1,ATTACH:36,PLAY:1,RETREAT:1}
[TRUNC] turn=64 ctx=MAIN opts=102 kept=64 dropped_types={ABILITY:1,ATTACH:36,PLAY:1}
[TRUNC] turn=64 ctx=MAIN opts=103 kept=64 dropped_types={ABILITY:1,ATTACH:36,PLAY:1,RETREAT:1}
[TRUNC] turn=64 ctx=MAIN opts=102 kept=64 dropped_types={ABILITY:1,ATTACH:36,PLAY:1}
[TRUNC] turn=64 ctx=MAIN opts=103 kept=64 dropped_types={ABILITY:1,ATTACH:36,PLAY:1,RETREAT:1}
[TRUNC] turn=64 ctx=MAIN opts=103 kept=64 dropped_types={ABILITY:1,ATTACH:36,PLAY:1,RETREAT:1}
[TRUNC] turn=64 ctx=MAIN opts=103 kept=64 dropped_types={ABILITY:1,ATTACH:36,PLAY:1,RETREAT:1}
[TRUNC] turn=64 ctx=MAIN opts=102 kept=64 dropped_types={ABILITY:1,ATTACH:36,PLAY:1}
[TRUNC] turn=64 ctx=MAIN opts=103 kept=64 dropped_types={ABILITY:1,ATTACH:36,PLAY:1,RETREAT:1}
[TRUNC] turn=64 ctx=MAIN opts=102 kept=64 dropped_types={ABILITY:1,ATTACH:36,PLAY:1}
[TRUNC] turn=63 ctx=MAIN opts=68 kept=64 dropped_types={ATTACH:2,PLAY:1,RETREAT:1}
[TRUNC] turn=63 ctx=MAIN opts=68 kept=64 dropped_types={ATTACH:2,PLAY:1,RETREAT:1}
[TRUNC] turn=63 ctx=MAIN opts=68 kept=64 dropped_types={ATTACH:2,PLAY:1,RETREAT:1}
[TRUNC] turn=64 ctx=MAIN opts=103 kept=64 dropped_types={ABILITY:1,ATTACH:36,PLAY:1,RETREAT:1}
[TRUNC] turn=64 ctx=MAIN opts=102 kept=64 dropped_types={ABILITY:1,ATTACH:36,PLAY:1}
[MULTISELECT] ctx=DISCARD min=2 max=2 generated_lens=[2] shorter_legal_exists=False shorter_missed=False
[MULTISELECT] ctx=DISCARD min=2 max=2 generated_lens=[2] shorter_legal_exists=False shorter_missed=False
[MULTISELECT] ctx=DISCARD min=2 max=2 generated_lens=[2] shorter_legal_exists=False shorter_missed=False
[MULTISELECT] ctx=DISCARD min=2 max=2 generated_lens=[2] shorter_legal_exists=False shorter_missed=False
[TRUNC] turn=64 ctx=MAIN opts=103 kept=64 dropped_types={ABILITY:1,ATTACH:36,PLAY:1,RETREAT:1}
[TRUNC] turn=64 ctx=MAIN opts=102 kept=64 dropped_types={ABILITY:1,ATTACH:36,PLAY:1}
[TRUNC] turn=64 ctx=MAIN opts=103 kept=64 dropped_types={ABILITY:1,ATTACH:36,PLAY:1,RETREAT:1}
[TRUNC] turn=64 ctx=MAIN opts=102 kept=64 dropped_types={ABILITY:1,ATTACH:36,PLAY:1}
[MULTISELECT] ctx=DISCARD min=2 max=2 generated_lens=[2] shorter_legal_exists=False shorter_missed=False
[MULTISELECT] ctx=DISCARD min=2 max=2 generated_lens=[2] shorter_legal_exists=False shorter_missed=False
[TRUNC] turn=64 ctx=MAIN opts=103 kept=64 dropped_types={ABILITY:1,ATTACH:36,PLAY:1,RETREAT:1}
[TRUNC] turn=64 ctx=MAIN opts=102 kept=64 dropped_types={ABILITY:1,ATTACH:36,PLAY:1}
[TRUNC] turn=64 ctx=MAIN opts=103 kept=64 dropped_types={ABILITY:1,ATTACH:36,PLAY:1,RETREAT:1}
[TRUNC] turn=64 ctx=MAIN opts=102 kept=64 dropped_types={ABILITY:1,ATTACH:36,PLAY:1}
[MULTISELECT] ctx=DISCARD min=2 max=2 generated_lens=[2] shorter_legal_exists=False shorter_missed=False
[MULTISELECT] ctx=DISCARD min=2 max=2 generated_lens=[2] shorter_legal_exists=False shorter_missed=False
[TRUNC] turn=64 ctx=MAIN opts=103 kept=64 dropped_types={ABILITY:1,ATTACH:36,PLAY:1,RETREAT:1}
[TRUNC] turn=64 ctx=MAIN opts=102 kept=64 dropped_types={ABILITY:1,ATTACH:36,PLAY:1}
[TRUNC] turn=64 ctx=MAIN opts=102 kept=64 dropped_types={ABILITY:1,ATTACH:36,PLAY:1}
[TRUNC] turn=64 ctx=MAIN opts=103 kept=64 dropped_types={ABILITY:1,ATTACH:36,PLAY:1,RETREAT:1}
[TRUNC] turn=64 ctx=MAIN opts=102 kept=64 dropped_types={ABILITY:1,ATTACH:36,PLAY:1}
[TRUNC] turn=64 ctx=MAIN opts=103 kept=64 dropped_types={ABILITY:1,ATTACH:36,PLAY:1,RETREAT:1}
[TRUNC] turn=64 ctx=MAIN opts=102 kept=64 dropped_types={ABILITY:1,ATTACH:36,PLAY:1}
[TRUNC] turn=64 ctx=MAIN opts=103 kept=64 dropped_types={ABILITY:1,ATTACH:36,PLAY:1,RETREAT:1}
[TRUNC] turn=64 ctx=MAIN opts=102 kept=64 dropped_types={ABILITY:1,ATTACH:36,PLAY:1}
[TRUNC] turn=64 ctx=MAIN opts=103 kept=64 dropped_types={ABILITY:1,ATTACH:36,PLAY:1,RETREAT:1}
[TRUNC] turn=64 ctx=MAIN opts=102 kept=64 dropped_types={ABILITY:1,ATTACH:36,PLAY:1}
[TRUNC] turn=64 ctx=MAIN opts=103 kept=64 dropped_types={ABILITY:1,ATTACH:36,PLAY:1,RETREAT:1}
[TRUNC] turn=64 ctx=MAIN opts=102 kept=64 dropped_types={ABILITY:1,ATTACH:36,PLAY:1}
[TRUNC] turn=64 ctx=MAIN opts=103 kept=64 dropped_types={ABILITY:1,ATTACH:36,PLAY:1,RETREAT:1}
[MULTISELECT] ctx=TO_DECK min=2 max=2 generated_lens=[2] shorter_legal_exists=False shorter_missed=False
[MULTISELECT] ctx=TO_DECK min=2 max=2 generated_lens=[2] shorter_legal_exists=False shorter_missed=False
[MULTISELECT] ctx=DISCARD min=2 max=2 generated_lens=[2] shorter_legal_exists=False shorter_missed=False
[MULTISELECT] ctx=DISCARD min=2 max=2 generated_lens=[2] shorter_legal_exists=False shorter_missed=False
[MULTISELECT] ctx=DISCARD min=2 max=2 generated_lens=[2] shorter_legal_exists=False shorter_missed=False
[MULTISELECT] ctx=DISCARD min=2 max=2 generated_lens=[2] shorter_legal_exists=False shorter_missed=False
[MULTISELECT] ctx=DISCARD min=2 max=2 generated_lens=[2] shorter_legal_exists=False shorter_missed=False
[MULTISELECT] ctx=DISCARD min=2 max=2 generated_lens=[2] shorter_legal_exists=False shorter_missed=False
[MULTISELECT] ctx=DISCARD min=2 max=2 generated_lens=[2] shorter_legal_exists=False shorter_missed=False
[MULTISELECT] ctx=DISCARD min=2 max=2 generated_lens=[2] shorter_legal_exists=False shorter_missed=False
[MULTISELECT] ctx=DISCARD min=2 max=2 generated_lens=[2] shorter_legal_exists=False shorter_missed=False
[MULTISELECT] ctx=DISCARD min=2 max=2 generated_lens=[2] shorter_legal_exists=False shorter_missed=False
[MULTISELECT] ctx=DISCARD min=2 max=2 generated_lens=[2] shorter_legal_exists=False shorter_missed=False
[MULTISELECT] ctx=DISCARD min=2 max=2 generated_lens=[2] shorter_legal_exists=False shorter_missed=False
[MULTISELECT] ctx=DISCARD min=2 max=2 generated_lens=[2] shorter_legal_exists=False shorter_missed=False
[MULTISELECT] ctx=DISCARD min=2 max=2 generated_lens=[2] shorter_legal_exists=False shorter_missed=False
[MULTISELECT] ctx=DISCARD min=2 max=2 generated_lens=[2] shorter_legal_exists=False shorter_missed=False
[MULTISELECT] ctx=DISCARD min=2 max=2 generated_lens=[2] shorter_legal_exists=False shorter_missed=False
[MULTISELECT] ctx=DISCARD min=2 max=2 generated_lens=[2] shorter_legal_exists=False shorter_missed=False
[MULTISELECT] ctx=DISCARD min=2 max=2 generated_lens=[2] shorter_legal_exists=False shorter_missed=False
[MULTISELECT] ctx=DISCARD min=2 max=2 generated_lens=[2] shorter_legal_exists=False shorter_missed=False
[MULTISELECT] ctx=DISCARD min=2 max=2 generated_lens=[2] shorter_legal_exists=False shorter_missed=False
[MULTISELECT] ctx=DISCARD min=2 max=2 generated_lens=[2] shorter_legal_exists=False shorter_missed=False
[MULTISELECT] ctx=DISCARD min=2 max=2 generated_lens=[2] shorter_legal_exists=False shorter_missed=False
[MULTISELECT] ctx=DISCARD min=2 max=2 generated_lens=[2] shorter_legal_exists=False shorter_missed=False
[MULTISELECT] ctx=DISCARD min=2 max=2 generated_lens=[2] shorter_legal_exists=False shorter_missed=False
[MULTISELECT] ctx=DISCARD min=2 max=2 generated_lens=[2] shorter_legal_exists=False shorter_missed=False
[TRUNC] turn=65 ctx=MAIN opts=124 kept=64 dropped_types={ATTACH:58,PLAY:1,RETREAT:1}
[TRUNC] turn=65 ctx=MAIN opts=124 kept=64 dropped_types={ATTACH:58,PLAY:1,RETREAT:1}
[TRUNC] turn=65 ctx=MAIN opts=124 kept=64 dropped_types={ATTACH:58,PLAY:1,RETREAT:1}
[MULTISELECT] ctx=TO_DECK min=2 max=2 generated_lens=[2] shorter_legal_exists=False shorter_missed=False
[TRUNC] turn=66 ctx=MAIN opts=129 kept=64 dropped_types={ABILITY:1,ATTACH:63,RETREAT:1}
[MULTISELECT] ctx=TO_DECK min=2 max=2 generated_lens=[2] shorter_legal_exists=False shorter_missed=False
[TRUNC] turn=67 ctx=MAIN opts=130 kept=64 dropped_types={ATTACH:64,PLAY:1,RETREAT:1}
[MULTISELECT] ctx=TO_DECK min=2 max=2 generated_lens=[2] shorter_legal_exists=False shorter_missed=False
[TRUNC] turn=67 ctx=MAIN opts=130 kept=64 dropped_types={ATTACH:64,PLAY:1,RETREAT:1}
[TRUNC] turn=67 ctx=MAIN opts=130 kept=64 dropped_types={ATTACH:64,PLAY:1,RETREAT:1}
[TRUNC] turn=67 ctx=MAIN opts=130 kept=64 dropped_types={ATTACH:64,PLAY:1,RETREAT:1}
[TRUNC] turn=67 ctx=MAIN opts=130 kept=64 dropped_types={ATTACH:64,PLAY:1,RETREAT:1}
[MULTISELECT] ctx=TO_DECK min=2 max=2 generated_lens=[2] shorter_legal_exists=False shorter_missed=False
[TRUNC] turn=68 ctx=MAIN opts=134 kept=64 dropped_types={ABILITY:1,ATTACH:69}
[TRUNC] turn=68 ctx=MAIN opts=135 kept=64 dropped_types={ABILITY:1,ATTACH:69,RETREAT:1}
[MULTISELECT] ctx=TO_DECK min=2 max=2 generated_lens=[2] shorter_legal_exists=False shorter_missed=False
[TRUNC] turn=68 ctx=MAIN opts=134 kept=64 dropped_types={ABILITY:1,ATTACH:69}
[TRUNC] turn=68 ctx=MAIN opts=135 kept=64 dropped_types={ABILITY:1,ATTACH:69,RETREAT:1}
[TRUNC] turn=68 ctx=MAIN opts=134 kept=64 dropped_types={ABILITY:1,ATTACH:69}
[TRUNC] turn=68 ctx=MAIN opts=135 kept=64 dropped_types={ABILITY:1,ATTACH:69,RETREAT:1}
[TRUNC] turn=69 ctx=MAIN opts=129 kept=64 dropped_types={ATTACH:63,PLAY:1,RETREAT:1}
[MULTISELECT] ctx=TO_HAND min=2 max=2 generated_lens=[2] shorter_legal_exists=False shorter_missed=False
[TRUNC] turn=69 ctx=MAIN opts=107 kept=64 dropped_types={ATTACH:42,PLAY:1}
[TRUNC] turn=69 ctx=MAIN opts=129 kept=64 dropped_types={ATTACH:63,PLAY:1,RETREAT:1}
[MULTISELECT] ctx=TO_HAND min=2 max=2 generated_lens=[2] shorter_legal_exists=False shorter_missed=False
[TRUNC] turn=69 ctx=MAIN opts=107 kept=64 dropped_types={ATTACH:42,PLAY:1}
[TRUNC] turn=69 ctx=MAIN opts=107 kept=64 dropped_types={ATTACH:42,PLAY:1}
[TRUNC] turn=69 ctx=MAIN opts=107 kept=64 dropped_types={ATTACH:42,PLAY:1}
[TRUNC] turn=70 ctx=MAIN opts=130 kept=64 dropped_types={ABILITY:1,ATTACH:64,RETREAT:1}
[TRUNC] turn=70 ctx=MAIN opts=130 kept=64 dropped_types={ABILITY:1,ATTACH:64,RETREAT:1}
[MULTISELECT] ctx=TO_HAND min=2 max=2 generated_lens=[2] shorter_legal_exists=False shorter_missed=False
[MULTISELECT] ctx=TO_HAND min=2 max=2 generated_lens=[2] shorter_legal_exists=False shorter_missed=False
[TRUNC] turn=71 ctx=MAIN opts=108 kept=64 dropped_types={ATTACH:42,PLAY:1,RETREAT:1}
[MULTISELECT] ctx=TO_HAND min=2 max=2 generated_lens=[2] shorter_legal_exists=False shorter_missed=False
[TRUNC] turn=71 ctx=MAIN opts=108 kept=64 dropped_types={ATTACH:42,PLAY:1,RETREAT:1}
[TRUNC] turn=71 ctx=MAIN opts=107 kept=64 dropped_types={ATTACH:42,PLAY:1}
[TRUNC] turn=71 ctx=MAIN opts=107 kept=64 dropped_types={ATTACH:42,PLAY:1}
[MULTISELECT] ctx=TO_HAND min=2 max=2 generated_lens=[2] shorter_legal_exists=False shorter_missed=False
[TRUNC] turn=71 ctx=MAIN opts=108 kept=64 dropped_types={ATTACH:42,PLAY:1,RETREAT:1}
[TRUNC] turn=71 ctx=MAIN opts=107 kept=64 dropped_types={ATTACH:42,PLAY:1}
[TRUNC] turn=71 ctx=MAIN opts=107 kept=64 dropped_types={ATTACH:42,PLAY:1}
[TRUNC] turn=71 ctx=MAIN opts=107 kept=64 dropped_types={ATTACH:42,PLAY:1}
[TRUNC] turn=72 ctx=MAIN opts=141 kept=64 dropped_types={ATTACH:76,RETREAT:1}
[TRUNC] turn=72 ctx=MAIN opts=141 kept=64 dropped_types={ATTACH:76,RETREAT:1}
[MULTISELECT] ctx=DISCARD min=2 max=2 generated_lens=[2] shorter_legal_exists=False shorter_missed=False
[TRUNC] turn=72 ctx=MAIN opts=140 kept=64 dropped_types={ATTACH:75,RETREAT:1}
[MULTISELECT] ctx=DISCARD min=2 max=2 generated_lens=[2] shorter_legal_exists=False shorter_missed=False
[TRUNC] turn=72 ctx=MAIN opts=140 kept=64 dropped_types={ATTACH:75,RETREAT:1}
[MULTISELECT] ctx=DISCARD min=2 max=2 generated_lens=[2] shorter_legal_exists=False shorter_missed=False
[TRUNC] turn=72 ctx=MAIN opts=140 kept=64 dropped_types={ATTACH:75,RETREAT:1}
[MULTISELECT] ctx=DISCARD min=2 max=2 generated_lens=[2] shorter_legal_exists=False shorter_missed=False
[TRUNC] turn=72 ctx=MAIN opts=140 kept=64 dropped_types={ATTACH:75,RETREAT:1}
[MULTISELECT] ctx=DISCARD min=2 max=2 generated_lens=[2] shorter_legal_exists=False shorter_missed=False
[TRUNC] turn=72 ctx=MAIN opts=140 kept=64 dropped_types={ATTACH:75,RETREAT:1}
[MULTISELECT] ctx=DISCARD min=2 max=2 generated_lens=[2] shorter_legal_exists=False shorter_missed=False
[TRUNC] turn=72 ctx=MAIN opts=140 kept=64 dropped_types={ATTACH:75,RETREAT:1}
[MULTISELECT] ctx=DISCARD min=2 max=2 generated_lens=[2] shorter_legal_exists=False shorter_missed=False
[TRUNC] turn=72 ctx=MAIN opts=140 kept=64 dropped_types={ATTACH:75,RETREAT:1}
[TRUNC] turn=72 ctx=MAIN opts=140 kept=64 dropped_types={ATTACH:75,RETREAT:1}
[TRUNC] turn=73 ctx=MAIN opts=119 kept=64 dropped_types={ATTACH:54,RETREAT:1}
[MULTISELECT] ctx=TO_HAND min=2 max=2 generated_lens=[2] shorter_legal_exists=False shorter_missed=False
[MULTISELECT] ctx=TO_HAND min=2 max=2 generated_lens=[2] shorter_legal_exists=False shorter_missed=False
[TRUNC] turn=73 ctx=MAIN opts=107 kept=64 dropped_types={ATTACH:41,PLAY:1,RETREAT:1}
[TRUNC] turn=73 ctx=MAIN opts=107 kept=64 dropped_types={ATTACH:41,PLAY:1,RETREAT:1}
[MULTISELECT] ctx=TO_HAND min=2 max=2 generated_lens=[2] shorter_legal_exists=False shorter_missed=False
[TRUNC] turn=73 ctx=MAIN opts=107 kept=64 dropped_types={ATTACH:41,PLAY:1,RETREAT:1}
[TRUNC] turn=73 ctx=MAIN opts=107 kept=64 dropped_types={ATTACH:41,PLAY:1,RETREAT:1}
[TRUNC] turn=73 ctx=MAIN opts=107 kept=64 dropped_types={ATTACH:41,PLAY:1,RETREAT:1}
[MULTISELECT] ctx=TO_HAND min=2 max=2 generated_lens=[2] shorter_legal_exists=False shorter_missed=False
[TRUNC] turn=73 ctx=MAIN opts=107 kept=64 dropped_types={ATTACH:41,PLAY:1,RETREAT:1}
[TRUNC] turn=73 ctx=MAIN opts=107 kept=64 dropped_types={ATTACH:41,PLAY:1,RETREAT:1}
[TRUNC] turn=73 ctx=MAIN opts=107 kept=64 dropped_types={ATTACH:41,PLAY:1,RETREAT:1}
[TRUNC] turn=73 ctx=MAIN opts=107 kept=64 dropped_types={ATTACH:41,PLAY:1,RETREAT:1}
=== DIAG_DUMP_BEGIN ===
DIAG_GAMES=1
TRUNC_TOTAL_NODES=1050
TRUNC_FIRED=149
TRUNC_FIRE_RATE=14.19%
TRUNC_OPTCOUNT_HIST=1-8:396|9-16:97|17-32:176|33-64:232|65-128:123|129-256:26|257+:0
TRUNC_FIRE_RATE_BY_TURN=1-2:0.00%(0/28)|3-5:0.00%(0/22)|6+:14.90%(149/1000)
TRUNC_DROPPED_BY_TYPE=ABILITY:51,ATTACH:5138,PLAY:129,RETREAT:97
TRUNC_DROPPED_CRITICAL=0
TRUNC_DROPPED_CRITICAL_STATUS=PASS
MULTISELECT_FIXED_LEN=min=0,max=2:nodes=2,shorter_legal=2,shorter_generated=0,shorter_missed=2|min=0,max=3:nodes=18,shorter_legal=18,shorter_generated=0,shorter_missed=18|min=0,max=5:nodes=3,shorter_legal=3,shorter_generated=0,shorter_missed=3|min=2,max=2:nodes=84,shorter_legal=0,shorter_generated=0,shorter_missed=0
MULTISELECT_SHORTER_MISSED=23
MULTISELECT_CTX_HIST=DISCARD:43,SETUP_BENCH_POKEMON:5,TO_DECK:31,TO_HAND:28
GAME_LENGTH_HIST=1-15:0|16-25:0|26-40:0|41-60:0|61+:1
WIN_BY_CAUSE=DECK_OUT:W=1,L=1,D=0
TURN_NODE_DIST=1-2:2.67%(28/1050)|3-5:2.10%(22/1050)|6+:95.24%(1000/1050)
SEARCH_MAX_DEPTH=5
SEARCH_MEAN_DEPTH=1.7580
PRIZE_REWARD_REACHED=0.00%(0/176)
STALL_DRAW_PASS_TURNS=45
STALL_SHUFFLE_WITH_RESOURCES=0
MISSED_ATTACH=68
SHAPING_BREAKDOWN=BOARD_DECK_DIFF:0.009124|DAMAGE_PRESSURE:0.004638|DISRUPTION:0.000143|ENERGY_DENIAL:0.000000|ITEM_LOCK_PENALTY:0.000000|KO_BONUS:0.000000|PARALYSIS:0.000000|PRIZE_DIFF:-0.002381|SLEEP:0.000000
=== DIAG_DUMP_END ===
[MULTISELECT] ctx=SETUP_BENCH_POKEMON min=0 max=5 generated_lens=[5] shorter_legal_exists=True shorter_missed=True
[MULTISELECT] ctx=SETUP_BENCH_POKEMON min=0 max=5 generated_lens=[5] shorter_legal_exists=True shorter_missed=True
[MULTISELECT] ctx=SETUP_BENCH_POKEMON min=0 max=5 generated_lens=[5] shorter_legal_exists=True shorter_missed=True
[MULTISELECT] ctx=SETUP_BENCH_POKEMON min=0 max=2 generated_lens=[2] shorter_legal_exists=True shorter_missed=True
[MULTISELECT] ctx=SETUP_BENCH_POKEMON min=0 max=5 generated_lens=[5] shorter_legal_exists=True shorter_missed=True
[MULTISELECT] ctx=SETUP_BENCH_POKEMON min=0 max=2 generated_lens=[2] shorter_legal_exists=True shorter_missed=True
[MULTISELECT] ctx=SETUP_BENCH_POKEMON min=0 max=2 generated_lens=[2] shorter_legal_exists=True shorter_missed=True
[MULTISELECT] ctx=TO_DECK min=2 max=2 generated_lens=[2] shorter_legal_exists=False shorter_missed=False
[MULTISELECT] ctx=TO_DECK min=2 max=2 generated_lens=[2] shorter_legal_exists=False shorter_missed=False
[MULTISELECT] ctx=TO_DECK min=2 max=2 generated_lens=[2] shorter_legal_exists=False shorter_missed=False
[MULTISELECT] ctx=TO_DECK min=2 max=2 generated_lens=[2] shorter_legal_exists=False shorter_missed=False
[MULTISELECT] ctx=TO_DECK min=2 max=2 generated_lens=[2] shorter_legal_exists=False shorter_missed=False
[MULTISELECT] ctx=TO_DECK min=2 max=2 generated_lens=[2] shorter_legal_exists=False shorter_missed=False
[MULTISELECT] ctx=TO_DECK min=2 max=2 generated_lens=[2] shorter_legal_exists=False shorter_missed=False
[MULTISELECT] ctx=DISCARD min=2 max=2 generated_lens=[2] shorter_legal_exists=False shorter_missed=False
[MULTISELECT] ctx=DISCARD min=2 max=2 generated_lens=[2] shorter_legal_exists=False shorter_missed=False
[MULTISELECT] ctx=TO_DECK min=2 max=2 generated_lens=[2] shorter_legal_exists=False shorter_missed=False
[MULTISELECT] ctx=DISCARD min=2 max=2 generated_lens=[2] shorter_legal_exists=False shorter_missed=False
[MULTISELECT] ctx=TO_DECK min=2 max=2 generated_lens=[2] shorter_legal_exists=False shorter_missed=False
[MULTISELECT] ctx=TO_DECK min=2 max=2 generated_lens=[2] shorter_legal_exists=False shorter_missed=False
[MULTISELECT] ctx=DISCARD min=2 max=2 generated_lens=[2] shorter_legal_exists=False shorter_missed=False
[MULTISELECT] ctx=DISCARD min=2 max=2 generated_lens=[2] shorter_legal_exists=False shorter_missed=False
[MULTISELECT] ctx=DISCARD min=2 max=2 generated_lens=[2] shorter_legal_exists=False shorter_missed=False
[MULTISELECT] ctx=TO_DECK min=2 max=2 generated_lens=[2] shorter_legal_exists=False shorter_missed=False
[MULTISELECT] ctx=TO_DECK min=2 max=2 generated_lens=[2] shorter_legal_exists=False shorter_missed=False
[MULTISELECT] ctx=TO_DECK min=2 max=2 generated_lens=[2] shorter_legal_exists=False shorter_missed=False
[MULTISELECT] ctx=TO_DECK min=2 max=2 generated_lens=[2] shorter_legal_exists=False shorter_missed=False
[MULTISELECT] ctx=TO_HAND min=0 max=3 generated_lens=[3] shorter_legal_exists=True shorter_missed=True
[MULTISELECT] ctx=TO_HAND min=0 max=3 generated_lens=[3] shorter_legal_exists=True shorter_missed=True
[MULTISELECT] ctx=TO_HAND min=0 max=3 generated_lens=[3] shorter_legal_exists=True shorter_missed=True
[MULTISELECT] ctx=TO_HAND min=0 max=3 generated_lens=[3] shorter_legal_exists=True shorter_missed=True
[MULTISELECT] ctx=TO_HAND min=0 max=3 generated_lens=[3] shorter_legal_exists=True shorter_missed=True
[TRUNC] turn=38 ctx=MAIN opts=79 kept=64 dropped_types={ATTACH:13,PLAY:1,RETREAT:1}
[TRUNC] turn=39 ctx=MAIN opts=68 kept=64 dropped_types={ABILITY:1,ATTACH:2,RETREAT:1}
[MULTISELECT] ctx=TO_HAND min=0 max=3 generated_lens=[3] shorter_legal_exists=True shorter_missed=True
[TRUNC] turn=40 ctx=MAIN opts=79 kept=64 dropped_types={ATTACH:13,PLAY:1,RETREAT:1}
[TRUNC] turn=41 ctx=MAIN opts=73 kept=64 dropped_types={ABILITY:1,ATTACH:7,RETREAT:1}
[MULTISELECT] ctx=TO_HAND min=0 max=3 generated_lens=[3] shorter_legal_exists=True shorter_missed=True
[TRUNC] turn=42 ctx=MAIN opts=79 kept=64 dropped_types={ATTACH:13,PLAY:1,RETREAT:1}
[TRUNC] turn=43 ctx=MAIN opts=78 kept=64 dropped_types={ABILITY:1,ATTACH:12,RETREAT:1}
[MULTISELECT] ctx=TO_HAND min=0 max=3 generated_lens=[3] shorter_legal_exists=True shorter_missed=True
[TRUNC] turn=44 ctx=MAIN opts=83 kept=64 dropped_types={ATTACH:17,PLAY:1,RETREAT:1}
[TRUNC] turn=45 ctx=MAIN opts=68 kept=64 dropped_types={ABILITY:1,ATTACH:1,PLAY:1,RETREAT:1}
[MULTISELECT] ctx=TO_HAND min=0 max=3 generated_lens=[3] shorter_legal_exists=True shorter_missed=True
[TRUNC] turn=46 ctx=MAIN opts=87 kept=64 dropped_types={ATTACH:21,PLAY:1,RETREAT:1}
[TRUNC] turn=47 ctx=MAIN opts=71 kept=64 dropped_types={ATTACH:5,PLAY:1,RETREAT:1}
[TRUNC] turn=47 ctx=MAIN opts=71 kept=64 dropped_types={ATTACH:5,PLAY:1,RETREAT:1}
[TRUNC] turn=47 ctx=MAIN opts=71 kept=64 dropped_types={ATTACH:5,PLAY:1,RETREAT:1}
[TRUNC] turn=48 ctx=MAIN opts=87 kept=64 dropped_types={ATTACH:21,PLAY:1,RETREAT:1}
[MULTISELECT] ctx=TO_HAND min=0 max=3 generated_lens=[3] shorter_legal_exists=True shorter_missed=True
[MULTISELECT] ctx=TO_HAND min=0 max=3 generated_lens=[3] shorter_legal_exists=True shorter_missed=True
[TRUNC] turn=48 ctx=MAIN opts=87 kept=64 dropped_types={ATTACH:21,PLAY:1,RETREAT:1}
[MULTISELECT] ctx=TO_HAND min=0 max=3 generated_lens=[3] shorter_legal_exists=True shorter_missed=True
[TRUNC] turn=48 ctx=MAIN opts=87 kept=64 dropped_types={ATTACH:21,PLAY:1,RETREAT:1}
[TRUNC] turn=49 ctx=MAIN opts=98 kept=64 dropped_types={ATTACH:32,PLAY:1,RETREAT:1}
[TRUNC] turn=49 ctx=MAIN opts=98 kept=64 dropped_types={ATTACH:32,PLAY:1,RETREAT:1}
[TRUNC] turn=50 ctx=MAIN opts=87 kept=64 dropped_types={ATTACH:21,PLAY:1,RETREAT:1}
[TRUNC] turn=50 ctx=MAIN opts=88 kept=64 dropped_types={ABILITY:1,ATTACH:21,PLAY:1,RETREAT:1}
[TRUNC] turn=50 ctx=MAIN opts=88 kept=64 dropped_types={ABILITY:1,ATTACH:21,PLAY:1,RETREAT:1}
[TRUNC] turn=50 ctx=MAIN opts=88 kept=64 dropped_types={ABILITY:1,ATTACH:21,PLAY:1,RETREAT:1}
[TRUNC] turn=50 ctx=MAIN opts=88 kept=64 dropped_types={ABILITY:1,ATTACH:21,PLAY:1,RETREAT:1}
[TRUNC] turn=50 ctx=MAIN opts=88 kept=64 dropped_types={ABILITY:1,ATTACH:21,PLAY:1,RETREAT:1}
[TRUNC] turn=50 ctx=MAIN opts=88 kept=64 dropped_types={ABILITY:1,ATTACH:21,PLAY:1,RETREAT:1}
[TRUNC] turn=51 ctx=MAIN opts=94 kept=64 dropped_types={ABILITY:1,ATTACH:27,PLAY:1,RETREAT:1}
[TRUNC] turn=52 ctx=MAIN opts=92 kept=64 dropped_types={ABILITY:1,ATTACH:25,PLAY:1,RETREAT:1}
[TRUNC] turn=53 ctx=MAIN opts=99 kept=64 dropped_types={ABILITY:1,ATTACH:32,PLAY:1,RETREAT:1}
[MULTISELECT] ctx=TO_DECK min=2 max=2 generated_lens=[2] shorter_legal_exists=False shorter_missed=False
[TRUNC] turn=54 ctx=MAIN opts=95 kept=64 dropped_types={ATTACH:29,PLAY:1,RETREAT:1}
[TRUNC] turn=54 ctx=MAIN opts=96 kept=64 dropped_types={ABILITY:1,ATTACH:29,PLAY:1,RETREAT:1}
[TRUNC] turn=54 ctx=MAIN opts=95 kept=64 dropped_types={ATTACH:29,PLAY:1,RETREAT:1}
[TRUNC] turn=54 ctx=MAIN opts=95 kept=64 dropped_types={ATTACH:29,PLAY:1,RETREAT:1}
[TRUNC] turn=56 ctx=MAIN opts=96 kept=64 dropped_types={ATTACH:29,PLAY:2,RETREAT:1}
[TRUNC] turn=55 ctx=MAIN opts=99 kept=64 dropped_types={ABILITY:1,ATTACH:32,PLAY:1,RETREAT:1}
[TRUNC] turn=57 ctx=MAIN opts=100 kept=64 dropped_types={ABILITY:1,ATTACH:32,PLAY:2,RETREAT:1}
[TRUNC] turn=56 ctx=MAIN opts=99 kept=64 dropped_types={ATTACH:33,PLAY:1,RETREAT:1}
[TRUNC] turn=57 ctx=MAIN opts=104 kept=64 dropped_types={ABILITY:1,ATTACH:37,PLAY:1,RETREAT:1}
[TRUNC] turn=59 ctx=MAIN opts=105 kept=64 dropped_types={ABILITY:1,ATTACH:37,PLAY:2,RETREAT:1}
[TRUNC] turn=58 ctx=MAIN opts=103 kept=64 dropped_types={ATTACH:37,PLAY:1,RETREAT:1}
[MULTISELECT] ctx=TO_HAND min=0 max=3 generated_lens=[3] shorter_legal_exists=True shorter_missed=True
[TRUNC] turn=59 ctx=MAIN opts=109 kept=64 dropped_types={ABILITY:1,ATTACH:42,PLAY:1,RETREAT:1}
[MULTISELECT] ctx=TO_HAND min=0 max=3 generated_lens=[3] shorter_legal_exists=True shorter_missed=True
[TRUNC] turn=59 ctx=MAIN opts=109 kept=64 dropped_types={ABILITY:1,ATTACH:42,PLAY:1,RETREAT:1}
[TRUNC] turn=59 ctx=MAIN opts=109 kept=64 dropped_types={ABILITY:1,ATTACH:42,PLAY:1,RETREAT:1}
[TRUNC] turn=59 ctx=MAIN opts=109 kept=64 dropped_types={ABILITY:1,ATTACH:42,PLAY:1,RETREAT:1}
[TRUNC] turn=59 ctx=MAIN opts=109 kept=64 dropped_types={ABILITY:1,ATTACH:42,PLAY:1,RETREAT:1}
[TRUNC] turn=59 ctx=MAIN opts=109 kept=64 dropped_types={ABILITY:1,ATTACH:42,PLAY:1,RETREAT:1}
[TRUNC] turn=59 ctx=MAIN opts=109 kept=64 dropped_types={ABILITY:1,ATTACH:42,PLAY:1,RETREAT:1}
[TRUNC] turn=59 ctx=MAIN opts=109 kept=64 dropped_types={ABILITY:1,ATTACH:42,PLAY:1,RETREAT:1}
[MULTISELECT] ctx=DISCARD min=2 max=2 generated_lens=[2] shorter_legal_exists=False shorter_missed=False
[MULTISELECT] ctx=DISCARD min=2 max=2 generated_lens=[2] shorter_legal_exists=False shorter_missed=False
[TRUNC] turn=59 ctx=MAIN opts=109 kept=64 dropped_types={ABILITY:1,ATTACH:42,PLAY:1,RETREAT:1}
[TRUNC] turn=59 ctx=MAIN opts=109 kept=64 dropped_types={ABILITY:1,ATTACH:42,PLAY:1,RETREAT:1}
[TRUNC] turn=59 ctx=MAIN opts=109 kept=64 dropped_types={ABILITY:1,ATTACH:42,PLAY:1,RETREAT:1}
[TRUNC] turn=59 ctx=MAIN opts=109 kept=64 dropped_types={ABILITY:1,ATTACH:42,PLAY:1,RETREAT:1}
[MULTISELECT] ctx=TO_DECK min=2 max=2 generated_lens=[2] shorter_legal_exists=False shorter_missed=False
[TRUNC] turn=60 ctx=MAIN opts=146 kept=64 dropped_types={ATTACH:81,RETREAT:1}
[MULTISELECT] ctx=TO_DECK min=2 max=2 generated_lens=[2] shorter_legal_exists=False shorter_missed=False
[MULTISELECT] ctx=TO_DECK min=2 max=2 generated_lens=[2] shorter_legal_exists=False shorter_missed=False
[TRUNC] turn=60 ctx=MAIN opts=146 kept=64 dropped_types={ATTACH:81,RETREAT:1}
[MULTISELECT] ctx=TO_DECK min=2 max=2 generated_lens=[2] shorter_legal_exists=False shorter_missed=False
[TRUNC] turn=60 ctx=MAIN opts=146 kept=64 dropped_types={ATTACH:81,RETREAT:1}
[TRUNC] turn=60 ctx=MAIN opts=146 kept=64 dropped_types={ATTACH:81,RETREAT:1}
[MULTISELECT] ctx=TO_DECK min=2 max=2 generated_lens=[2] shorter_legal_exists=False shorter_missed=False
[TRUNC] turn=61 ctx=MAIN opts=104 kept=64 dropped_types={ABILITY:1,ATTACH:37,PLAY:1,RETREAT:1}
[TRUNC] turn=61 ctx=MAIN opts=104 kept=64 dropped_types={ABILITY:1,ATTACH:37,PLAY:1,RETREAT:1}
[MULTISELECT] ctx=TO_DECK min=2 max=2 generated_lens=[2] shorter_legal_exists=False shorter_missed=False
[TRUNC] turn=61 ctx=MAIN opts=104 kept=64 dropped_types={ABILITY:1,ATTACH:37,PLAY:1,RETREAT:1}
[TRUNC] turn=61 ctx=MAIN opts=104 kept=64 dropped_types={ABILITY:1,ATTACH:37,PLAY:1,RETREAT:1}
[TRUNC] turn=61 ctx=MAIN opts=104 kept=64 dropped_types={ABILITY:1,ATTACH:37,PLAY:1,RETREAT:1}
[TRUNC] turn=61 ctx=MAIN opts=104 kept=64 dropped_types={ABILITY:1,ATTACH:37,PLAY:1,RETREAT:1}
[TRUNC] turn=61 ctx=MAIN opts=104 kept=64 dropped_types={ABILITY:1,ATTACH:37,PLAY:1,RETREAT:1}
[TRUNC] turn=61 ctx=MAIN opts=104 kept=64 dropped_types={ABILITY:1,ATTACH:37,PLAY:1,RETREAT:1}
[MULTISELECT] ctx=DISCARD min=2 max=2 generated_lens=[2] shorter_legal_exists=False shorter_missed=False
[TRUNC] turn=61 ctx=MAIN opts=104 kept=64 dropped_types={ABILITY:1,ATTACH:37,PLAY:1,RETREAT:1}
[MULTISELECT] ctx=DISCARD min=2 max=2 generated_lens=[2] shorter_legal_exists=False shorter_missed=False
[TRUNC] turn=61 ctx=MAIN opts=104 kept=64 dropped_types={ABILITY:1,ATTACH:37,PLAY:1,RETREAT:1}
[TRUNC] turn=61 ctx=MAIN opts=104 kept=64 dropped_types={ABILITY:1,ATTACH:37,PLAY:1,RETREAT:1}
[TRUNC] turn=61 ctx=MAIN opts=104 kept=64 dropped_types={ABILITY:1,ATTACH:37,PLAY:1,RETREAT:1}
[TRUNC] turn=61 ctx=MAIN opts=104 kept=64 dropped_types={ABILITY:1,ATTACH:37,PLAY:1,RETREAT:1}
[MULTISELECT] ctx=TO_HAND min=2 max=2 generated_lens=[2] shorter_legal_exists=False shorter_missed=False
[TRUNC] turn=62 ctx=MAIN opts=128 kept=64 dropped_types={ATTACH:63,RETREAT:1}
[TRUNC] turn=63 ctx=MAIN opts=109 kept=64 dropped_types={ABILITY:1,ATTACH:42,PLAY:1,RETREAT:1}
[TRUNC] turn=64 ctx=MAIN opts=134 kept=64 dropped_types={ATTACH:69,RETREAT:1}
[TRUNC] turn=65 ctx=MAIN opts=114 kept=64 dropped_types={ABILITY:1,ATTACH:47,PLAY:1,RETREAT:1}
[TRUNC] turn=66 ctx=MAIN opts=140 kept=64 dropped_types={ATTACH:75,RETREAT:1}
[TRUNC] turn=67 ctx=MAIN opts=119 kept=64 dropped_types={ABILITY:1,ATTACH:52,PLAY:1,RETREAT:1}
[TRUNC] turn=67 ctx=MAIN opts=119 kept=64 dropped_types={ABILITY:1,ATTACH:52,PLAY:1,RETREAT:1}
[TRUNC] turn=67 ctx=MAIN opts=119 kept=64 dropped_types={ABILITY:1,ATTACH:52,PLAY:1,RETREAT:1}
[TRUNC] turn=68 ctx=MAIN opts=140 kept=64 dropped_types={ATTACH:75,RETREAT:1}
[TRUNC] turn=69 ctx=MAIN opts=124 kept=64 dropped_types={ABILITY:1,ATTACH:57,PLAY:1,RETREAT:1}
[TRUNC] turn=70 ctx=MAIN opts=146 kept=64 dropped_types={ATTACH:81,RETREAT:1}
[TRUNC] turn=71 ctx=MAIN opts=129 kept=64 dropped_types={ABILITY:1,ATTACH:62,PLAY:1,RETREAT:1}
[TRUNC] turn=72 ctx=MAIN opts=152 kept=64 dropped_types={ATTACH:87,RETREAT:1}
[TRUNC] turn=73 ctx=MAIN opts=134 kept=64 dropped_types={ABILITY:1,ATTACH:67,PLAY:1,RETREAT:1}
[TRUNC] turn=74 ctx=MAIN opts=158 kept=64 dropped_types={ATTACH:93,RETREAT:1}
[TRUNC] turn=75 ctx=MAIN opts=139 kept=64 dropped_types={ABILITY:1,ATTACH:72,PLAY:1,RETREAT:1}
[TRUNC] turn=76 ctx=MAIN opts=164 kept=64 dropped_types={ATTACH:99,RETREAT:1}
[TRUNC] turn=77 ctx=MAIN opts=144 kept=64 dropped_types={ABILITY:1,ATTACH:77,PLAY:1,RETREAT:1}
[TRUNC] turn=78 ctx=MAIN opts=170 kept=64 dropped_types={ATTACH:105,RETREAT:1}
[TRUNC] turn=79 ctx=MAIN opts=149 kept=64 dropped_types={ABILITY:1,ATTACH:82,PLAY:1,RETREAT:1}
[MULTISELECT] ctx=TO_HAND min=2 max=2 generated_lens=[2] shorter_legal_exists=False shorter_missed=False
[TRUNC] turn=79 ctx=MAIN opts=120 kept=64 dropped_types={ABILITY:1,ATTACH:53,PLAY:1,RETREAT:1}
[MULTISELECT] ctx=TO_HAND min=2 max=2 generated_lens=[2] shorter_legal_exists=False shorter_missed=False
[TRUNC] turn=79 ctx=MAIN opts=120 kept=64 dropped_types={ABILITY:1,ATTACH:53,PLAY:1,RETREAT:1}
[TRUNC] turn=79 ctx=MAIN opts=120 kept=64 dropped_types={ABILITY:1,ATTACH:53,PLAY:1,RETREAT:1}
[MULTISELECT] ctx=TO_HAND min=2 max=2 generated_lens=[2] shorter_legal_exists=False shorter_missed=False
[TRUNC] turn=79 ctx=MAIN opts=120 kept=64 dropped_types={ABILITY:1,ATTACH:53,PLAY:1,RETREAT:1}
[TRUNC] turn=79 ctx=MAIN opts=120 kept=64 dropped_types={ABILITY:1,ATTACH:53,PLAY:1,RETREAT:1}
[TRUNC] turn=79 ctx=MAIN opts=121 kept=64 dropped_types={ABILITY:2,ATTACH:53,PLAY:1,RETREAT:1}
[MULTISELECT] ctx=TO_HAND min=2 max=2 generated_lens=[2] shorter_legal_exists=False shorter_missed=False
[TRUNC] turn=79 ctx=MAIN opts=120 kept=64 dropped_types={ABILITY:1,ATTACH:53,PLAY:1,RETREAT:1}
[TRUNC] turn=79 ctx=MAIN opts=120 kept=64 dropped_types={ABILITY:1,ATTACH:53,PLAY:1,RETREAT:1}
[TRUNC] turn=79 ctx=MAIN opts=121 kept=64 dropped_types={ABILITY:2,ATTACH:53,PLAY:1,RETREAT:1}
[TRUNC] turn=79 ctx=MAIN opts=120 kept=64 dropped_types={ABILITY:1,ATTACH:53,PLAY:1,RETREAT:1}
=== DIAG_DUMP_BEGIN ===
DIAG_GAMES=1
TRUNC_TOTAL_NODES=897
TRUNC_FIRED=97
TRUNC_FIRE_RATE=10.81%
TRUNC_OPTCOUNT_HIST=1-8:349|9-16:85|17-32:147|33-64:219|65-128:80|129-256:17|257+:0
TRUNC_FIRE_RATE_BY_TURN=1-2:0.00%(0/33)|3-5:0.00%(0/22)|6+:11.52%(97/842)
TRUNC_DROPPED_BY_TYPE=ABILITY:66,ATTACH:4073,PLAY:84,RETREAT:97
TRUNC_DROPPED_CRITICAL=0
TRUNC_DROPPED_CRITICAL_STATUS=PASS
MULTISELECT_FIXED_LEN=min=0,max=2:nodes=3,shorter_legal=3,shorter_generated=0,shorter_missed=3|min=0,max=3:nodes=14,shorter_legal=14,shorter_generated=0,shorter_missed=14|min=0,max=5:nodes=4,shorter_legal=4,shorter_generated=0,shorter_missed=4|min=2,max=2:nodes=36,shorter_legal=0,shorter_generated=0,shorter_missed=0
MULTISELECT_SHORTER_MISSED=21
MULTISELECT_CTX_HIST=DISCARD:10,SETUP_BENCH_POKEMON:7,TO_DECK:21,TO_HAND:19
GAME_LENGTH_HIST=1-15:0|16-25:0|26-40:0|41-60:0|61+:1
WIN_BY_CAUSE=DECK_OUT:W=1,L=1,D=0
TURN_NODE_DIST=1-2:3.68%(33/897)|3-5:2.45%(22/897)|6+:93.87%(842/897)
SEARCH_MAX_DEPTH=5
SEARCH_MEAN_DEPTH=1.6400
PRIZE_REWARD_REACHED=0.00%(0/150)
STALL_DRAW_PASS_TURNS=66
STALL_SHUFFLE_WITH_RESOURCES=0
MISSED_ATTACH=68
SHAPING_BREAKDOWN=BOARD_DECK_DIFF:0.005530|DAMAGE_PRESSURE:0.001895|DISRUPTION:0.000100|ENERGY_DENIAL:0.000000|ITEM_LOCK_PENALTY:0.000000|KO_BONUS:0.000000|PARALYSIS:0.000000|PRIZE_DIFF:-0.000000|SLEEP:0.000000
=== DIAG_DUMP_END ===
[MULTISELECT] ctx=SETUP_BENCH_POKEMON min=0 max=2 generated_lens=[2] shorter_legal_exists=True shorter_missed=True
[MULTISELECT] ctx=TO_HAND min=0 max=3 generated_lens=[3] shorter_legal_exists=True shorter_missed=True
[MULTISELECT] ctx=DISCARD min=2 max=2 generated_lens=[2] shorter_legal_exists=False shorter_missed=False
[MULTISELECT] ctx=TO_HAND min=0 max=3 generated_lens=[3] shorter_legal_exists=True shorter_missed=True
[MULTISELECT] ctx=TO_HAND min=0 max=3 generated_lens=[3] shorter_legal_exists=True shorter_missed=True
[MULTISELECT] ctx=TO_HAND min=0 max=3 generated_lens=[3] shorter_legal_exists=True shorter_missed=True
[MULTISELECT] ctx=DISCARD min=2 max=2 generated_lens=[2] shorter_legal_exists=False shorter_missed=False
[MULTISELECT] ctx=TO_HAND min=0 max=3 generated_lens=[3] shorter_legal_exists=True shorter_missed=True
[MULTISELECT] ctx=DISCARD min=2 max=2 generated_lens=[2] shorter_legal_exists=False shorter_missed=False
[MULTISELECT] ctx=DISCARD min=2 max=2 generated_lens=[2] shorter_legal_exists=False shorter_missed=False
[MULTISELECT] ctx=DISCARD min=2 max=2 generated_lens=[2] shorter_legal_exists=False shorter_missed=False
[MULTISELECT] ctx=TO_HAND min=0 max=3 generated_lens=[3] shorter_legal_exists=True shorter_missed=True
[MULTISELECT] ctx=TO_HAND min=0 max=3 generated_lens=[3] shorter_legal_exists=True shorter_missed=True
[MULTISELECT] ctx=TO_HAND min=0 max=2 generated_lens=[2] shorter_legal_exists=True shorter_missed=True
[MULTISELECT] ctx=TO_HAND min=0 max=3 generated_lens=[3] shorter_legal_exists=True shorter_missed=True
[MULTISELECT] ctx=TO_HAND min=0 max=3 generated_lens=[3] shorter_legal_exists=True shorter_missed=True
[MULTISELECT] ctx=TO_HAND min=0 max=3 generated_lens=[3] shorter_legal_exists=True shorter_missed=True
[MULTISELECT] ctx=TO_HAND min=0 max=3 generated_lens=[3] shorter_legal_exists=True shorter_missed=True
[MULTISELECT] ctx=TO_HAND min=0 max=3 generated_lens=[3] shorter_legal_exists=True shorter_missed=True
[MULTISELECT] ctx=TO_HAND min=0 max=3 generated_lens=[3] shorter_legal_exists=True shorter_missed=True
[MULTISELECT] ctx=DISCARD min=2 max=2 generated_lens=[2] shorter_legal_exists=False shorter_missed=False
[MULTISELECT] ctx=DISCARD min=2 max=2 generated_lens=[2] shorter_legal_exists=False shorter_missed=False
[MULTISELECT] ctx=DISCARD min=2 max=2 generated_lens=[2] shorter_legal_exists=False shorter_missed=False
[TRUNC] turn=22 ctx=MAIN opts=67 kept=64 dropped_types={ATTACH:3}
[TRUNC] turn=22 ctx=MAIN opts=67 kept=64 dropped_types={ATTACH:3}
[TRUNC] turn=22 ctx=MAIN opts=67 kept=64 dropped_types={ATTACH:3}
[MULTISELECT] ctx=DISCARD min=2 max=2 generated_lens=[2] shorter_legal_exists=False shorter_missed=False
[MULTISELECT] ctx=DISCARD min=2 max=2 generated_lens=[2] shorter_legal_exists=False shorter_missed=False
[MULTISELECT] ctx=DISCARD min=2 max=2 generated_lens=[2] shorter_legal_exists=False shorter_missed=False
[MULTISELECT] ctx=DISCARD min=2 max=2 generated_lens=[2] shorter_legal_exists=False shorter_missed=False
[MULTISELECT] ctx=DISCARD min=2 max=2 generated_lens=[2] shorter_legal_exists=False shorter_missed=False
[MULTISELECT] ctx=DISCARD min=2 max=2 generated_lens=[2] shorter_legal_exists=False shorter_missed=False
[TRUNC] turn=38 ctx=MAIN opts=67 kept=64 dropped_types={ATTACH:3}
[TRUNC] turn=40 ctx=MAIN opts=67 kept=64 dropped_types={ATTACH:3}
[MULTISELECT] ctx=DISCARD min=2 max=2 generated_lens=[2] shorter_legal_exists=False shorter_missed=False
[MULTISELECT] ctx=DISCARD min=2 max=2 generated_lens=[2] shorter_legal_exists=False shorter_missed=False
[MULTISELECT] ctx=DISCARD min=2 max=2 generated_lens=[2] shorter_legal_exists=False shorter_missed=False
[MULTISELECT] ctx=DISCARD min=2 max=2 generated_lens=[2] shorter_legal_exists=False shorter_missed=False
[TRUNC] turn=49 ctx=MAIN opts=66 kept=64 dropped_types={ATTACH:1,PLAY:1}
[TRUNC] turn=51 ctx=MAIN opts=67 kept=64 dropped_types={ATTACH:1,PLAY:2}
[TRUNC] turn=51 ctx=MAIN opts=70 kept=64 dropped_types={ATTACH:5,PLAY:1}
[TRUNC] turn=53 ctx=MAIN opts=71 kept=64 dropped_types={ATTACH:5,PLAY:2}
[TRUNC] turn=52 ctx=MAIN opts=67 kept=64 dropped_types={ATTACH:3}
[TRUNC] turn=54 ctx=MAIN opts=67 kept=64 dropped_types={ATTACH:3}
[TRUNC] turn=53 ctx=MAIN opts=74 kept=64 dropped_types={ATTACH:9,PLAY:1}
[TRUNC] turn=55 ctx=MAIN opts=75 kept=64 dropped_types={ATTACH:9,PLAY:2}
[TRUNC] turn=54 ctx=MAIN opts=73 kept=64 dropped_types={ATTACH:9}
[MULTISELECT] ctx=TO_HAND min=0 max=2 generated_lens=[2] shorter_legal_exists=True shorter_missed=True
[TRUNC] turn=54 ctx=MAIN opts=73 kept=64 dropped_types={ATTACH:9}
[TRUNC] turn=54 ctx=MAIN opts=73 kept=64 dropped_types={ATTACH:9}
[TRUNC] turn=54 ctx=MAIN opts=73 kept=64 dropped_types={ATTACH:9}
[TRUNC] turn=56 ctx=MAIN opts=73 kept=64 dropped_types={ATTACH:9}
[TRUNC] turn=55 ctx=MAIN opts=78 kept=64 dropped_types={ATTACH:13,PLAY:1}
[TRUNC] turn=57 ctx=MAIN opts=79 kept=64 dropped_types={ATTACH:13,PLAY:2}
[TRUNC] turn=56 ctx=MAIN opts=79 kept=64 dropped_types={ATTACH:15}
[MULTISELECT] ctx=TO_HAND min=0 max=2 generated_lens=[2] shorter_legal_exists=True shorter_missed=True
[TRUNC] turn=56 ctx=MAIN opts=79 kept=64 dropped_types={ATTACH:15}
[TRUNC] turn=56 ctx=MAIN opts=79 kept=64 dropped_types={ATTACH:15}
[TRUNC] turn=56 ctx=MAIN opts=79 kept=64 dropped_types={ATTACH:15}
[MULTISELECT] ctx=TO_HAND min=0 max=3 generated_lens=[3] shorter_legal_exists=True shorter_missed=True
[TRUNC] turn=56 ctx=MAIN opts=79 kept=64 dropped_types={ATTACH:15}
[TRUNC] turn=58 ctx=MAIN opts=79 kept=64 dropped_types={ATTACH:15}
[TRUNC] turn=57 ctx=MAIN opts=78 kept=64 dropped_types={ATTACH:13,PLAY:1}
[TRUNC] turn=59 ctx=MAIN opts=79 kept=64 dropped_types={ATTACH:13,PLAY:2}
[TRUNC] turn=58 ctx=MAIN opts=85 kept=64 dropped_types={ATTACH:21}
[TRUNC] turn=60 ctx=MAIN opts=85 kept=64 dropped_types={ATTACH:21}
[TRUNC] turn=59 ctx=MAIN opts=82 kept=64 dropped_types={ATTACH:17,PLAY:1}
[TRUNC] turn=59 ctx=MAIN opts=82 kept=64 dropped_types={ATTACH:17,PLAY:1}
[TRUNC] turn=61 ctx=MAIN opts=83 kept=64 dropped_types={ATTACH:17,PLAY:2}
[TRUNC] turn=60 ctx=MAIN opts=91 kept=64 dropped_types={ATTACH:27}
[TRUNC] turn=62 ctx=MAIN opts=91 kept=64 dropped_types={ATTACH:27}
[TRUNC] turn=61 ctx=MAIN opts=86 kept=64 dropped_types={ATTACH:21,PLAY:1}
[TRUNC] turn=61 ctx=MAIN opts=86 kept=64 dropped_types={ATTACH:21,PLAY:1}
[TRUNC] turn=63 ctx=MAIN opts=87 kept=64 dropped_types={ATTACH:21,PLAY:2}
[TRUNC] turn=62 ctx=MAIN opts=97 kept=64 dropped_types={ATTACH:33}
[MULTISELECT] ctx=TO_HAND min=0 max=2 generated_lens=[2] shorter_legal_exists=True shorter_missed=True
[TRUNC] turn=63 ctx=MAIN opts=90 kept=64 dropped_types={ATTACH:25,PLAY:1}
[TRUNC] turn=63 ctx=MAIN opts=90 kept=64 dropped_types={ATTACH:25,PLAY:1}
[TRUNC] turn=65 ctx=MAIN opts=91 kept=64 dropped_types={ATTACH:25,PLAY:2}
[TRUNC] turn=64 ctx=MAIN opts=103 kept=64 dropped_types={ATTACH:39}
[MULTISELECT] ctx=DISCARD min=2 max=2 generated_lens=[2] shorter_legal_exists=False shorter_missed=False
[TRUNC] turn=64 ctx=MAIN opts=103 kept=64 dropped_types={ATTACH:39}
[MULTISELECT] ctx=DISCARD min=2 max=2 generated_lens=[2] shorter_legal_exists=False shorter_missed=False
[TRUNC] turn=64 ctx=MAIN opts=103 kept=64 dropped_types={ATTACH:39}
[TRUNC] turn=64 ctx=MAIN opts=103 kept=64 dropped_types={ATTACH:39}
[TRUNC] turn=64 ctx=MAIN opts=103 kept=64 dropped_types={ATTACH:39}
[TRUNC] turn=64 ctx=MAIN opts=103 kept=64 dropped_types={ATTACH:39}
[TRUNC] turn=66 ctx=MAIN opts=103 kept=64 dropped_types={ATTACH:39}
[TRUNC] turn=65 ctx=MAIN opts=86 kept=64 dropped_types={ATTACH:21,PLAY:1}
[TRUNC] turn=65 ctx=MAIN opts=86 kept=64 dropped_types={ATTACH:21,PLAY:1}
[TRUNC] turn=65 ctx=MAIN opts=86 kept=64 dropped_types={ATTACH:21,PLAY:1}
[TRUNC] turn=65 ctx=MAIN opts=86 kept=64 dropped_types={ATTACH:21,PLAY:1}
[TRUNC] turn=65 ctx=MAIN opts=86 kept=64 dropped_types={ATTACH:21,PLAY:1}
[TRUNC] turn=67 ctx=MAIN opts=87 kept=64 dropped_types={ATTACH:21,PLAY:2}
[TRUNC] turn=66 ctx=MAIN opts=103 kept=64 dropped_types={ATTACH:39}
[TRUNC] turn=68 ctx=MAIN opts=103 kept=64 dropped_types={ATTACH:39}
[TRUNC] turn=67 ctx=MAIN opts=90 kept=64 dropped_types={ATTACH:25,PLAY:1}
[TRUNC] turn=67 ctx=MAIN opts=90 kept=64 dropped_types={ATTACH:25,PLAY:1}
[TRUNC] turn=68 ctx=MAIN opts=109 kept=64 dropped_types={ATTACH:45}
[TRUNC] turn=68 ctx=MAIN opts=109 kept=64 dropped_types={ATTACH:45}
[TRUNC] turn=69 ctx=MAIN opts=94 kept=64 dropped_types={ATTACH:29,PLAY:1}
[TRUNC] turn=69 ctx=MAIN opts=94 kept=64 dropped_types={ATTACH:29,PLAY:1}
[TRUNC] turn=70 ctx=MAIN opts=115 kept=64 dropped_types={ATTACH:51}
[TRUNC] turn=70 ctx=MAIN opts=115 kept=64 dropped_types={ATTACH:51}
[TRUNC] turn=71 ctx=MAIN opts=98 kept=64 dropped_types={ATTACH:33,PLAY:1}
[TRUNC] turn=71 ctx=MAIN opts=98 kept=64 dropped_types={ATTACH:33,PLAY:1}
[TRUNC] turn=71 ctx=MAIN opts=98 kept=64 dropped_types={ATTACH:33,PLAY:1}
[TRUNC] turn=71 ctx=MAIN opts=98 kept=64 dropped_types={ATTACH:33,PLAY:1}
[TRUNC] turn=71 ctx=MAIN opts=98 kept=64 dropped_types={ATTACH:33,PLAY:1}
[TRUNC] turn=71 ctx=MAIN opts=98 kept=64 dropped_types={ATTACH:33,PLAY:1}
[TRUNC] turn=71 ctx=MAIN opts=98 kept=64 dropped_types={ATTACH:33,PLAY:1}
[TRUNC] turn=71 ctx=MAIN opts=98 kept=64 dropped_types={ATTACH:33,PLAY:1}
[TRUNC] turn=71 ctx=MAIN opts=98 kept=64 dropped_types={ATTACH:33,PLAY:1}
[TRUNC] turn=71 ctx=MAIN opts=98 kept=64 dropped_types={ATTACH:33,PLAY:1}
[TRUNC] turn=71 ctx=MAIN opts=98 kept=64 dropped_types={ATTACH:33,PLAY:1}
[TRUNC] turn=71 ctx=MAIN opts=98 kept=64 dropped_types={ATTACH:33,PLAY:1}
[TRUNC] turn=71 ctx=MAIN opts=98 kept=64 dropped_types={ATTACH:33,PLAY:1}
[TRUNC] turn=71 ctx=MAIN opts=98 kept=64 dropped_types={ATTACH:33,PLAY:1}
[TRUNC] turn=71 ctx=MAIN opts=98 kept=64 dropped_types={ATTACH:33,PLAY:1}
[TRUNC] turn=71 ctx=MAIN opts=98 kept=64 dropped_types={ATTACH:33,PLAY:1}
[TRUNC] turn=71 ctx=MAIN opts=98 kept=64 dropped_types={ATTACH:33,PLAY:1}
[TRUNC] turn=71 ctx=MAIN opts=98 kept=64 dropped_types={ATTACH:33,PLAY:1}
[TRUNC] turn=71 ctx=MAIN opts=98 kept=64 dropped_types={ATTACH:33,PLAY:1}
[TRUNC] turn=71 ctx=MAIN opts=98 kept=64 dropped_types={ATTACH:33,PLAY:1}
[TRUNC] turn=71 ctx=MAIN opts=98 kept=64 dropped_types={ATTACH:33,PLAY:1}
[TRUNC] turn=71 ctx=MAIN opts=98 kept=64 dropped_types={ATTACH:33,PLAY:1}
[TRUNC] turn=71 ctx=MAIN opts=98 kept=64 dropped_types={ATTACH:33,PLAY:1}
[TRUNC] turn=71 ctx=MAIN opts=98 kept=64 dropped_types={ATTACH:33,PLAY:1}
=== DIAG_DUMP_BEGIN ===
DIAG_GAMES=1
TRUNC_TOTAL_NODES=966
TRUNC_FIRED=89
TRUNC_FIRE_RATE=9.21%
TRUNC_OPTCOUNT_HIST=1-8:292|9-16:140|17-32:238|33-64:207|65-128:89|129-256:0|257+:0
TRUNC_FIRE_RATE_BY_TURN=1-2:0.00%(0/75)|3-5:0.00%(0/78)|6+:10.95%(89/813)
TRUNC_DROPPED_BY_TYPE=ATTACH:2125,PLAY:62
TRUNC_DROPPED_CRITICAL=0
TRUNC_DROPPED_CRITICAL_STATUS=PASS
MULTISELECT_FIXED_LEN=min=0,max=2:nodes=5,shorter_legal=5,shorter_generated=0,shorter_missed=5|min=0,max=3:nodes=14,shorter_legal=14,shorter_generated=0,shorter_missed=14|min=2,max=2:nodes=20,shorter_legal=0,shorter_generated=0,shorter_missed=0
MULTISELECT_SHORTER_MISSED=19
MULTISELECT_CTX_HIST=DISCARD:20,SETUP_BENCH_POKEMON:1,TO_HAND:18
GAME_LENGTH_HIST=1-15:0|16-25:0|26-40:0|41-60:0|61+:1
WIN_BY_CAUSE=DECK_OUT:W=1,L=1,D=0
TURN_NODE_DIST=1-2:7.76%(75/966)|3-5:8.07%(78/966)|6+:84.16%(813/966)
SEARCH_MAX_DEPTH=5
SEARCH_MEAN_DEPTH=1.8871
PRIZE_REWARD_REACHED=0.00%(0/163)
STALL_DRAW_PASS_TURNS=51
STALL_SHUFFLE_WITH_RESOURCES=4
MISSED_ATTACH=64
SHAPING_BREAKDOWN=BOARD_DECK_DIFF:0.012008|DAMAGE_PRESSURE:0.000000|DISRUPTION:0.000155|ENERGY_DENIAL:0.000104|ITEM_LOCK_PENALTY:0.000000|KO_BONUS:0.000000|PARALYSIS:0.000000|PRIZE_DIFF:-0.000466|SLEEP:0.000000
=== DIAG_DUMP_END ===
[MULTISELECT] ctx=TO_HAND min=0 max=3 generated_lens=[3] shorter_legal_exists=True shorter_missed=True
[MULTISELECT] ctx=TO_HAND min=0 max=3 generated_lens=[3] shorter_legal_exists=True shorter_missed=True
[MULTISELECT] ctx=TO_HAND min=0 max=3 generated_lens=[3] shorter_legal_exists=True shorter_missed=True
[MULTISELECT] ctx=TO_HAND min=0 max=3 generated_lens=[3] shorter_legal_exists=True shorter_missed=True
[MULTISELECT] ctx=TO_HAND min=0 max=3 generated_lens=[3] shorter_legal_exists=True shorter_missed=True
[MULTISELECT] ctx=TO_HAND min=0 max=3 generated_lens=[3] shorter_legal_exists=True shorter_missed=True
[MULTISELECT] ctx=TO_HAND min=0 max=3 generated_lens=[3] shorter_legal_exists=True shorter_missed=True
[MULTISELECT] ctx=DISCARD min=2 max=2 generated_lens=[2] shorter_legal_exists=False shorter_missed=False
[MULTISELECT] ctx=TO_HAND min=0 max=3 generated_lens=[3] shorter_legal_exists=True shorter_missed=True
[MULTISELECT] ctx=DISCARD min=2 max=2 generated_lens=[2] shorter_legal_exists=False shorter_missed=False
[MULTISELECT] ctx=TO_HAND min=0 max=3 generated_lens=[3] shorter_legal_exists=True shorter_missed=True
[MULTISELECT] ctx=DISCARD min=2 max=2 generated_lens=[2] shorter_legal_exists=False shorter_missed=False
[MULTISELECT] ctx=DISCARD min=2 max=2 generated_lens=[2] shorter_legal_exists=False shorter_missed=False
[MULTISELECT] ctx=DISCARD min=2 max=2 generated_lens=[2] shorter_legal_exists=False shorter_missed=False
[MULTISELECT] ctx=DISCARD min=2 max=2 generated_lens=[2] shorter_legal_exists=False shorter_missed=False
[MULTISELECT] ctx=DISCARD min=2 max=2 generated_lens=[2] shorter_legal_exists=False shorter_missed=False
[MULTISELECT] ctx=DISCARD min=2 max=2 generated_lens=[2] shorter_legal_exists=False shorter_missed=False
[MULTISELECT] ctx=DISCARD min=2 max=2 generated_lens=[2] shorter_legal_exists=False shorter_missed=False
[MULTISELECT] ctx=DISCARD min=2 max=2 generated_lens=[2] shorter_legal_exists=False shorter_missed=False
[MULTISELECT] ctx=TO_HAND min=0 max=2 generated_lens=[2] shorter_legal_exists=True shorter_missed=True
[MULTISELECT] ctx=DISCARD min=2 max=2 generated_lens=[2] shorter_legal_exists=False shorter_missed=False
[MULTISELECT] ctx=TO_HAND min=0 max=3 generated_lens=[3] shorter_legal_exists=True shorter_missed=True
[MULTISELECT] ctx=DISCARD min=2 max=2 generated_lens=[2] shorter_legal_exists=False shorter_missed=False
[MULTISELECT] ctx=DISCARD min=2 max=2 generated_lens=[2] shorter_legal_exists=False shorter_missed=False
[MULTISELECT] ctx=DISCARD min=2 max=2 generated_lens=[2] shorter_legal_exists=False shorter_missed=False
[MULTISELECT] ctx=DISCARD min=2 max=2 generated_lens=[2] shorter_legal_exists=False shorter_missed=False
[MULTISELECT] ctx=DISCARD min=2 max=2 generated_lens=[2] shorter_legal_exists=False shorter_missed=False
[MULTISELECT] ctx=DISCARD min=2 max=2 generated_lens=[2] shorter_legal_exists=False shorter_missed=False
[MULTISELECT] ctx=DISCARD min=2 max=2 generated_lens=[2] shorter_legal_exists=False shorter_missed=False
[MULTISELECT] ctx=DISCARD min=2 max=2 generated_lens=[2] shorter_legal_exists=False shorter_missed=False
[MULTISELECT] ctx=DISCARD min=2 max=2 generated_lens=[2] shorter_legal_exists=False shorter_missed=False
[MULTISELECT] ctx=DISCARD min=2 max=2 generated_lens=[2] shorter_legal_exists=False shorter_missed=False
[MULTISELECT] ctx=DISCARD min=2 max=2 generated_lens=[2] shorter_legal_exists=False shorter_missed=False
[MULTISELECT] ctx=DISCARD min=2 max=2 generated_lens=[2] shorter_legal_exists=False shorter_missed=False
[MULTISELECT] ctx=DISCARD min=2 max=2 generated_lens=[2] shorter_legal_exists=False shorter_missed=False
[MULTISELECT] ctx=DISCARD min=2 max=2 generated_lens=[2] shorter_legal_exists=False shorter_missed=False
[MULTISELECT] ctx=DISCARD min=2 max=2 generated_lens=[2] shorter_legal_exists=False shorter_missed=False
[MULTISELECT] ctx=DISCARD min=2 max=2 generated_lens=[2] shorter_legal_exists=False shorter_missed=False
[MULTISELECT] ctx=TO_HAND min=0 max=2 generated_lens=[2] shorter_legal_exists=True shorter_missed=True
[MULTISELECT] ctx=DISCARD min=2 max=2 generated_lens=[2] shorter_legal_exists=False shorter_missed=False
[MULTISELECT] ctx=DISCARD min=2 max=2 generated_lens=[2] shorter_legal_exists=False shorter_missed=False
[MULTISELECT] ctx=DISCARD min=2 max=2 generated_lens=[2] shorter_legal_exists=False shorter_missed=False
[MULTISELECT] ctx=TO_HAND min=0 max=2 generated_lens=[2] shorter_legal_exists=True shorter_missed=True
[MULTISELECT] ctx=TO_HAND min=0 max=2 generated_lens=[2] shorter_legal_exists=True shorter_missed=True
[MULTISELECT] ctx=TO_HAND min=0 max=2 generated_lens=[2] shorter_legal_exists=True shorter_missed=True
[MULTISELECT] ctx=TO_HAND min=0 max=2 generated_lens=[2] shorter_legal_exists=True shorter_missed=True
[MULTISELECT] ctx=TO_HAND min=0 max=2 generated_lens=[2] shorter_legal_exists=True shorter_missed=True
[MULTISELECT] ctx=TO_HAND min=0 max=2 generated_lens=[2] shorter_legal_exists=True shorter_missed=True
[MULTISELECT] ctx=TO_HAND min=0 max=2 generated_lens=[2] shorter_legal_exists=True shorter_missed=True
[MULTISELECT] ctx=TO_HAND min=0 max=2 generated_lens=[2] shorter_legal_exists=True shorter_missed=True
[MULTISELECT] ctx=TO_HAND min=0 max=2 generated_lens=[2] shorter_legal_exists=True shorter_missed=True
[MULTISELECT] ctx=TO_HAND min=0 max=2 generated_lens=[2] shorter_legal_exists=True shorter_missed=True
[MULTISELECT] ctx=DISCARD min=2 max=2 generated_lens=[2] shorter_legal_exists=False shorter_missed=False
[MULTISELECT] ctx=TO_HAND min=0 max=2 generated_lens=[2] shorter_legal_exists=True shorter_missed=True
[MULTISELECT] ctx=DISCARD min=2 max=2 generated_lens=[2] shorter_legal_exists=False shorter_missed=False
[MULTISELECT] ctx=DISCARD min=2 max=2 generated_lens=[2] shorter_legal_exists=False shorter_missed=False
=== DIAG_DUMP_BEGIN ===
DIAG_GAMES=1
TRUNC_TOTAL_NODES=784
TRUNC_FIRED=0
TRUNC_FIRE_RATE=0.00%
TRUNC_OPTCOUNT_HIST=1-8:463|9-16:189|17-32:111|33-64:21|65-128:0|129-256:0|257+:0
TRUNC_FIRE_RATE_BY_TURN=1-2:0.00%(0/67)|3-5:0.00%(0/23)|6+:0.00%(0/694)
TRUNC_DROPPED_BY_TYPE=NONE
TRUNC_DROPPED_CRITICAL=0
TRUNC_DROPPED_CRITICAL_STATUS=PASS
MULTISELECT_FIXED_LEN=min=0,max=2:nodes=13,shorter_legal=13,shorter_generated=0,shorter_missed=13|min=0,max=3:nodes=10,shorter_legal=10,shorter_generated=0,shorter_missed=10|min=2,max=2:nodes=33,shorter_legal=0,shorter_generated=0,shorter_missed=0
MULTISELECT_SHORTER_MISSED=23
MULTISELECT_CTX_HIST=DISCARD:33,TO_HAND:23
GAME_LENGTH_HIST=1-15:0|16-25:0|26-40:0|41-60:1|61+:0
WIN_BY_CAUSE=DECK_OUT:W=1,L=1,D=0
TURN_NODE_DIST=1-2:8.55%(67/784)|3-5:2.93%(23/784)|6+:88.52%(694/784)
SEARCH_MAX_DEPTH=5
SEARCH_MEAN_DEPTH=1.5818
PRIZE_REWARD_REACHED=0.00%(0/132)
STALL_DRAW_PASS_TURNS=36
STALL_SHUFFLE_WITH_RESOURCES=4
MISSED_ATTACH=32
SHAPING_BREAKDOWN=BOARD_DECK_DIFF:0.068980|DAMAGE_PRESSURE:0.000000|DISRUPTION:0.000191|ENERGY_DENIAL:0.000000|ITEM_LOCK_PENALTY:0.000000|KO_BONUS:0.000000|PARALYSIS:0.000000|PRIZE_DIFF:0.000574|SLEEP:0.000000
=== DIAG_DUMP_END ===
[MULTISELECT] ctx=TO_HAND min=0 max=3 generated_lens=[3] shorter_legal_exists=True shorter_missed=True
[MULTISELECT] ctx=TO_HAND min=0 max=3 generated_lens=[3] shorter_legal_exists=True shorter_missed=True
[MULTISELECT] ctx=DISCARD min=2 max=2 generated_lens=[2] shorter_legal_exists=False shorter_missed=False
[MULTISELECT] ctx=TO_HAND min=0 max=3 generated_lens=[3] shorter_legal_exists=True shorter_missed=True
[MULTISELECT] ctx=DISCARD min=2 max=2 generated_lens=[2] shorter_legal_exists=False shorter_missed=False
[MULTISELECT] ctx=TO_HAND min=0 max=3 generated_lens=[3] shorter_legal_exists=True shorter_missed=True
[MULTISELECT] ctx=DISCARD min=2 max=2 generated_lens=[2] shorter_legal_exists=False shorter_missed=False
[MULTISELECT] ctx=DISCARD min=2 max=2 generated_lens=[2] shorter_legal_exists=False shorter_missed=False
[MULTISELECT] ctx=DISCARD min=2 max=2 generated_lens=[2] shorter_legal_exists=False shorter_missed=False
[MULTISELECT] ctx=DISCARD min=2 max=2 generated_lens=[2] shorter_legal_exists=False shorter_missed=False
[MULTISELECT] ctx=DISCARD min=2 max=2 generated_lens=[2] shorter_legal_exists=False shorter_missed=False
[MULTISELECT] ctx=DISCARD min=2 max=2 generated_lens=[2] shorter_legal_exists=False shorter_missed=False
[MULTISELECT] ctx=DISCARD min=2 max=2 generated_lens=[2] shorter_legal_exists=False shorter_missed=False
[MULTISELECT] ctx=DISCARD min=2 max=2 generated_lens=[2] shorter_legal_exists=False shorter_missed=False
[MULTISELECT] ctx=DISCARD min=2 max=2 generated_lens=[2] shorter_legal_exists=False shorter_missed=False
[MULTISELECT] ctx=DISCARD min=2 max=2 generated_lens=[2] shorter_legal_exists=False shorter_missed=False
[MULTISELECT] ctx=DISCARD min=2 max=2 generated_lens=[2] shorter_legal_exists=False shorter_missed=False
[MULTISELECT] ctx=DISCARD min=2 max=2 generated_lens=[2] shorter_legal_exists=False shorter_missed=False
[MULTISELECT] ctx=DISCARD min=2 max=2 generated_lens=[2] shorter_legal_exists=False shorter_missed=False
[MULTISELECT] ctx=DISCARD min=2 max=2 generated_lens=[2] shorter_legal_exists=False shorter_missed=False
[MULTISELECT] ctx=DISCARD min=2 max=2 generated_lens=[2] shorter_legal_exists=False shorter_missed=False
[MULTISELECT] ctx=DISCARD min=2 max=2 generated_lens=[2] shorter_legal_exists=False shorter_missed=False
[MULTISELECT] ctx=DISCARD min=2 max=2 generated_lens=[2] shorter_legal_exists=False shorter_missed=False
[MULTISELECT] ctx=DISCARD min=2 max=2 generated_lens=[2] shorter_legal_exists=False shorter_missed=False
[MULTISELECT] ctx=DISCARD min=2 max=2 generated_lens=[2] shorter_legal_exists=False shorter_missed=False
[MULTISELECT] ctx=DISCARD min=2 max=2 generated_lens=[2] shorter_legal_exists=False shorter_missed=False
[MULTISELECT] ctx=DISCARD min=2 max=2 generated_lens=[2] shorter_legal_exists=False shorter_missed=False
[MULTISELECT] ctx=DISCARD min=2 max=2 generated_lens=[2] shorter_legal_exists=False shorter_missed=False
[MULTISELECT] ctx=DISCARD min=2 max=2 generated_lens=[2] shorter_legal_exists=False shorter_missed=False
[MULTISELECT] ctx=DISCARD min=2 max=2 generated_lens=[2] shorter_legal_exists=False shorter_missed=False
[MULTISELECT] ctx=DISCARD min=2 max=2 generated_lens=[2] shorter_legal_exists=False shorter_missed=False
[MULTISELECT] ctx=DISCARD min=2 max=2 generated_lens=[2] shorter_legal_exists=False shorter_missed=False
[MULTISELECT] ctx=DISCARD min=2 max=2 generated_lens=[2] shorter_legal_exists=False shorter_missed=False
[MULTISELECT] ctx=TO_HAND min=0 max=3 generated_lens=[3] shorter_legal_exists=True shorter_missed=True
[MULTISELECT] ctx=TO_HAND min=0 max=3 generated_lens=[3] shorter_legal_exists=True shorter_missed=True
[MULTISELECT] ctx=TO_HAND min=0 max=3 generated_lens=[3] shorter_legal_exists=True shorter_missed=True
[MULTISELECT] ctx=TO_HAND min=0 max=2 generated_lens=[2] shorter_legal_exists=True shorter_missed=True
[MULTISELECT] ctx=DISCARD min=2 max=2 generated_lens=[2] shorter_legal_exists=False shorter_missed=False
[MULTISELECT] ctx=TO_HAND min=0 max=2 generated_lens=[2] shorter_legal_exists=True shorter_missed=True
[MULTISELECT] ctx=TO_HAND min=0 max=2 generated_lens=[2] shorter_legal_exists=True shorter_missed=True
[MULTISELECT] ctx=TO_HAND min=0 max=2 generated_lens=[2] shorter_legal_exists=True shorter_missed=True
[MULTISELECT] ctx=TO_HAND min=0 max=3 generated_lens=[3] shorter_legal_exists=True shorter_missed=True
[MULTISELECT] ctx=TO_HAND min=0 max=3 generated_lens=[3] shorter_legal_exists=True shorter_missed=True
[MULTISELECT] ctx=TO_HAND min=0 max=2 generated_lens=[2] shorter_legal_exists=True shorter_missed=True
[MULTISELECT] ctx=TO_HAND min=0 max=2 generated_lens=[2] shorter_legal_exists=True shorter_missed=True
[MULTISELECT] ctx=TO_HAND min=0 max=2 generated_lens=[2] shorter_legal_exists=True shorter_missed=True
[MULTISELECT] ctx=TO_HAND min=0 max=3 generated_lens=[3] shorter_legal_exists=True shorter_missed=True
[MULTISELECT] ctx=TO_HAND min=0 max=3 generated_lens=[3] shorter_legal_exists=True shorter_missed=True
[MULTISELECT] ctx=TO_HAND min=0 max=3 generated_lens=[3] shorter_legal_exists=True shorter_missed=True
[MULTISELECT] ctx=TO_HAND min=0 max=3 generated_lens=[3] shorter_legal_exists=True shorter_missed=True
[MULTISELECT] ctx=TO_HAND min=0 max=3 generated_lens=[3] shorter_legal_exists=True shorter_missed=True
[MULTISELECT] ctx=TO_HAND min=0 max=3 generated_lens=[3] shorter_legal_exists=True shorter_missed=True
[MULTISELECT] ctx=TO_HAND min=0 max=3 generated_lens=[3] shorter_legal_exists=True shorter_missed=True
[MULTISELECT] ctx=TO_HAND min=0 max=3 generated_lens=[3] shorter_legal_exists=True shorter_missed=True
[MULTISELECT] ctx=TO_HAND min=0 max=3 generated_lens=[3] shorter_legal_exists=True shorter_missed=True
[MULTISELECT] ctx=DISCARD min=2 max=2 generated_lens=[2] shorter_legal_exists=False shorter_missed=False
[MULTISELECT] ctx=DISCARD min=2 max=2 generated_lens=[2] shorter_legal_exists=False shorter_missed=False
[MULTISELECT] ctx=DISCARD min=2 max=2 generated_lens=[2] shorter_legal_exists=False shorter_missed=False
[MULTISELECT] ctx=DISCARD min=2 max=2 generated_lens=[2] shorter_legal_exists=False shorter_missed=False
[TRUNC] turn=29 ctx=MAIN opts=67 kept=64 dropped_types={ATTACH:2,PLAY:1}
[TRUNC] turn=29 ctx=MAIN opts=67 kept=64 dropped_types={ATTACH:2,PLAY:1}
[TRUNC] turn=31 ctx=MAIN opts=68 kept=64 dropped_types={ATTACH:2,PLAY:2}
[TRUNC] turn=31 ctx=MAIN opts=72 kept=64 dropped_types={ATTACH:7,PLAY:1}
[TRUNC] turn=31 ctx=MAIN opts=72 kept=64 dropped_types={ATTACH:7,PLAY:1}
[TRUNC] turn=31 ctx=MAIN opts=72 kept=64 dropped_types={ATTACH:7,PLAY:1}
[TRUNC] turn=31 ctx=MAIN opts=72 kept=64 dropped_types={ATTACH:7,PLAY:1}
[TRUNC] turn=31 ctx=MAIN opts=72 kept=64 dropped_types={ATTACH:7,PLAY:1}
[TRUNC] turn=33 ctx=MAIN opts=73 kept=64 dropped_types={ATTACH:7,PLAY:2}
[TRUNC] turn=33 ctx=MAIN opts=77 kept=64 dropped_types={ATTACH:12,PLAY:1}
[TRUNC] turn=33 ctx=MAIN opts=77 kept=64 dropped_types={ATTACH:12,PLAY:1}
[TRUNC] turn=33 ctx=MAIN opts=77 kept=64 dropped_types={ATTACH:12,PLAY:1}
[TRUNC] turn=35 ctx=MAIN opts=78 kept=64 dropped_types={ATTACH:12,PLAY:2}
[TRUNC] turn=35 ctx=MAIN opts=82 kept=64 dropped_types={ATTACH:17,PLAY:1}
[TRUNC] turn=35 ctx=MAIN opts=82 kept=64 dropped_types={ATTACH:17,PLAY:1}
[TRUNC] turn=35 ctx=MAIN opts=82 kept=64 dropped_types={ATTACH:17,PLAY:1}
[TRUNC] turn=35 ctx=MAIN opts=82 kept=64 dropped_types={ATTACH:17,PLAY:1}
[TRUNC] turn=37 ctx=MAIN opts=83 kept=64 dropped_types={ATTACH:17,PLAY:2}
[TRUNC] turn=37 ctx=MAIN opts=87 kept=64 dropped_types={ATTACH:22,PLAY:1}
[TRUNC] turn=39 ctx=MAIN opts=88 kept=64 dropped_types={ATTACH:22,PLAY:2}
[TRUNC] turn=39 ctx=MAIN opts=92 kept=64 dropped_types={ATTACH:27,PLAY:1}
[TRUNC] turn=39 ctx=MAIN opts=92 kept=64 dropped_types={ATTACH:27,PLAY:1}
[TRUNC] turn=39 ctx=MAIN opts=92 kept=64 dropped_types={ATTACH:27,PLAY:1}
[TRUNC] turn=41 ctx=MAIN opts=93 kept=64 dropped_types={ATTACH:27,PLAY:2}
[TRUNC] turn=41 ctx=MAIN opts=97 kept=64 dropped_types={ATTACH:32,PLAY:1}
[TRUNC] turn=41 ctx=MAIN opts=97 kept=64 dropped_types={ATTACH:32,PLAY:1}
[TRUNC] turn=41 ctx=MAIN opts=97 kept=64 dropped_types={ATTACH:32,PLAY:1}
[TRUNC] turn=43 ctx=MAIN opts=98 kept=64 dropped_types={ATTACH:32,PLAY:2}
[TRUNC] turn=43 ctx=MAIN opts=102 kept=64 dropped_types={ATTACH:37,PLAY:1}
[TRUNC] turn=43 ctx=MAIN opts=102 kept=64 dropped_types={ATTACH:37,PLAY:1}
[TRUNC] turn=43 ctx=MAIN opts=102 kept=64 dropped_types={ATTACH:37,PLAY:1}
[TRUNC] turn=45 ctx=MAIN opts=103 kept=64 dropped_types={ATTACH:37,PLAY:2}
[TRUNC] turn=45 ctx=MAIN opts=107 kept=64 dropped_types={ATTACH:42,PLAY:1}
[TRUNC] turn=47 ctx=MAIN opts=112 kept=64 dropped_types={ATTACH:47,PLAY:1}
[TRUNC] turn=49 ctx=MAIN opts=113 kept=64 dropped_types={ATTACH:47,PLAY:2}
[TRUNC] turn=49 ctx=MAIN opts=117 kept=64 dropped_types={ATTACH:52,PLAY:1}
=== DIAG_DUMP_BEGIN ===
DIAG_GAMES=1
TRUNC_TOTAL_NODES=863
TRUNC_FIRED=36
TRUNC_FIRE_RATE=4.17%
TRUNC_OPTCOUNT_HIST=1-8:526|9-16:137|17-32:106|33-64:58|65-128:36|129-256:0|257+:0
TRUNC_FIRE_RATE_BY_TURN=1-2:0.00%(0/110)|3-5:0.00%(0/59)|6+:5.19%(36/694)
TRUNC_DROPPED_BY_TYPE=ATTACH:797,PLAY:45
TRUNC_DROPPED_CRITICAL=0
TRUNC_DROPPED_CRITICAL_STATUS=PASS
MULTISELECT_FIXED_LEN=min=0,max=2:nodes=7,shorter_legal=7,shorter_generated=0,shorter_missed=7|min=0,max=3:nodes=18,shorter_legal=18,shorter_generated=0,shorter_missed=18|min=2,max=2:nodes=34,shorter_legal=0,shorter_generated=0,shorter_missed=0
MULTISELECT_SHORTER_MISSED=25
MULTISELECT_CTX_HIST=DISCARD:34,TO_HAND:25
GAME_LENGTH_HIST=1-15:0|16-25:0|26-40:0|41-60:1|61+:0
WIN_BY_CAUSE=DECK_OUT:W=1,L=1,D=0
TURN_NODE_DIST=1-2:12.75%(110/863)|3-5:6.84%(59/863)|6+:80.42%(694/863)
SEARCH_MAX_DEPTH=5
SEARCH_MEAN_DEPTH=1.5986
PRIZE_REWARD_REACHED=0.00%(0/146)
STALL_DRAW_PASS_TURNS=34
STALL_SHUFFLE_WITH_RESOURCES=3
MISSED_ATTACH=34
SHAPING_BREAKDOWN=BOARD_DECK_DIFF:0.016118|DAMAGE_PRESSURE:0.000000|DISRUPTION:0.000174|ENERGY_DENIAL:0.000000|ITEM_LOCK_PENALTY:0.000000|KO_BONUS:0.000000|PARALYSIS:0.000000|PRIZE_DIFF:0.000000|SLEEP:0.000000
=== DIAG_DUMP_END ===
[MULTISELECT] ctx=SETUP_BENCH_POKEMON min=0 max=5 generated_lens=[5] shorter_legal_exists=True shorter_missed=True
[MULTISELECT] ctx=SETUP_BENCH_POKEMON min=0 max=5 generated_lens=[5] shorter_legal_exists=True shorter_missed=True
[MULTISELECT] ctx=SETUP_BENCH_POKEMON min=0 max=5 generated_lens=[5] shorter_legal_exists=True shorter_missed=True
[TRUNC] turn=56 ctx=MAIN opts=65 kept=64 dropped_types={PLAY:1}
[TRUNC] turn=58 ctx=MAIN opts=66 kept=64 dropped_types={PLAY:2}
[TRUNC] turn=56 ctx=MAIN opts=66 kept=64 dropped_types={ATTACH:1,PLAY:1}
[TRUNC] turn=58 ctx=MAIN opts=67 kept=64 dropped_types={ATTACH:1,PLAY:2}
[TRUNC] turn=60 ctx=MAIN opts=68 kept=64 dropped_types={ATTACH:1,PLAY:3}
[TRUNC] turn=58 ctx=MAIN opts=68 kept=64 dropped_types={ATTACH:3,PLAY:1}
[TRUNC] turn=60 ctx=MAIN opts=69 kept=64 dropped_types={ATTACH:3,PLAY:2}
[TRUNC] turn=62 ctx=MAIN opts=70 kept=64 dropped_types={ATTACH:3,PLAY:3}
[TRUNC] turn=60 ctx=MAIN opts=70 kept=64 dropped_types={ATTACH:5,PLAY:1}
[TRUNC] turn=62 ctx=MAIN opts=71 kept=64 dropped_types={ATTACH:5,PLAY:2}
[TRUNC] turn=64 ctx=MAIN opts=72 kept=64 dropped_types={ATTACH:5,PLAY:3}
[TRUNC] turn=62 ctx=MAIN opts=72 kept=64 dropped_types={ATTACH:7,PLAY:1}
[TRUNC] turn=64 ctx=MAIN opts=73 kept=64 dropped_types={ATTACH:7,PLAY:2}
[TRUNC] turn=66 ctx=MAIN opts=74 kept=64 dropped_types={ATTACH:7,PLAY:3}
[TRUNC] turn=64 ctx=MAIN opts=74 kept=64 dropped_types={ATTACH:9,PLAY:1}
[TRUNC] turn=66 ctx=MAIN opts=75 kept=64 dropped_types={ATTACH:9,PLAY:2}
[TRUNC] turn=68 ctx=MAIN opts=76 kept=64 dropped_types={ATTACH:9,PLAY:3}
[TRUNC] turn=66 ctx=MAIN opts=76 kept=64 dropped_types={ATTACH:11,PLAY:1}
[TRUNC] turn=68 ctx=MAIN opts=77 kept=64 dropped_types={ATTACH:11,PLAY:2}
[TRUNC] turn=68 ctx=MAIN opts=78 kept=64 dropped_types={ATTACH:13,PLAY:1}
[TRUNC] turn=70 ctx=MAIN opts=79 kept=64 dropped_types={ATTACH:13,PLAY:2}
[TRUNC] turn=70 ctx=MAIN opts=80 kept=64 dropped_types={ATTACH:15,PLAY:1}
[TRUNC] turn=72 ctx=MAIN opts=81 kept=64 dropped_types={ATTACH:15,PLAY:2}
[TRUNC] turn=72 ctx=MAIN opts=82 kept=64 dropped_types={ATTACH:17,PLAY:1}
[TRUNC] turn=74 ctx=MAIN opts=83 kept=64 dropped_types={ATTACH:17,PLAY:2}
[TRUNC] turn=74 ctx=MAIN opts=84 kept=64 dropped_types={ATTACH:19,PLAY:1}
[TRUNC] turn=76 ctx=MAIN opts=85 kept=64 dropped_types={ATTACH:19,PLAY:2}
[TRUNC] turn=76 ctx=MAIN opts=86 kept=64 dropped_types={ATTACH:21,PLAY:1}
[TRUNC] turn=78 ctx=MAIN opts=87 kept=64 dropped_types={ATTACH:21,PLAY:2}
[TRUNC] turn=78 ctx=MAIN opts=88 kept=64 dropped_types={ATTACH:23,PLAY:1}
[TRUNC] turn=80 ctx=MAIN opts=89 kept=64 dropped_types={ATTACH:23,PLAY:2}
[TRUNC] turn=80 ctx=MAIN opts=90 kept=64 dropped_types={ATTACH:25,PLAY:1}
[TRUNC] turn=82 ctx=MAIN opts=92 kept=64 dropped_types={ATTACH:27,PLAY:1}
[TRUNC] turn=84 ctx=MAIN opts=94 kept=64 dropped_types={ATTACH:29,PLAY:1}
[TRUNC] turn=86 ctx=MAIN opts=96 kept=64 dropped_types={ATTACH:31,PLAY:1}
[TRUNC] turn=88 ctx=MAIN opts=98 kept=64 dropped_types={ATTACH:33,PLAY:1}
[TRUNC] turn=90 ctx=MAIN opts=100 kept=64 dropped_types={ATTACH:35,PLAY:1}
[TRUNC] turn=92 ctx=MAIN opts=102 kept=64 dropped_types={ATTACH:37,PLAY:1}
[TRUNC] turn=94 ctx=MAIN opts=103 kept=64 dropped_types={ATTACH:37,PLAY:2}
[TRUNC] turn=94 ctx=MAIN opts=104 kept=64 dropped_types={ATTACH:39,PLAY:1}
=== DIAG_DUMP_BEGIN ===
DIAG_GAMES=1
TRUNC_TOTAL_NODES=579
TRUNC_FIRED=40
TRUNC_FIRE_RATE=6.91%
TRUNC_OPTCOUNT_HIST=1-8:84|9-16:85|17-32:213|33-64:157|65-128:40|129-256:0|257+:0
TRUNC_FIRE_RATE_BY_TURN=1-2:0.00%(0/22)|3-5:0.00%(0/17)|6+:7.41%(40/540)
TRUNC_DROPPED_BY_TYPE=ATTACH:606,PLAY:64
TRUNC_DROPPED_CRITICAL=0
TRUNC_DROPPED_CRITICAL_STATUS=PASS
MULTISELECT_FIXED_LEN=min=0,max=5:nodes=3,shorter_legal=3,shorter_generated=0,shorter_missed=3
MULTISELECT_SHORTER_MISSED=3
MULTISELECT_CTX_HIST=SETUP_BENCH_POKEMON:3
GAME_LENGTH_HIST=1-15:0|16-25:0|26-40:0|41-60:0|61+:1
WIN_BY_CAUSE=DECK_OUT:W=1,L=1,D=0
TURN_NODE_DIST=1-2:3.80%(22/579)|3-5:2.94%(17/579)|6+:93.26%(540/579)
SEARCH_MAX_DEPTH=5
SEARCH_MEAN_DEPTH=2.4714
PRIZE_REWARD_REACHED=0.00%(0/98)
STALL_DRAW_PASS_TURNS=96
STALL_SHUFFLE_WITH_RESOURCES=0
MISSED_ATTACH=94
SHAPING_BREAKDOWN=BOARD_DECK_DIFF:0.000777|DAMAGE_PRESSURE:0.000000|DISRUPTION:0.000155|ENERGY_DENIAL:0.000000|ITEM_LOCK_PENALTY:0.000000|KO_BONUS:0.000000|PARALYSIS:0.000000|PRIZE_DIFF:0.000259|SLEEP:0.000000
=== DIAG_DUMP_END ===
[TRUNC] turn=55 ctx=MAIN opts=65 kept=64 dropped_types={PLAY:1}
[TRUNC] turn=55 ctx=MAIN opts=66 kept=64 dropped_types={ATTACH:1,PLAY:1}
[TRUNC] turn=57 ctx=MAIN opts=67 kept=64 dropped_types={ATTACH:1,PLAY:2}
[TRUNC] turn=56 ctx=MAIN opts=66 kept=64 dropped_types={ATTACH:1,PLAY:1}
[TRUNC] turn=57 ctx=MAIN opts=68 kept=64 dropped_types={ATTACH:3,PLAY:1}
[TRUNC] turn=59 ctx=MAIN opts=69 kept=64 dropped_types={ATTACH:3,PLAY:2}
[TRUNC] turn=58 ctx=MAIN opts=68 kept=64 dropped_types={ATTACH:3,PLAY:1}
[TRUNC] turn=59 ctx=MAIN opts=70 kept=64 dropped_types={ATTACH:5,PLAY:1}
[TRUNC] turn=60 ctx=MAIN opts=70 kept=64 dropped_types={ATTACH:5,PLAY:1}
[TRUNC] turn=61 ctx=MAIN opts=72 kept=64 dropped_types={ATTACH:7,PLAY:1}
[TRUNC] turn=63 ctx=MAIN opts=73 kept=64 dropped_types={ATTACH:7,PLAY:2}
[TRUNC] turn=62 ctx=MAIN opts=72 kept=64 dropped_types={ATTACH:7,PLAY:1}
[TRUNC] turn=63 ctx=MAIN opts=74 kept=64 dropped_types={ATTACH:9,PLAY:1}
[TRUNC] turn=65 ctx=MAIN opts=75 kept=64 dropped_types={ATTACH:9,PLAY:2}
[TRUNC] turn=64 ctx=MAIN opts=74 kept=64 dropped_types={ATTACH:9,PLAY:1}
[TRUNC] turn=65 ctx=MAIN opts=76 kept=64 dropped_types={ATTACH:11,PLAY:1}
[TRUNC] turn=66 ctx=MAIN opts=76 kept=64 dropped_types={ATTACH:11,PLAY:1}
[TRUNC] turn=67 ctx=MAIN opts=78 kept=64 dropped_types={ATTACH:13,PLAY:1}
[TRUNC] turn=68 ctx=MAIN opts=78 kept=64 dropped_types={ATTACH:13,PLAY:1}
[TRUNC] turn=69 ctx=MAIN opts=80 kept=64 dropped_types={ATTACH:15,PLAY:1}
[TRUNC] turn=70 ctx=MAIN opts=80 kept=64 dropped_types={ATTACH:15,PLAY:1}
[TRUNC] turn=71 ctx=MAIN opts=82 kept=64 dropped_types={ATTACH:17,PLAY:1}
[TRUNC] turn=72 ctx=MAIN opts=82 kept=64 dropped_types={ATTACH:17,PLAY:1}
[TRUNC] turn=73 ctx=MAIN opts=84 kept=64 dropped_types={ATTACH:19,PLAY:1}
[TRUNC] turn=74 ctx=MAIN opts=84 kept=64 dropped_types={ATTACH:19,PLAY:1}
[TRUNC] turn=75 ctx=MAIN opts=86 kept=64 dropped_types={ATTACH:21,PLAY:1}
[TRUNC] turn=76 ctx=MAIN opts=86 kept=64 dropped_types={ATTACH:21,PLAY:1}
[TRUNC] turn=77 ctx=MAIN opts=88 kept=64 dropped_types={ATTACH:23,PLAY:1}
[TRUNC] turn=78 ctx=MAIN opts=88 kept=64 dropped_types={ATTACH:23,PLAY:1}
[TRUNC] turn=79 ctx=MAIN opts=90 kept=64 dropped_types={ATTACH:25,PLAY:1}
[TRUNC] turn=80 ctx=MAIN opts=90 kept=64 dropped_types={ATTACH:25,PLAY:1}
[TRUNC] turn=81 ctx=MAIN opts=92 kept=64 dropped_types={ATTACH:27,PLAY:1}
[TRUNC] turn=82 ctx=MAIN opts=92 kept=64 dropped_types={ATTACH:27,PLAY:1}
[TRUNC] turn=83 ctx=MAIN opts=94 kept=64 dropped_types={ATTACH:29,PLAY:1}
[TRUNC] turn=84 ctx=MAIN opts=94 kept=64 dropped_types={ATTACH:29,PLAY:1}
[TRUNC] turn=85 ctx=MAIN opts=96 kept=64 dropped_types={ATTACH:31,PLAY:1}
[TRUNC] turn=86 ctx=MAIN opts=96 kept=64 dropped_types={ATTACH:31,PLAY:1}
[TRUNC] turn=87 ctx=MAIN opts=98 kept=64 dropped_types={ATTACH:33,PLAY:1}
[TRUNC] turn=88 ctx=MAIN opts=98 kept=64 dropped_types={ATTACH:33,PLAY:1}
[TRUNC] turn=89 ctx=MAIN opts=100 kept=64 dropped_types={ATTACH:35,PLAY:1}
[TRUNC] turn=90 ctx=MAIN opts=100 kept=64 dropped_types={ATTACH:35,PLAY:1}
[TRUNC] turn=91 ctx=MAIN opts=102 kept=64 dropped_types={ATTACH:37,PLAY:1}
[TRUNC] turn=92 ctx=MAIN opts=102 kept=64 dropped_types={ATTACH:37,PLAY:1}
[TRUNC] turn=94 ctx=MAIN opts=103 kept=64 dropped_types={ATTACH:37,PLAY:2}
[TRUNC] turn=93 ctx=MAIN opts=104 kept=64 dropped_types={ATTACH:39,PLAY:1}
[TRUNC] turn=94 ctx=MAIN opts=104 kept=64 dropped_types={ATTACH:39,PLAY:1}
=== DIAG_DUMP_BEGIN ===
DIAG_GAMES=1
TRUNC_TOTAL_NODES=585
TRUNC_FIRED=46
TRUNC_FIRE_RATE=7.86%
TRUNC_OPTCOUNT_HIST=1-8:188|9-16:77|17-32:147|33-64:127|65-128:46|129-256:0|257+:0
TRUNC_FIRE_RATE_BY_TURN=1-2:0.00%(0/25)|3-5:0.00%(0/21)|6+:8.53%(46/539)
TRUNC_DROPPED_BY_TYPE=ATTACH:857,PLAY:51
TRUNC_DROPPED_CRITICAL=0
TRUNC_DROPPED_CRITICAL_STATUS=PASS
MULTISELECT_FIXED_LEN=NONE
MULTISELECT_SHORTER_MISSED=0
MULTISELECT_CTX_HIST=NONE
GAME_LENGTH_HIST=1-15:0|16-25:0|26-40:0|41-60:0|61+:1
WIN_BY_CAUSE=DECK_OUT:W=1,L=1,D=0
TURN_NODE_DIST=1-2:4.27%(25/585)|3-5:3.59%(21/585)|6+:92.14%(539/585)
SEARCH_MAX_DEPTH=5
SEARCH_MEAN_DEPTH=1.9980
PRIZE_REWARD_REACHED=0.00%(0/99)
STALL_DRAW_PASS_TURNS=98
STALL_SHUFFLE_WITH_RESOURCES=0
MISSED_ATTACH=94
SHAPING_BREAKDOWN=BOARD_DECK_DIFF:0.001709|DAMAGE_PRESSURE:0.000000|DISRUPTION:0.000205|ENERGY_DENIAL:0.000000|ITEM_LOCK_PENALTY:0.000000|KO_BONUS:0.000000|PARALYSIS:0.000000|PRIZE_DIFF:0.000000|SLEEP:0.000000
=== DIAG_DUMP_END ===
[MULTISELECT] ctx=SETUP_BENCH_POKEMON min=0 max=5 generated_lens=[5] shorter_legal_exists=True shorter_missed=True
[MULTISELECT] ctx=TO_BENCH min=0 max=2 generated_lens=[2] shorter_legal_exists=True shorter_missed=True
[MULTISELECT] ctx=TO_BENCH min=0 max=2 generated_lens=[2] shorter_legal_exists=True shorter_missed=True
[MULTISELECT] ctx=DISCARD min=3 max=3 generated_lens=[3] shorter_legal_exists=False shorter_missed=False
[MULTISELECT] ctx=DISCARD min=3 max=3 generated_lens=[3] shorter_legal_exists=False shorter_missed=False
[MULTISELECT] ctx=TO_BENCH min=0 max=2 generated_lens=[2] shorter_legal_exists=True shorter_missed=True
[MULTISELECT] ctx=ATTACH_TO min=0 max=5 generated_lens=[5] shorter_legal_exists=True shorter_missed=True
[MULTISELECT] ctx=ATTACH_TO min=0 max=4 generated_lens=[4] shorter_legal_exists=True shorter_missed=True
[MULTISELECT] ctx=ATTACH_TO min=0 max=5 generated_lens=[5] shorter_legal_exists=True shorter_missed=True
[MULTISELECT] ctx=ATTACH_TO min=0 max=3 generated_lens=[3] shorter_legal_exists=True shorter_missed=True
[MULTISELECT] ctx=ATTACH_TO min=0 max=3 generated_lens=[3] shorter_legal_exists=True shorter_missed=True
[MULTISELECT] ctx=ATTACH_TO min=0 max=5 generated_lens=[5] shorter_legal_exists=True shorter_missed=True
[TRUNC] turn=22 ctx=MAIN opts=76 kept=64 dropped_types={ABILITY:1,ATTACH:10,RETREAT:1}
[TRUNC] turn=22 ctx=MAIN opts=76 kept=64 dropped_types={ABILITY:1,ATTACH:10,RETREAT:1}
[TRUNC] turn=22 ctx=MAIN opts=76 kept=64 dropped_types={ABILITY:1,ATTACH:10,RETREAT:1}
[TRUNC] turn=22 ctx=MAIN opts=76 kept=64 dropped_types={ABILITY:1,ATTACH:10,RETREAT:1}
[TRUNC] turn=22 ctx=MAIN opts=76 kept=64 dropped_types={ABILITY:1,ATTACH:10,RETREAT:1}
[TRUNC] turn=22 ctx=MAIN opts=76 kept=64 dropped_types={ABILITY:1,ATTACH:10,RETREAT:1}
[TRUNC] turn=22 ctx=MAIN opts=76 kept=64 dropped_types={ABILITY:1,ATTACH:10,RETREAT:1}
[TRUNC] turn=22 ctx=MAIN opts=76 kept=64 dropped_types={ABILITY:1,ATTACH:10,RETREAT:1}
[TRUNC] turn=22 ctx=MAIN opts=76 kept=64 dropped_types={ABILITY:1,ATTACH:10,RETREAT:1}
[TRUNC] turn=22 ctx=MAIN opts=76 kept=64 dropped_types={ABILITY:1,ATTACH:10,RETREAT:1}
[TRUNC] turn=22 ctx=MAIN opts=76 kept=64 dropped_types={ABILITY:1,ATTACH:10,RETREAT:1}
[TRUNC] turn=22 ctx=MAIN opts=76 kept=64 dropped_types={ABILITY:1,ATTACH:10,RETREAT:1}
[TRUNC] turn=22 ctx=MAIN opts=65 kept=64 dropped_types={RETREAT:1}
[TRUNC] turn=22 ctx=MAIN opts=65 kept=64 dropped_types={RETREAT:1}
[MULTISELECT] ctx=ATTACH_TO min=0 max=4 generated_lens=[4] shorter_legal_exists=True shorter_missed=True
[MULTISELECT] ctx=ATTACH_TO min=0 max=5 generated_lens=[5] shorter_legal_exists=True shorter_missed=True
[MULTISELECT] ctx=TO_HAND min=2 max=2 generated_lens=[2] shorter_legal_exists=False shorter_missed=False
[MULTISELECT] ctx=TO_HAND min=2 max=2 generated_lens=[2] shorter_legal_exists=False shorter_missed=False
[MULTISELECT] ctx=TO_HAND min=2 max=2 generated_lens=[2] shorter_legal_exists=False shorter_missed=False
[MULTISELECT] ctx=TO_HAND min=2 max=2 generated_lens=[2] shorter_legal_exists=False shorter_missed=False
[MULTISELECT] ctx=TO_HAND min=2 max=2 generated_lens=[2] shorter_legal_exists=False shorter_missed=False
[MULTISELECT] ctx=TO_BENCH min=0 max=2 generated_lens=[2] shorter_legal_exists=True shorter_missed=True
[MULTISELECT] ctx=TO_BENCH min=0 max=2 generated_lens=[2] shorter_legal_exists=True shorter_missed=True
=== DIAG_DUMP_BEGIN ===
DIAG_GAMES=1
TRUNC_TOTAL_NODES=963
TRUNC_FIRED=14
TRUNC_FIRE_RATE=1.45%
TRUNC_OPTCOUNT_HIST=1-8:611|9-16:173|17-32:121|33-64:44|65-128:14|129-256:0|257+:0
TRUNC_FIRE_RATE_BY_TURN=1-2:0.00%(0/114)|3-5:0.00%(0/104)|6+:1.88%(14/745)
TRUNC_DROPPED_BY_TYPE=ABILITY:12,ATTACH:120,RETREAT:14
TRUNC_DROPPED_CRITICAL=0
TRUNC_DROPPED_CRITICAL_STATUS=PASS
MULTISELECT_FIXED_LEN=min=0,max=2:nodes=5,shorter_legal=5,shorter_generated=0,shorter_missed=5|min=0,max=3:nodes=2,shorter_legal=2,shorter_generated=0,shorter_missed=2|min=0,max=4:nodes=2,shorter_legal=2,shorter_generated=0,shorter_missed=2|min=0,max=5:nodes=5,shorter_legal=5,shorter_generated=0,shorter_missed=5|min=2,max=2:nodes=5,shorter_legal=0,shorter_generated=0,shorter_missed=0|min=3,max=3:nodes=2,shorter_legal=0,shorter_generated=0,shorter_missed=0
MULTISELECT_SHORTER_MISSED=14
MULTISELECT_CTX_HIST=ATTACH_TO:8,DISCARD:2,SETUP_BENCH_POKEMON:1,TO_BENCH:5,TO_HAND:5
GAME_LENGTH_HIST=1-15:0|16-25:0|26-40:1|41-60:0|61+:0
WIN_BY_CAUSE=PRIZE:W=1,L=1,D=0
TURN_NODE_DIST=1-2:11.84%(114/963)|3-5:10.80%(104/963)|6+:77.36%(745/963)
SEARCH_MAX_DEPTH=5
SEARCH_MEAN_DEPTH=1.9325
PRIZE_REWARD_REACHED=11.66%(19/163)
STALL_DRAW_PASS_TURNS=22
STALL_SHUFFLE_WITH_RESOURCES=5
MISSED_ATTACH=12
SHAPING_BREAKDOWN=BOARD_DECK_DIFF:-0.004818|DAMAGE_PRESSURE:0.007560|DISRUPTION:0.000156|ENERGY_DENIAL:0.001350|ITEM_LOCK_PENALTY:-0.002181|KO_BONUS:0.004569|PARALYSIS:0.000000|PRIZE_DIFF:-0.005711|SLEEP:0.000000
=== DIAG_DUMP_END ===
[MULTISELECT] ctx=TO_BENCH min=0 max=2 generated_lens=[2] shorter_legal_exists=True shorter_missed=True
[MULTISELECT] ctx=TO_BENCH min=0 max=2 generated_lens=[2] shorter_legal_exists=True shorter_missed=True
[MULTISELECT] ctx=TO_BENCH min=0 max=2 generated_lens=[2] shorter_legal_exists=True shorter_missed=True
[MULTISELECT] ctx=TO_BENCH min=0 max=2 generated_lens=[2] shorter_legal_exists=True shorter_missed=True
[MULTISELECT] ctx=TO_BENCH min=0 max=2 generated_lens=[2] shorter_legal_exists=True shorter_missed=True
[MULTISELECT] ctx=DISCARD min=3 max=3 generated_lens=[3] shorter_legal_exists=False shorter_missed=False
[MULTISELECT] ctx=TO_BENCH min=0 max=2 generated_lens=[2] shorter_legal_exists=True shorter_missed=True
[MULTISELECT] ctx=DISCARD min=3 max=3 generated_lens=[3] shorter_legal_exists=False shorter_missed=False
[MULTISELECT] ctx=DISCARD min=3 max=3 generated_lens=[3] shorter_legal_exists=False shorter_missed=False
[MULTISELECT] ctx=DISCARD min=3 max=3 generated_lens=[3] shorter_legal_exists=False shorter_missed=False
[MULTISELECT] ctx=DISCARD min=3 max=3 generated_lens=[3] shorter_legal_exists=False shorter_missed=False
[MULTISELECT] ctx=DISCARD min=3 max=3 generated_lens=[3] shorter_legal_exists=False shorter_missed=False
[MULTISELECT] ctx=TO_BENCH min=0 max=2 generated_lens=[2] shorter_legal_exists=True shorter_missed=True
[MULTISELECT] ctx=TO_BENCH min=0 max=2 generated_lens=[2] shorter_legal_exists=True shorter_missed=True
[MULTISELECT] ctx=TO_BENCH min=0 max=2 generated_lens=[2] shorter_legal_exists=True shorter_missed=True
[MULTISELECT] ctx=SKILL_ORDER min=2 max=2 generated_lens=[2] shorter_legal_exists=False shorter_missed=False
[MULTISELECT] ctx=SKILL_ORDER min=2 max=2 generated_lens=[2] shorter_legal_exists=False shorter_missed=False
[MULTISELECT] ctx=SKILL_ORDER min=2 max=2 generated_lens=[2] shorter_legal_exists=False shorter_missed=False
[MULTISELECT] ctx=SKILL_ORDER min=2 max=2 generated_lens=[2] shorter_legal_exists=False shorter_missed=False
[MULTISELECT] ctx=SKILL_ORDER min=2 max=2 generated_lens=[2] shorter_legal_exists=False shorter_missed=False
[MULTISELECT] ctx=SKILL_ORDER min=2 max=2 generated_lens=[2] shorter_legal_exists=False shorter_missed=False
[MULTISELECT] ctx=SKILL_ORDER min=2 max=2 generated_lens=[2] shorter_legal_exists=False shorter_missed=False
[MULTISELECT] ctx=SKILL_ORDER min=2 max=2 generated_lens=[2] shorter_legal_exists=False shorter_missed=False
[MULTISELECT] ctx=SKILL_ORDER min=2 max=2 generated_lens=[2] shorter_legal_exists=False shorter_missed=False
[MULTISELECT] ctx=SKILL_ORDER min=2 max=2 generated_lens=[2] shorter_legal_exists=False shorter_missed=False
[MULTISELECT] ctx=SKILL_ORDER min=2 max=2 generated_lens=[2] shorter_legal_exists=False shorter_missed=False
[MULTISELECT] ctx=SKILL_ORDER min=2 max=2 generated_lens=[2] shorter_legal_exists=False shorter_missed=False
[MULTISELECT] ctx=SKILL_ORDER min=2 max=2 generated_lens=[2] shorter_legal_exists=False shorter_missed=False
[MULTISELECT] ctx=SKILL_ORDER min=2 max=2 generated_lens=[2] shorter_legal_exists=False shorter_missed=False
[MULTISELECT] ctx=SKILL_ORDER min=2 max=2 generated_lens=[2] shorter_legal_exists=False shorter_missed=False
[MULTISELECT] ctx=SKILL_ORDER min=2 max=2 generated_lens=[2] shorter_legal_exists=False shorter_missed=False
[MULTISELECT] ctx=SKILL_ORDER min=2 max=2 generated_lens=[2] shorter_legal_exists=False shorter_missed=False
[MULTISELECT] ctx=SKILL_ORDER min=2 max=2 generated_lens=[2] shorter_legal_exists=False shorter_missed=False
[MULTISELECT] ctx=SKILL_ORDER min=2 max=2 generated_lens=[2] shorter_legal_exists=False shorter_missed=False
[MULTISELECT] ctx=SKILL_ORDER min=2 max=2 generated_lens=[2] shorter_legal_exists=False shorter_missed=False
[MULTISELECT] ctx=SKILL_ORDER min=2 max=2 generated_lens=[2] shorter_legal_exists=False shorter_missed=False
[MULTISELECT] ctx=SKILL_ORDER min=2 max=2 generated_lens=[2] shorter_legal_exists=False shorter_missed=False
[MULTISELECT] ctx=SKILL_ORDER min=2 max=2 generated_lens=[2] shorter_legal_exists=False shorter_missed=False
[MULTISELECT] ctx=SKILL_ORDER min=2 max=2 generated_lens=[2] shorter_legal_exists=False shorter_missed=False
[MULTISELECT] ctx=SKILL_ORDER min=2 max=2 generated_lens=[2] shorter_legal_exists=False shorter_missed=False
[MULTISELECT] ctx=SKILL_ORDER min=2 max=2 generated_lens=[2] shorter_legal_exists=False shorter_missed=False
[MULTISELECT] ctx=SKILL_ORDER min=2 max=2 generated_lens=[2] shorter_legal_exists=False shorter_missed=False
[MULTISELECT] ctx=SKILL_ORDER min=2 max=2 generated_lens=[2] shorter_legal_exists=False shorter_missed=False
[MULTISELECT] ctx=SKILL_ORDER min=2 max=2 generated_lens=[2] shorter_legal_exists=False shorter_missed=False
[MULTISELECT] ctx=SKILL_ORDER min=2 max=2 generated_lens=[2] shorter_legal_exists=False shorter_missed=False
[MULTISELECT] ctx=SKILL_ORDER min=2 max=2 generated_lens=[2] shorter_legal_exists=False shorter_missed=False
[MULTISELECT] ctx=SKILL_ORDER min=2 max=2 generated_lens=[2] shorter_legal_exists=False shorter_missed=False
[MULTISELECT] ctx=SKILL_ORDER min=2 max=2 generated_lens=[2] shorter_legal_exists=False shorter_missed=False
[MULTISELECT] ctx=SKILL_ORDER min=2 max=2 generated_lens=[2] shorter_legal_exists=False shorter_missed=False
[TRUNC] turn=32 ctx=MAIN opts=68 kept=64 dropped_types={ABILITY:1,ATTACH:2,PLAY:1}
[MULTISELECT] ctx=SKILL_ORDER min=2 max=2 generated_lens=[2] shorter_legal_exists=False shorter_missed=False
[MULTISELECT] ctx=SKILL_ORDER min=2 max=2 generated_lens=[2] shorter_legal_exists=False shorter_missed=False
[TRUNC] turn=32 ctx=MAIN opts=68 kept=64 dropped_types={ABILITY:1,ATTACH:2,PLAY:1}
[MULTISELECT] ctx=SKILL_ORDER min=2 max=2 generated_lens=[2] shorter_legal_exists=False shorter_missed=False
[MULTISELECT] ctx=SKILL_ORDER min=2 max=2 generated_lens=[2] shorter_legal_exists=False shorter_missed=False
[MULTISELECT] ctx=SKILL_ORDER min=2 max=2 generated_lens=[2] shorter_legal_exists=False shorter_missed=False
[MULTISELECT] ctx=SKILL_ORDER min=2 max=2 generated_lens=[2] shorter_legal_exists=False shorter_missed=False
[MULTISELECT] ctx=SKILL_ORDER min=2 max=2 generated_lens=[2] shorter_legal_exists=False shorter_missed=False
[MULTISELECT] ctx=SKILL_ORDER min=2 max=2 generated_lens=[2] shorter_legal_exists=False shorter_missed=False
[TRUNC] turn=34 ctx=MAIN opts=73 kept=64 dropped_types={ABILITY:1,ATTACH:7,PLAY:1}
[MULTISELECT] ctx=SKILL_ORDER min=2 max=2 generated_lens=[2] shorter_legal_exists=False shorter_missed=False
[MULTISELECT] ctx=SKILL_ORDER min=2 max=2 generated_lens=[2] shorter_legal_exists=False shorter_missed=False
[TRUNC] turn=34 ctx=MAIN opts=73 kept=64 dropped_types={ABILITY:1,ATTACH:7,PLAY:1}
[MULTISELECT] ctx=SKILL_ORDER min=2 max=2 generated_lens=[2] shorter_legal_exists=False shorter_missed=False
[MULTISELECT] ctx=SKILL_ORDER min=2 max=2 generated_lens=[2] shorter_legal_exists=False shorter_missed=False
[MULTISELECT] ctx=SKILL_ORDER min=2 max=2 generated_lens=[2] shorter_legal_exists=False shorter_missed=False
[MULTISELECT] ctx=SKILL_ORDER min=2 max=2 generated_lens=[2] shorter_legal_exists=False shorter_missed=False
[MULTISELECT] ctx=SKILL_ORDER min=2 max=2 generated_lens=[2] shorter_legal_exists=False shorter_missed=False
[TRUNC] turn=36 ctx=MAIN opts=78 kept=64 dropped_types={ABILITY:1,ATTACH:12,PLAY:1}
[MULTISELECT] ctx=SKILL_ORDER min=2 max=2 generated_lens=[2] shorter_legal_exists=False shorter_missed=False
[TRUNC] turn=36 ctx=MAIN opts=78 kept=64 dropped_types={ABILITY:1,ATTACH:12,PLAY:1}
[MULTISELECT] ctx=SKILL_ORDER min=2 max=2 generated_lens=[2] shorter_legal_exists=False shorter_missed=False
[MULTISELECT] ctx=SKILL_ORDER min=2 max=2 generated_lens=[2] shorter_legal_exists=False shorter_missed=False
[MULTISELECT] ctx=SKILL_ORDER min=2 max=2 generated_lens=[2] shorter_legal_exists=False shorter_missed=False
[TRUNC] turn=37 ctx=MAIN opts=69 kept=64 dropped_types={ABILITY:1,ATTACH:2,PLAY:1,RETREAT:1}
[MULTISELECT] ctx=SKILL_ORDER min=2 max=2 generated_lens=[2] shorter_legal_exists=False shorter_missed=False
[MULTISELECT] ctx=SKILL_ORDER min=2 max=2 generated_lens=[2] shorter_legal_exists=False shorter_missed=False
[TRUNC] turn=38 ctx=MAIN opts=83 kept=64 dropped_types={ABILITY:1,ATTACH:17,PLAY:1}
[MULTISELECT] ctx=SKILL_ORDER min=2 max=2 generated_lens=[2] shorter_legal_exists=False shorter_missed=False
[TRUNC] turn=38 ctx=MAIN opts=83 kept=64 dropped_types={ABILITY:1,ATTACH:17,PLAY:1}
[MULTISELECT] ctx=SKILL_ORDER min=2 max=2 generated_lens=[2] shorter_legal_exists=False shorter_missed=False
[MULTISELECT] ctx=SKILL_ORDER min=2 max=2 generated_lens=[2] shorter_legal_exists=False shorter_missed=False
[MULTISELECT] ctx=SKILL_ORDER min=2 max=2 generated_lens=[2] shorter_legal_exists=False shorter_missed=False
[MULTISELECT] ctx=SKILL_ORDER min=2 max=2 generated_lens=[2] shorter_legal_exists=False shorter_missed=False
[TRUNC] turn=39 ctx=MAIN opts=74 kept=64 dropped_types={ABILITY:1,ATTACH:7,PLAY:1,RETREAT:1}
[MULTISELECT] ctx=SKILL_ORDER min=2 max=2 generated_lens=[2] shorter_legal_exists=False shorter_missed=False
[MULTISELECT] ctx=SKILL_ORDER min=2 max=2 generated_lens=[2] shorter_legal_exists=False shorter_missed=False
[TRUNC] turn=40 ctx=MAIN opts=88 kept=64 dropped_types={ABILITY:1,ATTACH:22,PLAY:1}
[MULTISELECT] ctx=SKILL_ORDER min=2 max=2 generated_lens=[2] shorter_legal_exists=False shorter_missed=False
[TRUNC] turn=40 ctx=MAIN opts=88 kept=64 dropped_types={ABILITY:1,ATTACH:22,PLAY:1}
[MULTISELECT] ctx=SKILL_ORDER min=2 max=2 generated_lens=[2] shorter_legal_exists=False shorter_missed=False
[MULTISELECT] ctx=SKILL_ORDER min=2 max=2 generated_lens=[2] shorter_legal_exists=False shorter_missed=False
[MULTISELECT] ctx=SKILL_ORDER min=2 max=2 generated_lens=[2] shorter_legal_exists=False shorter_missed=False
[TRUNC] turn=41 ctx=MAIN opts=79 kept=64 dropped_types={ABILITY:1,ATTACH:12,PLAY:1,RETREAT:1}
[MULTISELECT] ctx=SKILL_ORDER min=2 max=2 generated_lens=[2] shorter_legal_exists=False shorter_missed=False
[MULTISELECT] ctx=SKILL_ORDER min=2 max=2 generated_lens=[2] shorter_legal_exists=False shorter_missed=False
[MULTISELECT] ctx=SKILL_ORDER min=2 max=2 generated_lens=[2] shorter_legal_exists=False shorter_missed=False
[TRUNC] turn=42 ctx=MAIN opts=93 kept=64 dropped_types={ABILITY:1,ATTACH:27,PLAY:1}
[MULTISELECT] ctx=SKILL_ORDER min=2 max=2 generated_lens=[2] shorter_legal_exists=False shorter_missed=False
[MULTISELECT] ctx=SKILL_ORDER min=2 max=2 generated_lens=[2] shorter_legal_exists=False shorter_missed=False
[MULTISELECT] ctx=SKILL_ORDER min=2 max=2 generated_lens=[2] shorter_legal_exists=False shorter_missed=False
[TRUNC] turn=43 ctx=MAIN opts=84 kept=64 dropped_types={ABILITY:1,ATTACH:17,PLAY:1,RETREAT:1}
[MULTISELECT] ctx=SKILL_ORDER min=2 max=2 generated_lens=[2] shorter_legal_exists=False shorter_missed=False
[MULTISELECT] ctx=SKILL_ORDER min=2 max=2 generated_lens=[2] shorter_legal_exists=False shorter_missed=False
[MULTISELECT] ctx=SKILL_ORDER min=2 max=2 generated_lens=[2] shorter_legal_exists=False shorter_missed=False
[MULTISELECT] ctx=SKILL_ORDER min=2 max=2 generated_lens=[2] shorter_legal_exists=False shorter_missed=False
[TRUNC] turn=44 ctx=MAIN opts=98 kept=64 dropped_types={ABILITY:1,ATTACH:32,PLAY:1}
[MULTISELECT] ctx=SKILL_ORDER min=2 max=2 generated_lens=[2] shorter_legal_exists=False shorter_missed=False
[MULTISELECT] ctx=SKILL_ORDER min=2 max=2 generated_lens=[2] shorter_legal_exists=False shorter_missed=False
[MULTISELECT] ctx=SKILL_ORDER min=2 max=2 generated_lens=[2] shorter_legal_exists=False shorter_missed=False
[MULTISELECT] ctx=SKILL_ORDER min=2 max=2 generated_lens=[2] shorter_legal_exists=False shorter_missed=False
[MULTISELECT] ctx=SKILL_ORDER min=2 max=2 generated_lens=[2] shorter_legal_exists=False shorter_missed=False
[TRUNC] turn=46 ctx=MAIN opts=103 kept=64 dropped_types={ABILITY:1,ATTACH:37,PLAY:1}
[MULTISELECT] ctx=SKILL_ORDER min=2 max=2 generated_lens=[2] shorter_legal_exists=False shorter_missed=False
[TRUNC] turn=46 ctx=MAIN opts=103 kept=64 dropped_types={ABILITY:1,ATTACH:37,PLAY:1}
[MULTISELECT] ctx=SKILL_ORDER min=2 max=2 generated_lens=[2] shorter_legal_exists=False shorter_missed=False
[MULTISELECT] ctx=SKILL_ORDER min=2 max=2 generated_lens=[2] shorter_legal_exists=False shorter_missed=False
[MULTISELECT] ctx=SKILL_ORDER min=2 max=2 generated_lens=[2] shorter_legal_exists=False shorter_missed=False
[MULTISELECT] ctx=SKILL_ORDER min=2 max=2 generated_lens=[2] shorter_legal_exists=False shorter_missed=False
[MULTISELECT] ctx=SKILL_ORDER min=2 max=2 generated_lens=[2] shorter_legal_exists=False shorter_missed=False
[TRUNC] turn=48 ctx=MAIN opts=108 kept=64 dropped_types={ABILITY:1,ATTACH:42,PLAY:1}
[MULTISELECT] ctx=SKILL_ORDER min=2 max=2 generated_lens=[2] shorter_legal_exists=False shorter_missed=False
[TRUNC] turn=48 ctx=MAIN opts=108 kept=64 dropped_types={ABILITY:1,ATTACH:42,PLAY:1}
[MULTISELECT] ctx=SKILL_ORDER min=2 max=2 generated_lens=[2] shorter_legal_exists=False shorter_missed=False
[MULTISELECT] ctx=SKILL_ORDER min=2 max=2 generated_lens=[2] shorter_legal_exists=False shorter_missed=False
[MULTISELECT] ctx=SKILL_ORDER min=2 max=2 generated_lens=[2] shorter_legal_exists=False shorter_missed=False
[MULTISELECT] ctx=SKILL_ORDER min=2 max=2 generated_lens=[2] shorter_legal_exists=False shorter_missed=False
[TRUNC] turn=50 ctx=MAIN opts=113 kept=64 dropped_types={ABILITY:1,ATTACH:47,PLAY:1}
[MULTISELECT] ctx=SKILL_ORDER min=2 max=2 generated_lens=[2] shorter_legal_exists=False shorter_missed=False
[TRUNC] turn=50 ctx=MAIN opts=113 kept=64 dropped_types={ABILITY:1,ATTACH:47,PLAY:1}
[MULTISELECT] ctx=SKILL_ORDER min=2 max=2 generated_lens=[2] shorter_legal_exists=False shorter_missed=False
[MULTISELECT] ctx=SKILL_ORDER min=2 max=2 generated_lens=[2] shorter_legal_exists=False shorter_missed=False
[MULTISELECT] ctx=SKILL_ORDER min=2 max=2 generated_lens=[2] shorter_legal_exists=False shorter_missed=False
[MULTISELECT] ctx=SKILL_ORDER min=2 max=2 generated_lens=[2] shorter_legal_exists=False shorter_missed=False
[MULTISELECT] ctx=SKILL_ORDER min=2 max=2 generated_lens=[2] shorter_legal_exists=False shorter_missed=False
[TRUNC] turn=52 ctx=MAIN opts=118 kept=64 dropped_types={ABILITY:1,ATTACH:52,PLAY:1}
[MULTISELECT] ctx=SKILL_ORDER min=2 max=2 generated_lens=[2] shorter_legal_exists=False shorter_missed=False
[TRUNC] turn=52 ctx=MAIN opts=118 kept=64 dropped_types={ABILITY:1,ATTACH:52,PLAY:1}
[MULTISELECT] ctx=SKILL_ORDER min=2 max=2 generated_lens=[2] shorter_legal_exists=False shorter_missed=False
[MULTISELECT] ctx=SKILL_ORDER min=2 max=2 generated_lens=[2] shorter_legal_exists=False shorter_missed=False
[MULTISELECT] ctx=SKILL_ORDER min=2 max=2 generated_lens=[2] shorter_legal_exists=False shorter_missed=False
[MULTISELECT] ctx=SKILL_ORDER min=2 max=2 generated_lens=[2] shorter_legal_exists=False shorter_missed=False
[MULTISELECT] ctx=SKILL_ORDER min=2 max=2 generated_lens=[2] shorter_legal_exists=False shorter_missed=False
[TRUNC] turn=54 ctx=MAIN opts=123 kept=64 dropped_types={ABILITY:1,ATTACH:57,PLAY:1}
[MULTISELECT] ctx=SKILL_ORDER min=2 max=2 generated_lens=[2] shorter_legal_exists=False shorter_missed=False
[TRUNC] turn=54 ctx=MAIN opts=123 kept=64 dropped_types={ABILITY:1,ATTACH:57,PLAY:1}
[MULTISELECT] ctx=SKILL_ORDER min=2 max=2 generated_lens=[2] shorter_legal_exists=False shorter_missed=False
[MULTISELECT] ctx=SKILL_ORDER min=2 max=2 generated_lens=[2] shorter_legal_exists=False shorter_missed=False
[MULTISELECT] ctx=SKILL_ORDER min=2 max=2 generated_lens=[2] shorter_legal_exists=False shorter_missed=False
[MULTISELECT] ctx=DISCARD min=3 max=3 generated_lens=[3] shorter_legal_exists=False shorter_missed=False
[MULTISELECT] ctx=DISCARD min=3 max=3 generated_lens=[3] shorter_legal_exists=False shorter_missed=False
[MULTISELECT] ctx=DISCARD min=3 max=3 generated_lens=[3] shorter_legal_exists=False shorter_missed=False
[MULTISELECT] ctx=DISCARD min=3 max=3 generated_lens=[3] shorter_legal_exists=False shorter_missed=False
[MULTISELECT] ctx=ATTACH_TO min=0 max=5 generated_lens=[5] shorter_legal_exists=True shorter_missed=True
[MULTISELECT] ctx=SKILL_ORDER min=2 max=2 generated_lens=[2] shorter_legal_exists=False shorter_missed=False
[MULTISELECT] ctx=SKILL_ORDER min=2 max=2 generated_lens=[2] shorter_legal_exists=False shorter_missed=False
[MULTISELECT] ctx=SKILL_ORDER min=2 max=2 generated_lens=[2] shorter_legal_exists=False shorter_missed=False
[MULTISELECT] ctx=SKILL_ORDER min=2 max=2 generated_lens=[2] shorter_legal_exists=False shorter_missed=False
[MULTISELECT] ctx=SKILL_ORDER min=2 max=2 generated_lens=[2] shorter_legal_exists=False shorter_missed=False
[MULTISELECT] ctx=SKILL_ORDER min=2 max=2 generated_lens=[2] shorter_legal_exists=False shorter_missed=False
[MULTISELECT] ctx=SKILL_ORDER min=2 max=2 generated_lens=[2] shorter_legal_exists=False shorter_missed=False
[MULTISELECT] ctx=SKILL_ORDER min=2 max=2 generated_lens=[2] shorter_legal_exists=False shorter_missed=False
[MULTISELECT] ctx=SKILL_ORDER min=2 max=2 generated_lens=[2] shorter_legal_exists=False shorter_missed=False
[MULTISELECT] ctx=SKILL_ORDER min=3 max=3 generated_lens=[3] shorter_legal_exists=False shorter_missed=False
[MULTISELECT] ctx=SKILL_ORDER min=3 max=3 generated_lens=[3] shorter_legal_exists=False shorter_missed=False
[MULTISELECT] ctx=SKILL_ORDER min=3 max=3 generated_lens=[3] shorter_legal_exists=False shorter_missed=False
[MULTISELECT] ctx=SKILL_ORDER min=3 max=3 generated_lens=[3] shorter_legal_exists=False shorter_missed=False
[MULTISELECT] ctx=SKILL_ORDER min=3 max=3 generated_lens=[3] shorter_legal_exists=False shorter_missed=False
[MULTISELECT] ctx=SKILL_ORDER min=3 max=3 generated_lens=[3] shorter_legal_exists=False shorter_missed=False
[TRUNC] turn=56 ctx=MAIN opts=99 kept=64 dropped_types={ABILITY:1,ATTACH:33,RETREAT:1}
[MULTISELECT] ctx=SKILL_ORDER min=3 max=3 generated_lens=[3] shorter_legal_exists=False shorter_missed=False
[MULTISELECT] ctx=SKILL_ORDER min=3 max=3 generated_lens=[3] shorter_legal_exists=False shorter_missed=False
[MULTISELECT] ctx=SKILL_ORDER min=3 max=3 generated_lens=[3] shorter_legal_exists=False shorter_missed=False
[TRUNC] turn=56 ctx=MAIN opts=99 kept=64 dropped_types={ABILITY:1,ATTACH:33,RETREAT:1}
[MULTISELECT] ctx=SKILL_ORDER min=3 max=3 generated_lens=[3] shorter_legal_exists=False shorter_missed=False
[TRUNC] turn=56 ctx=MAIN opts=99 kept=64 dropped_types={ABILITY:1,ATTACH:33,RETREAT:1}
[MULTISELECT] ctx=SKILL_ORDER min=3 max=3 generated_lens=[3] shorter_legal_exists=False shorter_missed=False
[MULTISELECT] ctx=SKILL_ORDER min=3 max=3 generated_lens=[3] shorter_legal_exists=False shorter_missed=False
[TRUNC] turn=56 ctx=MAIN opts=99 kept=64 dropped_types={ABILITY:1,ATTACH:33,RETREAT:1}
[MULTISELECT] ctx=SKILL_ORDER min=3 max=3 generated_lens=[3] shorter_legal_exists=False shorter_missed=False
[MULTISELECT] ctx=SKILL_ORDER min=3 max=3 generated_lens=[3] shorter_legal_exists=False shorter_missed=False
[TRUNC] turn=56 ctx=MAIN opts=99 kept=64 dropped_types={ABILITY:1,ATTACH:33,RETREAT:1}
[MULTISELECT] ctx=SKILL_ORDER min=3 max=3 generated_lens=[3] shorter_legal_exists=False shorter_missed=False
[MULTISELECT] ctx=SKILL_ORDER min=3 max=3 generated_lens=[3] shorter_legal_exists=False shorter_missed=False
[MULTISELECT] ctx=SKILL_ORDER min=3 max=3 generated_lens=[3] shorter_legal_exists=False shorter_missed=False
[MULTISELECT] ctx=SKILL_ORDER min=3 max=3 generated_lens=[3] shorter_legal_exists=False shorter_missed=False
[MULTISELECT] ctx=SKILL_ORDER min=3 max=3 generated_lens=[3] shorter_legal_exists=False shorter_missed=False
[MULTISELECT] ctx=SKILL_ORDER min=3 max=3 generated_lens=[3] shorter_legal_exists=False shorter_missed=False
[MULTISELECT] ctx=SKILL_ORDER min=3 max=3 generated_lens=[3] shorter_legal_exists=False shorter_missed=False
[MULTISELECT] ctx=SKILL_ORDER min=3 max=3 generated_lens=[3] shorter_legal_exists=False shorter_missed=False
[MULTISELECT] ctx=SKILL_ORDER min=3 max=3 generated_lens=[3] shorter_legal_exists=False shorter_missed=False
[MULTISELECT] ctx=SKILL_ORDER min=3 max=3 generated_lens=[3] shorter_legal_exists=False shorter_missed=False
[MULTISELECT] ctx=SKILL_ORDER min=3 max=3 generated_lens=[3] shorter_legal_exists=False shorter_missed=False
[TRUNC] turn=58 ctx=MAIN opts=98 kept=64 dropped_types={ATTACH:33,RETREAT:1}
[MULTISELECT] ctx=SKILL_ORDER min=3 max=3 generated_lens=[3] shorter_legal_exists=False shorter_missed=False
[TRUNC] turn=58 ctx=MAIN opts=98 kept=64 dropped_types={ATTACH:33,RETREAT:1}
[MULTISELECT] ctx=SKILL_ORDER min=3 max=3 generated_lens=[3] shorter_legal_exists=False shorter_missed=False
[MULTISELECT] ctx=SKILL_ORDER min=3 max=3 generated_lens=[3] shorter_legal_exists=False shorter_missed=False
[TRUNC] turn=58 ctx=MAIN opts=98 kept=64 dropped_types={ATTACH:33,RETREAT:1}
[MULTISELECT] ctx=SKILL_ORDER min=3 max=3 generated_lens=[3] shorter_legal_exists=False shorter_missed=False
[MULTISELECT] ctx=SKILL_ORDER min=3 max=3 generated_lens=[3] shorter_legal_exists=False shorter_missed=False
[TRUNC] turn=58 ctx=MAIN opts=98 kept=64 dropped_types={ATTACH:33,RETREAT:1}
[MULTISELECT] ctx=SKILL_ORDER min=3 max=3 generated_lens=[3] shorter_legal_exists=False shorter_missed=False
[MULTISELECT] ctx=SKILL_ORDER min=3 max=3 generated_lens=[3] shorter_legal_exists=False shorter_missed=False
[MULTISELECT] ctx=SKILL_ORDER min=3 max=3 generated_lens=[3] shorter_legal_exists=False shorter_missed=False
[MULTISELECT] ctx=SKILL_ORDER min=3 max=3 generated_lens=[3] shorter_legal_exists=False shorter_missed=False
[MULTISELECT] ctx=SKILL_ORDER min=3 max=3 generated_lens=[3] shorter_legal_exists=False shorter_missed=False
[MULTISELECT] ctx=SKILL_ORDER min=3 max=3 generated_lens=[3] shorter_legal_exists=False shorter_missed=False
[MULTISELECT] ctx=SKILL_ORDER min=3 max=3 generated_lens=[3] shorter_legal_exists=False shorter_missed=False
[MULTISELECT] ctx=SKILL_ORDER min=3 max=3 generated_lens=[3] shorter_legal_exists=False shorter_missed=False
[MULTISELECT] ctx=SKILL_ORDER min=3 max=3 generated_lens=[3] shorter_legal_exists=False shorter_missed=False
[MULTISELECT] ctx=SKILL_ORDER min=3 max=3 generated_lens=[3] shorter_legal_exists=False shorter_missed=False
[MULTISELECT] ctx=SKILL_ORDER min=3 max=3 generated_lens=[3] shorter_legal_exists=False shorter_missed=False
[MULTISELECT] ctx=SKILL_ORDER min=3 max=3 generated_lens=[3] shorter_legal_exists=False shorter_missed=False
[MULTISELECT] ctx=SKILL_ORDER min=3 max=3 generated_lens=[3] shorter_legal_exists=False shorter_missed=False
[MULTISELECT] ctx=SKILL_ORDER min=3 max=3 generated_lens=[3] shorter_legal_exists=False shorter_missed=False
[MULTISELECT] ctx=SKILL_ORDER min=3 max=3 generated_lens=[3] shorter_legal_exists=False shorter_missed=False
[MULTISELECT] ctx=SKILL_ORDER min=3 max=3 generated_lens=[3] shorter_legal_exists=False shorter_missed=False
[MULTISELECT] ctx=SKILL_ORDER min=3 max=3 generated_lens=[3] shorter_legal_exists=False shorter_missed=False
[MULTISELECT] ctx=SKILL_ORDER min=3 max=3 generated_lens=[3] shorter_legal_exists=False shorter_missed=False
[MULTISELECT] ctx=SKILL_ORDER min=3 max=3 generated_lens=[3] shorter_legal_exists=False shorter_missed=False
[MULTISELECT] ctx=SKILL_ORDER min=3 max=3 generated_lens=[3] shorter_legal_exists=False shorter_missed=False
[MULTISELECT] ctx=SKILL_ORDER min=3 max=3 generated_lens=[3] shorter_legal_exists=False shorter_missed=False
[MULTISELECT] ctx=SKILL_ORDER min=3 max=3 generated_lens=[3] shorter_legal_exists=False shorter_missed=False
[MULTISELECT] ctx=SKILL_ORDER min=3 max=3 generated_lens=[3] shorter_legal_exists=False shorter_missed=False
[MULTISELECT] ctx=SKILL_ORDER min=3 max=3 generated_lens=[3] shorter_legal_exists=False shorter_missed=False
[MULTISELECT] ctx=SKILL_ORDER min=3 max=3 generated_lens=[3] shorter_legal_exists=False shorter_missed=False
[MULTISELECT] ctx=SKILL_ORDER min=3 max=3 generated_lens=[3] shorter_legal_exists=False shorter_missed=False
[MULTISELECT] ctx=SKILL_ORDER min=3 max=3 generated_lens=[3] shorter_legal_exists=False shorter_missed=False
[MULTISELECT] ctx=SKILL_ORDER min=3 max=3 generated_lens=[3] shorter_legal_exists=False shorter_missed=False
[MULTISELECT] ctx=SKILL_ORDER min=3 max=3 generated_lens=[3] shorter_legal_exists=False shorter_missed=False
[MULTISELECT] ctx=SKILL_ORDER min=3 max=3 generated_lens=[3] shorter_legal_exists=False shorter_missed=False
[MULTISELECT] ctx=SKILL_ORDER min=3 max=3 generated_lens=[3] shorter_legal_exists=False shorter_missed=False
[MULTISELECT] ctx=SKILL_ORDER min=3 max=3 generated_lens=[3] shorter_legal_exists=False shorter_missed=False
[MULTISELECT] ctx=SKILL_ORDER min=3 max=3 generated_lens=[3] shorter_legal_exists=False shorter_missed=False
[MULTISELECT] ctx=TO_HAND min=2 max=2 generated_lens=[2] shorter_legal_exists=False shorter_missed=False
[MULTISELECT] ctx=SKILL_ORDER min=3 max=3 generated_lens=[3] shorter_legal_exists=False shorter_missed=False
[MULTISELECT] ctx=TO_HAND min=2 max=2 generated_lens=[2] shorter_legal_exists=False shorter_missed=False
[MULTISELECT] ctx=TO_HAND min=2 max=2 generated_lens=[2] shorter_legal_exists=False shorter_missed=False
[MULTISELECT] ctx=SKILL_ORDER min=3 max=3 generated_lens=[3] shorter_legal_exists=False shorter_missed=False
[MULTISELECT] ctx=TO_HAND min=2 max=2 generated_lens=[2] shorter_legal_exists=False shorter_missed=False
[MULTISELECT] ctx=TO_HAND min=2 max=2 generated_lens=[2] shorter_legal_exists=False shorter_missed=False
[MULTISELECT] ctx=TO_HAND min=2 max=2 generated_lens=[2] shorter_legal_exists=False shorter_missed=False
[MULTISELECT] ctx=TO_HAND min=2 max=2 generated_lens=[2] shorter_legal_exists=False shorter_missed=False
[MULTISELECT] ctx=TO_HAND min=2 max=2 generated_lens=[2] shorter_legal_exists=False shorter_missed=False
[MULTISELECT] ctx=TO_HAND min=2 max=2 generated_lens=[2] shorter_legal_exists=False shorter_missed=False
[MULTISELECT] ctx=TO_HAND min=2 max=2 generated_lens=[2] shorter_legal_exists=False shorter_missed=False
[MULTISELECT] ctx=TO_HAND min=2 max=2 generated_lens=[2] shorter_legal_exists=False shorter_missed=False
[MULTISELECT] ctx=TO_HAND min=2 max=2 generated_lens=[2] shorter_legal_exists=False shorter_missed=False
[MULTISELECT] ctx=SKILL_ORDER min=3 max=3 generated_lens=[3] shorter_legal_exists=False shorter_missed=False
[MULTISELECT] ctx=SKILL_ORDER min=3 max=3 generated_lens=[3] shorter_legal_exists=False shorter_missed=False
[MULTISELECT] ctx=SKILL_ORDER min=3 max=3 generated_lens=[3] shorter_legal_exists=False shorter_missed=False
[MULTISELECT] ctx=SKILL_ORDER min=3 max=3 generated_lens=[3] shorter_legal_exists=False shorter_missed=False
[TRUNC] turn=67 ctx=MAIN opts=70 kept=64 dropped_types={ABILITY:1,ATTACH:4,RETREAT:1}
[MULTISELECT] ctx=SKILL_ORDER min=3 max=3 generated_lens=[3] shorter_legal_exists=False shorter_missed=False
[MULTISELECT] ctx=SKILL_ORDER min=3 max=3 generated_lens=[3] shorter_legal_exists=False shorter_missed=False
[TRUNC] turn=67 ctx=MAIN opts=70 kept=64 dropped_types={ABILITY:1,ATTACH:4,RETREAT:1}
[MULTISELECT] ctx=SKILL_ORDER min=3 max=3 generated_lens=[3] shorter_legal_exists=False shorter_missed=False
[MULTISELECT] ctx=SKILL_ORDER min=3 max=3 generated_lens=[3] shorter_legal_exists=False shorter_missed=False
[MULTISELECT] ctx=SKILL_ORDER min=3 max=3 generated_lens=[3] shorter_legal_exists=False shorter_missed=False
[MULTISELECT] ctx=SKILL_ORDER min=3 max=3 generated_lens=[3] shorter_legal_exists=False shorter_missed=False
[MULTISELECT] ctx=SKILL_ORDER min=3 max=3 generated_lens=[3] shorter_legal_exists=False shorter_missed=False
[MULTISELECT] ctx=SKILL_ORDER min=3 max=3 generated_lens=[3] shorter_legal_exists=False shorter_missed=False
[MULTISELECT] ctx=SKILL_ORDER min=3 max=3 generated_lens=[3] shorter_legal_exists=False shorter_missed=False
[MULTISELECT] ctx=SKILL_ORDER min=3 max=3 generated_lens=[3] shorter_legal_exists=False shorter_missed=False
[TRUNC] turn=69 ctx=MAIN opts=76 kept=64 dropped_types={ABILITY:1,ATTACH:10,RETREAT:1}
[MULTISELECT] ctx=SKILL_ORDER min=3 max=3 generated_lens=[3] shorter_legal_exists=False shorter_missed=False
[MULTISELECT] ctx=SKILL_ORDER min=3 max=3 generated_lens=[3] shorter_legal_exists=False shorter_missed=False
[TRUNC] turn=69 ctx=MAIN opts=76 kept=64 dropped_types={ABILITY:1,ATTACH:10,RETREAT:1}
[MULTISELECT] ctx=SKILL_ORDER min=3 max=3 generated_lens=[3] shorter_legal_exists=False shorter_missed=False
[MULTISELECT] ctx=SKILL_ORDER min=3 max=3 generated_lens=[3] shorter_legal_exists=False shorter_missed=False
[MULTISELECT] ctx=SKILL_ORDER min=3 max=3 generated_lens=[3] shorter_legal_exists=False shorter_missed=False
[MULTISELECT] ctx=SKILL_ORDER min=3 max=3 generated_lens=[3] shorter_legal_exists=False shorter_missed=False
[MULTISELECT] ctx=SKILL_ORDER min=3 max=3 generated_lens=[3] shorter_legal_exists=False shorter_missed=False
[MULTISELECT] ctx=SKILL_ORDER min=3 max=3 generated_lens=[3] shorter_legal_exists=False shorter_missed=False
[MULTISELECT] ctx=SKILL_ORDER min=3 max=3 generated_lens=[3] shorter_legal_exists=False shorter_missed=False
[MULTISELECT] ctx=SKILL_ORDER min=3 max=3 generated_lens=[3] shorter_legal_exists=False shorter_missed=False
[TRUNC] turn=71 ctx=MAIN opts=82 kept=64 dropped_types={ABILITY:1,ATTACH:16,RETREAT:1}
[MULTISELECT] ctx=SKILL_ORDER min=3 max=3 generated_lens=[3] shorter_legal_exists=False shorter_missed=False
[MULTISELECT] ctx=SKILL_ORDER min=3 max=3 generated_lens=[3] shorter_legal_exists=False shorter_missed=False
[TRUNC] turn=71 ctx=MAIN opts=82 kept=64 dropped_types={ABILITY:1,ATTACH:16,RETREAT:1}
[MULTISELECT] ctx=SKILL_ORDER min=3 max=3 generated_lens=[3] shorter_legal_exists=False shorter_missed=False
[MULTISELECT] ctx=SKILL_ORDER min=3 max=3 generated_lens=[3] shorter_legal_exists=False shorter_missed=False
[MULTISELECT] ctx=SKILL_ORDER min=3 max=3 generated_lens=[3] shorter_legal_exists=False shorter_missed=False
[MULTISELECT] ctx=SKILL_ORDER min=3 max=3 generated_lens=[3] shorter_legal_exists=False shorter_missed=False
[MULTISELECT] ctx=SKILL_ORDER min=3 max=3 generated_lens=[3] shorter_legal_exists=False shorter_missed=False
[MULTISELECT] ctx=SKILL_ORDER min=3 max=3 generated_lens=[3] shorter_legal_exists=False shorter_missed=False
[MULTISELECT] ctx=SKILL_ORDER min=3 max=3 generated_lens=[3] shorter_legal_exists=False shorter_missed=False
[MULTISELECT] ctx=SKILL_ORDER min=3 max=3 generated_lens=[3] shorter_legal_exists=False shorter_missed=False
[TRUNC] turn=73 ctx=MAIN opts=88 kept=64 dropped_types={ABILITY:1,ATTACH:22,RETREAT:1}
[MULTISELECT] ctx=SKILL_ORDER min=3 max=3 generated_lens=[3] shorter_legal_exists=False shorter_missed=False
[MULTISELECT] ctx=SKILL_ORDER min=3 max=3 generated_lens=[3] shorter_legal_exists=False shorter_missed=False
[TRUNC] turn=73 ctx=MAIN opts=88 kept=64 dropped_types={ABILITY:1,ATTACH:22,RETREAT:1}
[MULTISELECT] ctx=SKILL_ORDER min=3 max=3 generated_lens=[3] shorter_legal_exists=False shorter_missed=False
[MULTISELECT] ctx=SKILL_ORDER min=3 max=3 generated_lens=[3] shorter_legal_exists=False shorter_missed=False
[MULTISELECT] ctx=SKILL_ORDER min=3 max=3 generated_lens=[3] shorter_legal_exists=False shorter_missed=False
[MULTISELECT] ctx=SKILL_ORDER min=3 max=3 generated_lens=[3] shorter_legal_exists=False shorter_missed=False
[MULTISELECT] ctx=SKILL_ORDER min=3 max=3 generated_lens=[3] shorter_legal_exists=False shorter_missed=False
[MULTISELECT] ctx=SKILL_ORDER min=3 max=3 generated_lens=[3] shorter_legal_exists=False shorter_missed=False
[MULTISELECT] ctx=SKILL_ORDER min=3 max=3 generated_lens=[3] shorter_legal_exists=False shorter_missed=False
[TRUNC] turn=75 ctx=MAIN opts=94 kept=64 dropped_types={ABILITY:1,ATTACH:28,RETREAT:1}
[MULTISELECT] ctx=SKILL_ORDER min=3 max=3 generated_lens=[3] shorter_legal_exists=False shorter_missed=False
[MULTISELECT] ctx=SKILL_ORDER min=3 max=3 generated_lens=[3] shorter_legal_exists=False shorter_missed=False
[TRUNC] turn=75 ctx=MAIN opts=94 kept=64 dropped_types={ABILITY:1,ATTACH:28,RETREAT:1}
[MULTISELECT] ctx=SKILL_ORDER min=3 max=3 generated_lens=[3] shorter_legal_exists=False shorter_missed=False
[MULTISELECT] ctx=SKILL_ORDER min=3 max=3 generated_lens=[3] shorter_legal_exists=False shorter_missed=False
[MULTISELECT] ctx=SKILL_ORDER min=3 max=3 generated_lens=[3] shorter_legal_exists=False shorter_missed=False
[MULTISELECT] ctx=SKILL_ORDER min=3 max=3 generated_lens=[3] shorter_legal_exists=False shorter_missed=False
[MULTISELECT] ctx=SKILL_ORDER min=3 max=3 generated_lens=[3] shorter_legal_exists=False shorter_missed=False
[MULTISELECT] ctx=SKILL_ORDER min=3 max=3 generated_lens=[3] shorter_legal_exists=False shorter_missed=False
[MULTISELECT] ctx=SKILL_ORDER min=3 max=3 generated_lens=[3] shorter_legal_exists=False shorter_missed=False
[TRUNC] turn=77 ctx=MAIN opts=100 kept=64 dropped_types={ABILITY:1,ATTACH:34,RETREAT:1}
[MULTISELECT] ctx=SKILL_ORDER min=3 max=3 generated_lens=[3] shorter_legal_exists=False shorter_missed=False
[MULTISELECT] ctx=SKILL_ORDER min=3 max=3 generated_lens=[3] shorter_legal_exists=False shorter_missed=False
[TRUNC] turn=77 ctx=MAIN opts=100 kept=64 dropped_types={ABILITY:1,ATTACH:34,RETREAT:1}
[MULTISELECT] ctx=SKILL_ORDER min=3 max=3 generated_lens=[3] shorter_legal_exists=False shorter_missed=False
[MULTISELECT] ctx=SKILL_ORDER min=3 max=3 generated_lens=[3] shorter_legal_exists=False shorter_missed=False
[MULTISELECT] ctx=SKILL_ORDER min=3 max=3 generated_lens=[3] shorter_legal_exists=False shorter_missed=False
[MULTISELECT] ctx=SKILL_ORDER min=3 max=3 generated_lens=[3] shorter_legal_exists=False shorter_missed=False
[MULTISELECT] ctx=SKILL_ORDER min=3 max=3 generated_lens=[3] shorter_legal_exists=False shorter_missed=False
[MULTISELECT] ctx=SKILL_ORDER min=3 max=3 generated_lens=[3] shorter_legal_exists=False shorter_missed=False
[MULTISELECT] ctx=SKILL_ORDER min=3 max=3 generated_lens=[3] shorter_legal_exists=False shorter_missed=False
[TRUNC] turn=79 ctx=MAIN opts=106 kept=64 dropped_types={ABILITY:1,ATTACH:40,RETREAT:1}
[MULTISELECT] ctx=SKILL_ORDER min=3 max=3 generated_lens=[3] shorter_legal_exists=False shorter_missed=False
[TRUNC] turn=79 ctx=MAIN opts=106 kept=64 dropped_types={ABILITY:1,ATTACH:40,RETREAT:1}
[MULTISELECT] ctx=SKILL_ORDER min=3 max=3 generated_lens=[3] shorter_legal_exists=False shorter_missed=False
[MULTISELECT] ctx=SKILL_ORDER min=3 max=3 generated_lens=[3] shorter_legal_exists=False shorter_missed=False
[MULTISELECT] ctx=SKILL_ORDER min=3 max=3 generated_lens=[3] shorter_legal_exists=False shorter_missed=False
[MULTISELECT] ctx=SKILL_ORDER min=3 max=3 generated_lens=[3] shorter_legal_exists=False shorter_missed=False
[MULTISELECT] ctx=SKILL_ORDER min=3 max=3 generated_lens=[3] shorter_legal_exists=False shorter_missed=False
[MULTISELECT] ctx=SKILL_ORDER min=3 max=3 generated_lens=[3] shorter_legal_exists=False shorter_missed=False
[MULTISELECT] ctx=SKILL_ORDER min=3 max=3 generated_lens=[3] shorter_legal_exists=False shorter_missed=False
[TRUNC] turn=81 ctx=MAIN opts=112 kept=64 dropped_types={ABILITY:1,ATTACH:46,RETREAT:1}
[MULTISELECT] ctx=SKILL_ORDER min=3 max=3 generated_lens=[3] shorter_legal_exists=False shorter_missed=False
[MULTISELECT] ctx=SKILL_ORDER min=3 max=3 generated_lens=[3] shorter_legal_exists=False shorter_missed=False
[TRUNC] turn=81 ctx=MAIN opts=112 kept=64 dropped_types={ABILITY:1,ATTACH:46,RETREAT:1}
[MULTISELECT] ctx=SKILL_ORDER min=3 max=3 generated_lens=[3] shorter_legal_exists=False shorter_missed=False
[MULTISELECT] ctx=SKILL_ORDER min=3 max=3 generated_lens=[3] shorter_legal_exists=False shorter_missed=False
[MULTISELECT] ctx=SKILL_ORDER min=3 max=3 generated_lens=[3] shorter_legal_exists=False shorter_missed=False
[MULTISELECT] ctx=SKILL_ORDER min=3 max=3 generated_lens=[3] shorter_legal_exists=False shorter_missed=False
[MULTISELECT] ctx=SKILL_ORDER min=3 max=3 generated_lens=[3] shorter_legal_exists=False shorter_missed=False
=== DIAG_DUMP_BEGIN ===
DIAG_GAMES=1
TRUNC_TOTAL_NODES=1532
TRUNC_FIRED=51
TRUNC_FIRE_RATE=3.33%
TRUNC_OPTCOUNT_HIST=1-8:991|9-16:206|17-32:211|33-64:73|65-128:51|129-256:0|257+:0
TRUNC_FIRE_RATE_BY_TURN=1-2:0.00%(0/49)|3-5:0.00%(0/122)|6+:3.75%(51/1361)
TRUNC_DROPPED_BY_TYPE=ABILITY:47,ATTACH:1384,PLAY:26,RETREAT:29
TRUNC_DROPPED_CRITICAL=0
TRUNC_DROPPED_CRITICAL_STATUS=PASS
MULTISELECT_FIXED_LEN=min=0,max=2:nodes=9,shorter_legal=9,shorter_generated=0,shorter_missed=9|min=0,max=5:nodes=1,shorter_legal=1,shorter_generated=0,shorter_missed=1|min=2,max=2:nodes=129,shorter_legal=0,shorter_generated=0,shorter_missed=0|min=3,max=3:nodes=151,shorter_legal=0,shorter_generated=0,shorter_missed=0
MULTISELECT_SHORTER_MISSED=10
MULTISELECT_CTX_HIST=ATTACH_TO:1,DISCARD:10,SKILL_ORDER:258,TO_BENCH:9,TO_HAND:12
GAME_LENGTH_HIST=1-15:0|16-25:0|26-40:0|41-60:0|61+:1
WIN_BY_CAUSE=DECK_OUT:W=1,L=1,D=0
TURN_NODE_DIST=1-2:3.20%(49/1532)|3-5:7.96%(122/1532)|6+:88.84%(1361/1532)
SEARCH_MAX_DEPTH=5
SEARCH_MEAN_DEPTH=1.8498
PRIZE_REWARD_REACHED=1.56%(4/257)
STALL_DRAW_PASS_TURNS=107
STALL_SHUFFLE_WITH_RESOURCES=7
MISSED_ATTACH=52
SHAPING_BREAKDOWN=BOARD_DECK_DIFF:0.017311|DAMAGE_PRESSURE:0.002043|DISRUPTION:0.000098|ENERGY_DENIAL:0.000196|ITEM_LOCK_PENALTY:-0.014112|KO_BONUS:0.003264|PARALYSIS:0.000000|PRIZE_DIFF:-0.001159|SLEEP:0.000000
=== DIAG_DUMP_END ===
[MULTISELECT] ctx=SETUP_BENCH_POKEMON min=0 max=2 generated_lens=[2] shorter_legal_exists=True shorter_missed=True
[MULTISELECT] ctx=SETUP_BENCH_POKEMON min=0 max=2 generated_lens=[2] shorter_legal_exists=True shorter_missed=True
[MULTISELECT] ctx=SETUP_BENCH_POKEMON min=0 max=2 generated_lens=[2] shorter_legal_exists=True shorter_missed=True
[TRUNC] turn=95 ctx=MAIN opts=65 kept=64 dropped_types={PLAY:1}
[TRUNC] turn=95 ctx=MAIN opts=65 kept=64 dropped_types={PLAY:1}
[TRUNC] turn=95 ctx=MAIN opts=65 kept=64 dropped_types={PLAY:1}
[TRUNC] turn=95 ctx=MAIN opts=65 kept=64 dropped_types={PLAY:1}
[TRUNC] turn=95 ctx=MAIN opts=65 kept=64 dropped_types={PLAY:1}
[TRUNC] turn=97 ctx=MAIN opts=66 kept=64 dropped_types={PLAY:2}
[TRUNC] turn=99 ctx=MAIN opts=67 kept=64 dropped_types={PLAY:3}
[TRUNC] turn=97 ctx=MAIN opts=68 kept=64 dropped_types={ATTACH:3,PLAY:1}
[TRUNC] turn=99 ctx=MAIN opts=69 kept=64 dropped_types={ATTACH:3,PLAY:2}
[TRUNC] turn=99 ctx=MAIN opts=71 kept=64 dropped_types={ATTACH:6,PLAY:1}
[TRUNC] turn=101 ctx=MAIN opts=72 kept=64 dropped_types={ATTACH:6,PLAY:2}
[TRUNC] turn=103 ctx=MAIN opts=73 kept=64 dropped_types={ATTACH:6,PLAY:3}
[TRUNC] turn=101 ctx=MAIN opts=74 kept=64 dropped_types={ATTACH:9,PLAY:1}
[TRUNC] turn=103 ctx=MAIN opts=75 kept=64 dropped_types={ATTACH:9,PLAY:2}
[TRUNC] turn=105 ctx=MAIN opts=76 kept=64 dropped_types={ATTACH:9,PLAY:3}
[TRUNC] turn=103 ctx=MAIN opts=98 kept=64 dropped_types={ATTACH:33,PLAY:1}
[TRUNC] turn=103 ctx=MAIN opts=98 kept=64 dropped_types={ATTACH:33,PLAY:1}
[TRUNC] turn=103 ctx=MAIN opts=98 kept=64 dropped_types={ATTACH:33,PLAY:1}
[MULTISELECT] ctx=DISCARD min=2 max=2 generated_lens=[2] shorter_legal_exists=False shorter_missed=False
[TRUNC] turn=103 ctx=MAIN opts=98 kept=64 dropped_types={ATTACH:33,PLAY:1}
[MULTISELECT] ctx=DISCARD min=2 max=2 generated_lens=[2] shorter_legal_exists=False shorter_missed=False
[MULTISELECT] ctx=DISCARD min=2 max=2 generated_lens=[2] shorter_legal_exists=False shorter_missed=False
[MULTISELECT] ctx=DISCARD min=2 max=2 generated_lens=[2] shorter_legal_exists=False shorter_missed=False
[TRUNC] turn=103 ctx=MAIN opts=98 kept=64 dropped_types={ATTACH:33,PLAY:1}
[MULTISELECT] ctx=DISCARD min=2 max=2 generated_lens=[2] shorter_legal_exists=False shorter_missed=False
[TRUNC] turn=105 ctx=MAIN opts=102 kept=64 dropped_types={ATTACH:37,PLAY:1}
[MULTISELECT] ctx=DISCARD min=2 max=2 generated_lens=[2] shorter_legal_exists=False shorter_missed=False
[TRUNC] turn=105 ctx=MAIN opts=102 kept=64 dropped_types={ATTACH:37,PLAY:1}
[MULTISELECT] ctx=DISCARD min=2 max=2 generated_lens=[2] shorter_legal_exists=False shorter_missed=False
[MULTISELECT] ctx=DISCARD min=2 max=2 generated_lens=[2] shorter_legal_exists=False shorter_missed=False
[TRUNC] turn=105 ctx=MAIN opts=102 kept=64 dropped_types={ATTACH:37,PLAY:1}
[TRUNC] turn=107 ctx=MAIN opts=103 kept=64 dropped_types={ATTACH:37,PLAY:2}
[TRUNC] turn=107 ctx=MAIN opts=106 kept=64 dropped_types={ATTACH:41,PLAY:1}
[TRUNC] turn=109 ctx=MAIN opts=110 kept=64 dropped_types={ATTACH:45,PLAY:1}
[TRUNC] turn=109 ctx=MAIN opts=110 kept=64 dropped_types={ATTACH:45,PLAY:1}
[TRUNC] turn=111 ctx=MAIN opts=114 kept=64 dropped_types={ATTACH:49,PLAY:1}
[TRUNC] turn=113 ctx=MAIN opts=118 kept=64 dropped_types={ATTACH:53,PLAY:1}
[MULTISELECT] ctx=DISCARD min=2 max=2 generated_lens=[2] shorter_legal_exists=False shorter_missed=False
[MULTISELECT] ctx=DISCARD min=2 max=2 generated_lens=[2] shorter_legal_exists=False shorter_missed=False
[MULTISELECT] ctx=DISCARD min=2 max=2 generated_lens=[2] shorter_legal_exists=False shorter_missed=False
[MULTISELECT] ctx=DISCARD min=2 max=2 generated_lens=[2] shorter_legal_exists=False shorter_missed=False
[MULTISELECT] ctx=DISCARD min=2 max=2 generated_lens=[2] shorter_legal_exists=False shorter_missed=False
[MULTISELECT] ctx=DISCARD min=2 max=2 generated_lens=[2] shorter_legal_exists=False shorter_missed=False
[MULTISELECT] ctx=DISCARD min=2 max=2 generated_lens=[2] shorter_legal_exists=False shorter_missed=False
[MULTISELECT] ctx=DISCARD min=2 max=2 generated_lens=[2] shorter_legal_exists=False shorter_missed=False
[TRUNC] turn=139 ctx=MAIN opts=66 kept=64 dropped_types={ATTACH:1,PLAY:1}
[TRUNC] turn=141 ctx=MAIN opts=70 kept=64 dropped_types={ATTACH:5,PLAY:1}
[TRUNC] turn=143 ctx=MAIN opts=74 kept=64 dropped_types={ATTACH:9,PLAY:1}
[TRUNC] turn=145 ctx=MAIN opts=78 kept=64 dropped_types={ATTACH:13,PLAY:1}
[TRUNC] turn=147 ctx=MAIN opts=82 kept=64 dropped_types={ATTACH:17,PLAY:1}
[TRUNC] turn=147 ctx=MAIN opts=82 kept=64 dropped_types={ATTACH:17,PLAY:1}
[MULTISELECT] ctx=DISCARD min=2 max=2 generated_lens=[2] shorter_legal_exists=False shorter_missed=False
[TRUNC] turn=149 ctx=MAIN opts=82 kept=64 dropped_types={ATTACH:17,PLAY:1}
[MULTISELECT] ctx=DISCARD min=2 max=2 generated_lens=[2] shorter_legal_exists=False shorter_missed=False
[TRUNC] turn=149 ctx=MAIN opts=82 kept=64 dropped_types={ATTACH:17,PLAY:1}
[MULTISELECT] ctx=DISCARD min=2 max=2 generated_lens=[2] shorter_legal_exists=False shorter_missed=False
[TRUNC] turn=149 ctx=MAIN opts=82 kept=64 dropped_types={ATTACH:17,PLAY:1}
[MULTISELECT] ctx=DISCARD min=2 max=2 generated_lens=[2] shorter_legal_exists=False shorter_missed=False
[MULTISELECT] ctx=DISCARD min=2 max=2 generated_lens=[2] shorter_legal_exists=False shorter_missed=False
[TRUNC] turn=149 ctx=MAIN opts=82 kept=64 dropped_types={ATTACH:17,PLAY:1}
[TRUNC] turn=149 ctx=MAIN opts=82 kept=64 dropped_types={ATTACH:17,PLAY:1}
[TRUNC] turn=149 ctx=MAIN opts=82 kept=64 dropped_types={ATTACH:17,PLAY:1}
[TRUNC] turn=149 ctx=MAIN opts=82 kept=64 dropped_types={ATTACH:17,PLAY:1}
[TRUNC] turn=149 ctx=MAIN opts=82 kept=64 dropped_types={ATTACH:17,PLAY:1}
[TRUNC] turn=151 ctx=MAIN opts=86 kept=64 dropped_types={ATTACH:21,PLAY:1}
[TRUNC] turn=151 ctx=MAIN opts=86 kept=64 dropped_types={ATTACH:21,PLAY:1}
[TRUNC] turn=151 ctx=MAIN opts=86 kept=64 dropped_types={ATTACH:21,PLAY:1}
[TRUNC] turn=151 ctx=MAIN opts=86 kept=64 dropped_types={ATTACH:21,PLAY:1}
[TRUNC] turn=151 ctx=MAIN opts=86 kept=64 dropped_types={ATTACH:21,PLAY:1}
[TRUNC] turn=151 ctx=MAIN opts=86 kept=64 dropped_types={ATTACH:21,PLAY:1}
[TRUNC] turn=153 ctx=MAIN opts=87 kept=64 dropped_types={ATTACH:21,PLAY:2}
[TRUNC] turn=155 ctx=MAIN opts=88 kept=64 dropped_types={ATTACH:21,PLAY:3}
[TRUNC] turn=153 ctx=MAIN opts=90 kept=64 dropped_types={ATTACH:25,PLAY:1}
[TRUNC] turn=153 ctx=MAIN opts=90 kept=64 dropped_types={ATTACH:25,PLAY:1}
[TRUNC] turn=155 ctx=MAIN opts=91 kept=64 dropped_types={ATTACH:25,PLAY:2}
[TRUNC] turn=155 ctx=MAIN opts=94 kept=64 dropped_types={ATTACH:29,PLAY:1}
[TRUNC] turn=155 ctx=MAIN opts=94 kept=64 dropped_types={ATTACH:29,PLAY:1}
[TRUNC] turn=155 ctx=MAIN opts=94 kept=64 dropped_types={ATTACH:29,PLAY:1}
[TRUNC] turn=157 ctx=MAIN opts=95 kept=64 dropped_types={ATTACH:29,PLAY:2}
[TRUNC] turn=157 ctx=MAIN opts=98 kept=64 dropped_types={ATTACH:33,PLAY:1}
[MULTISELECT] ctx=DISCARD min=2 max=2 generated_lens=[2] shorter_legal_exists=False shorter_missed=False
[TRUNC] turn=159 ctx=MAIN opts=99 kept=64 dropped_types={ATTACH:33,PLAY:2}
[TRUNC] turn=159 ctx=MAIN opts=102 kept=64 dropped_types={ATTACH:37,PLAY:1}
[MULTISELECT] ctx=DISCARD min=2 max=2 generated_lens=[2] shorter_legal_exists=False shorter_missed=False
[TRUNC] turn=159 ctx=MAIN opts=102 kept=64 dropped_types={ATTACH:37,PLAY:1}
[TRUNC] turn=159 ctx=MAIN opts=102 kept=64 dropped_types={ATTACH:37,PLAY:1}
[MULTISELECT] ctx=DISCARD min=2 max=2 generated_lens=[2] shorter_legal_exists=False shorter_missed=False
[MULTISELECT] ctx=DISCARD min=2 max=2 generated_lens=[2] shorter_legal_exists=False shorter_missed=False
[TRUNC] turn=159 ctx=MAIN opts=102 kept=64 dropped_types={ATTACH:37,PLAY:1}
[TRUNC] turn=159 ctx=MAIN opts=102 kept=64 dropped_types={ATTACH:37,PLAY:1}
[TRUNC] turn=161 ctx=MAIN opts=103 kept=64 dropped_types={ATTACH:37,PLAY:2}
[TRUNC] turn=161 ctx=MAIN opts=106 kept=64 dropped_types={ATTACH:41,PLAY:1}
[TRUNC] turn=161 ctx=MAIN opts=106 kept=64 dropped_types={ATTACH:41,PLAY:1}
[TRUNC] turn=161 ctx=MAIN opts=106 kept=64 dropped_types={ATTACH:41,PLAY:1}
[TRUNC] turn=163 ctx=MAIN opts=107 kept=64 dropped_types={ATTACH:41,PLAY:2}
[TRUNC] turn=163 ctx=MAIN opts=110 kept=64 dropped_types={ATTACH:45,PLAY:1}
[TRUNC] turn=163 ctx=MAIN opts=110 kept=64 dropped_types={ATTACH:45,PLAY:1}
[TRUNC] turn=165 ctx=MAIN opts=110 kept=64 dropped_types={ATTACH:45,PLAY:1}
[TRUNC] turn=165 ctx=MAIN opts=110 kept=64 dropped_types={ATTACH:45,PLAY:1}
[TRUNC] turn=165 ctx=MAIN opts=110 kept=64 dropped_types={ATTACH:45,PLAY:1}
[TRUNC] turn=167 ctx=MAIN opts=111 kept=64 dropped_types={ATTACH:45,PLAY:2}
[TRUNC] turn=167 ctx=MAIN opts=114 kept=64 dropped_types={ATTACH:49,PLAY:1}
[TRUNC] turn=167 ctx=MAIN opts=114 kept=64 dropped_types={ATTACH:49,PLAY:1}
[TRUNC] turn=169 ctx=MAIN opts=115 kept=64 dropped_types={ATTACH:49,PLAY:2}
[TRUNC] turn=169 ctx=MAIN opts=118 kept=64 dropped_types={ATTACH:53,PLAY:1}
[TRUNC] turn=171 ctx=MAIN opts=119 kept=64 dropped_types={ATTACH:53,PLAY:2}
[TRUNC] turn=171 ctx=MAIN opts=122 kept=64 dropped_types={ATTACH:57,PLAY:1}
[TRUNC] turn=173 ctx=MAIN opts=123 kept=64 dropped_types={ATTACH:57,PLAY:2}
[TRUNC] turn=173 ctx=MAIN opts=126 kept=64 dropped_types={ATTACH:61,PLAY:1}
[TRUNC] turn=175 ctx=MAIN opts=127 kept=64 dropped_types={ATTACH:61,PLAY:2}
[MULTISELECT] ctx=TO_HAND min=2 max=2 generated_lens=[2] shorter_legal_exists=False shorter_missed=False
[MULTISELECT] ctx=TO_HAND min=2 max=2 generated_lens=[2] shorter_legal_exists=False shorter_missed=False
=== DIAG_DUMP_BEGIN ===
DIAG_GAMES=1
TRUNC_TOTAL_NODES=1645
TRUNC_FIRED=85
TRUNC_FIRE_RATE=5.17%
TRUNC_OPTCOUNT_HIST=1-8:691|9-16:353|17-32:366|33-64:150|65-128:85|129-256:0|257+:0
TRUNC_FIRE_RATE_BY_TURN=1-2:0.00%(0/25)|3-5:0.00%(0/24)|6+:5.33%(85/1596)
TRUNC_DROPPED_BY_TYPE=ATTACH:2365,PLAY:109
TRUNC_DROPPED_CRITICAL=0
TRUNC_DROPPED_CRITICAL_STATUS=PASS
MULTISELECT_FIXED_LEN=min=0,max=2:nodes=3,shorter_legal=3,shorter_generated=0,shorter_missed=3|min=2,max=2:nodes=27,shorter_legal=0,shorter_generated=0,shorter_missed=0
MULTISELECT_SHORTER_MISSED=3
MULTISELECT_CTX_HIST=DISCARD:25,SETUP_BENCH_POKEMON:3,TO_HAND:2
GAME_LENGTH_HIST=1-15:0|16-25:0|26-40:0|41-60:0|61+:1
WIN_BY_CAUSE=DECK_OUT:W=1,L=1,D=0
TURN_NODE_DIST=1-2:1.52%(25/1645)|3-5:1.46%(24/1645)|6+:97.02%(1596/1645)
SEARCH_MAX_DEPTH=5
SEARCH_MEAN_DEPTH=1.7935
PRIZE_REWARD_REACHED=0.72%(2/276)
STALL_DRAW_PASS_TURNS=172
STALL_SHUFFLE_WITH_RESOURCES=8
MISSED_ATTACH=166
SHAPING_BREAKDOWN=BOARD_DECK_DIFF:0.015915|DAMAGE_PRESSURE:0.002426|DISRUPTION:0.000164|ENERGY_DENIAL:0.000517|ITEM_LOCK_PENALTY:0.000000|KO_BONUS:0.000243|PARALYSIS:0.000000|PRIZE_DIFF:0.001125|SLEEP:0.000000
=== DIAG_DUMP_END ===
[MULTISELECT] ctx=SETUP_BENCH_POKEMON min=0 max=5 generated_lens=[5] shorter_legal_exists=True shorter_missed=True
[MULTISELECT] ctx=SETUP_BENCH_POKEMON min=0 max=5 generated_lens=[5] shorter_legal_exists=True shorter_missed=True
[MULTISELECT] ctx=DISCARD min=2 max=2 generated_lens=[2] shorter_legal_exists=False shorter_missed=False
[MULTISELECT] ctx=DISCARD min=2 max=2 generated_lens=[2] shorter_legal_exists=False shorter_missed=False
[MULTISELECT] ctx=DISCARD min=2 max=2 generated_lens=[2] shorter_legal_exists=False shorter_missed=False
[MULTISELECT] ctx=DISCARD min=2 max=2 generated_lens=[2] shorter_legal_exists=False shorter_missed=False
[MULTISELECT] ctx=DISCARD min=2 max=2 generated_lens=[2] shorter_legal_exists=False shorter_missed=False
[MULTISELECT] ctx=DISCARD min=2 max=2 generated_lens=[2] shorter_legal_exists=False shorter_missed=False
[MULTISELECT] ctx=DISCARD min=2 max=2 generated_lens=[2] shorter_legal_exists=False shorter_missed=False
[MULTISELECT] ctx=DISCARD min=2 max=2 generated_lens=[2] shorter_legal_exists=False shorter_missed=False
[MULTISELECT] ctx=DISCARD min=2 max=2 generated_lens=[2] shorter_legal_exists=False shorter_missed=False
[TRUNC] turn=74 ctx=MAIN opts=66 kept=64 dropped_types={PLAY:1,RETREAT:1}
[TRUNC] turn=74 ctx=MAIN opts=66 kept=64 dropped_types={PLAY:1,RETREAT:1}
[TRUNC] turn=74 ctx=MAIN opts=66 kept=64 dropped_types={PLAY:1,RETREAT:1}
[TRUNC] turn=74 ctx=MAIN opts=66 kept=64 dropped_types={PLAY:1,RETREAT:1}
[TRUNC] turn=74 ctx=MAIN opts=66 kept=64 dropped_types={PLAY:1,RETREAT:1}
[TRUNC] turn=74 ctx=MAIN opts=66 kept=64 dropped_types={PLAY:1,RETREAT:1}
[TRUNC] turn=76 ctx=MAIN opts=69 kept=64 dropped_types={ATTACH:3,PLAY:1,RETREAT:1}
[TRUNC] turn=76 ctx=MAIN opts=69 kept=64 dropped_types={ATTACH:3,PLAY:1,RETREAT:1}
[TRUNC] turn=78 ctx=MAIN opts=72 kept=64 dropped_types={ATTACH:6,PLAY:1,RETREAT:1}
[TRUNC] turn=78 ctx=MAIN opts=72 kept=64 dropped_types={ATTACH:6,PLAY:1,RETREAT:1}
[TRUNC] turn=78 ctx=MAIN opts=72 kept=64 dropped_types={ATTACH:6,PLAY:1,RETREAT:1}
[TRUNC] turn=78 ctx=MAIN opts=72 kept=64 dropped_types={ATTACH:6,PLAY:1,RETREAT:1}
[TRUNC] turn=78 ctx=MAIN opts=72 kept=64 dropped_types={ATTACH:6,PLAY:1,RETREAT:1}
[TRUNC] turn=80 ctx=MAIN opts=75 kept=64 dropped_types={ATTACH:9,PLAY:1,RETREAT:1}
[TRUNC] turn=80 ctx=MAIN opts=75 kept=64 dropped_types={ATTACH:9,PLAY:1,RETREAT:1}
[TRUNC] turn=82 ctx=MAIN opts=78 kept=64 dropped_types={ATTACH:12,PLAY:1,RETREAT:1}
[TRUNC] turn=82 ctx=MAIN opts=78 kept=64 dropped_types={ATTACH:12,PLAY:1,RETREAT:1}
[MULTISELECT] ctx=TO_HAND min=3 max=3 generated_lens=[3] shorter_legal_exists=False shorter_missed=False
[MULTISELECT] ctx=TO_HAND min=3 max=3 generated_lens=[3] shorter_legal_exists=False shorter_missed=False
[MULTISELECT] ctx=TO_HAND min=3 max=3 generated_lens=[3] shorter_legal_exists=False shorter_missed=False
[MULTISELECT] ctx=TO_HAND min=3 max=3 generated_lens=[3] shorter_legal_exists=False shorter_missed=False
[MULTISELECT] ctx=TO_HAND min=3 max=3 generated_lens=[3] shorter_legal_exists=False shorter_missed=False
=== DIAG_DUMP_BEGIN ===
DIAG_GAMES=1
TRUNC_TOTAL_NODES=813
TRUNC_FIRED=17
TRUNC_FIRE_RATE=2.09%
TRUNC_OPTCOUNT_HIST=1-8:333|9-16:152|17-32:211|33-64:100|65-128:17|129-256:0|257+:0
TRUNC_FIRE_RATE_BY_TURN=1-2:0.00%(0/32)|3-5:0.00%(0/15)|6+:2.22%(17/766)
TRUNC_DROPPED_BY_TYPE=ATTACH:78,PLAY:17,RETREAT:17
TRUNC_DROPPED_CRITICAL=0
TRUNC_DROPPED_CRITICAL_STATUS=PASS
MULTISELECT_FIXED_LEN=min=0,max=5:nodes=2,shorter_legal=2,shorter_generated=0,shorter_missed=2|min=2,max=2:nodes=9,shorter_legal=0,shorter_generated=0,shorter_missed=0|min=3,max=3:nodes=5,shorter_legal=0,shorter_generated=0,shorter_missed=0
MULTISELECT_SHORTER_MISSED=2
MULTISELECT_CTX_HIST=DISCARD:9,SETUP_BENCH_POKEMON:2,TO_HAND:5
GAME_LENGTH_HIST=1-15:0|16-25:0|26-40:0|41-60:0|61+:1
WIN_BY_CAUSE=NO_ACTIVE:W=1,L=1,D=0
TURN_NODE_DIST=1-2:3.94%(32/813)|3-5:1.85%(15/813)|6+:94.22%(766/813)
SEARCH_MAX_DEPTH=4
SEARCH_MEAN_DEPTH=1.5168
PRIZE_REWARD_REACHED=0.73%(1/137)
STALL_DRAW_PASS_TURNS=76
STALL_SHUFFLE_WITH_RESOURCES=5
MISSED_ATTACH=72
SHAPING_BREAKDOWN=BOARD_DECK_DIFF:-0.018007|DAMAGE_PRESSURE:0.003764|DISRUPTION:0.000221|ENERGY_DENIAL:0.000246|ITEM_LOCK_PENALTY:0.000000|KO_BONUS:0.000000|PARALYSIS:0.000000|PRIZE_DIFF:0.000277|SLEEP:0.000000
=== DIAG_DUMP_END ===
[MULTISELECT] ctx=SETUP_BENCH_POKEMON min=0 max=5 generated_lens=[5] shorter_legal_exists=True shorter_missed=True
[MULTISELECT] ctx=SETUP_BENCH_POKEMON min=0 max=5 generated_lens=[5] shorter_legal_exists=True shorter_missed=True
[MULTISELECT] ctx=SETUP_BENCH_POKEMON min=0 max=5 generated_lens=[5] shorter_legal_exists=True shorter_missed=True
[MULTISELECT] ctx=DISCARD min=2 max=2 generated_lens=[2] shorter_legal_exists=False shorter_missed=False
[MULTISELECT] ctx=DISCARD min=2 max=2 generated_lens=[2] shorter_legal_exists=False shorter_missed=False
[TRUNC] turn=49 ctx=MAIN opts=65 kept=64 dropped_types={PLAY:1}
[TRUNC] turn=49 ctx=MAIN opts=66 kept=64 dropped_types={ABILITY:1,PLAY:1}
[TRUNC] turn=49 ctx=MAIN opts=65 kept=64 dropped_types={PLAY:1}
[TRUNC] turn=51 ctx=MAIN opts=66 kept=64 dropped_types={PLAY:2}
[TRUNC] turn=49 ctx=MAIN opts=65 kept=64 dropped_types={PLAY:1}
[TRUNC] turn=51 ctx=MAIN opts=66 kept=64 dropped_types={PLAY:2}
[TRUNC] turn=51 ctx=MAIN opts=68 kept=64 dropped_types={ATTACH:3,PLAY:1}
[TRUNC] turn=53 ctx=MAIN opts=69 kept=64 dropped_types={ATTACH:3,PLAY:2}
[TRUNC] turn=55 ctx=MAIN opts=70 kept=64 dropped_types={ATTACH:3,PLAY:3}
[TRUNC] turn=53 ctx=MAIN opts=71 kept=64 dropped_types={ATTACH:6,PLAY:1}
[TRUNC] turn=55 ctx=MAIN opts=74 kept=64 dropped_types={ATTACH:9,PLAY:1}
[TRUNC] turn=57 ctx=MAIN opts=77 kept=64 dropped_types={ATTACH:12,PLAY:1}
[TRUNC] turn=59 ctx=MAIN opts=80 kept=64 dropped_types={ATTACH:15,PLAY:1}
[TRUNC] turn=61 ctx=MAIN opts=83 kept=64 dropped_types={ATTACH:18,PLAY:1}
[TRUNC] turn=63 ctx=MAIN opts=86 kept=64 dropped_types={ATTACH:21,PLAY:1}
[TRUNC] turn=65 ctx=MAIN opts=89 kept=64 dropped_types={ATTACH:24,PLAY:1}
[TRUNC] turn=67 ctx=MAIN opts=92 kept=64 dropped_types={ATTACH:27,PLAY:1}
[TRUNC] turn=69 ctx=MAIN opts=96 kept=64 dropped_types={ABILITY:1,ATTACH:30,PLAY:1}
[TRUNC] turn=69 ctx=MAIN opts=96 kept=64 dropped_types={ABILITY:1,ATTACH:30,PLAY:1}
[TRUNC] turn=69 ctx=MAIN opts=96 kept=64 dropped_types={ABILITY:1,ATTACH:30,PLAY:1}
[TRUNC] turn=71 ctx=MAIN opts=97 kept=64 dropped_types={ABILITY:1,ATTACH:30,PLAY:2}
[TRUNC] turn=71 ctx=MAIN opts=99 kept=64 dropped_types={ABILITY:1,ATTACH:33,PLAY:1}
[TRUNC] turn=73 ctx=MAIN opts=100 kept=64 dropped_types={ABILITY:1,ATTACH:33,PLAY:2}
[TRUNC] turn=73 ctx=MAIN opts=102 kept=64 dropped_types={ABILITY:1,ATTACH:36,PLAY:1}
[TRUNC] turn=75 ctx=MAIN opts=103 kept=64 dropped_types={ABILITY:1,ATTACH:36,PLAY:2}
[TRUNC] turn=75 ctx=MAIN opts=105 kept=64 dropped_types={ABILITY:1,ATTACH:39,PLAY:1}
[TRUNC] turn=77 ctx=MAIN opts=106 kept=64 dropped_types={ABILITY:1,ATTACH:39,PLAY:2}
[TRUNC] turn=77 ctx=MAIN opts=108 kept=64 dropped_types={ABILITY:1,ATTACH:42,PLAY:1}
[TRUNC] turn=79 ctx=MAIN opts=109 kept=64 dropped_types={ABILITY:1,ATTACH:42,PLAY:2}
[TRUNC] turn=79 ctx=MAIN opts=111 kept=64 dropped_types={ABILITY:1,ATTACH:45,PLAY:1}
[TRUNC] turn=81 ctx=MAIN opts=112 kept=64 dropped_types={ABILITY:1,ATTACH:45,PLAY:2}
[TRUNC] turn=81 ctx=MAIN opts=114 kept=64 dropped_types={ABILITY:1,ATTACH:48,PLAY:1}
[TRUNC] turn=83 ctx=MAIN opts=115 kept=64 dropped_types={ABILITY:1,ATTACH:48,PLAY:2}
[TRUNC] turn=83 ctx=MAIN opts=117 kept=64 dropped_types={ABILITY:1,ATTACH:51,PLAY:1}
[TRUNC] turn=85 ctx=MAIN opts=118 kept=64 dropped_types={ABILITY:1,ATTACH:51,PLAY:2}
[TRUNC] turn=85 ctx=MAIN opts=119 kept=64 dropped_types={ATTACH:54,PLAY:1}
[TRUNC] turn=85 ctx=MAIN opts=119 kept=64 dropped_types={ATTACH:54,PLAY:1}
[TRUNC] turn=85 ctx=MAIN opts=119 kept=64 dropped_types={ATTACH:54,PLAY:1}
[TRUNC] turn=87 ctx=MAIN opts=120 kept=64 dropped_types={ATTACH:54,PLAY:2}
[TRUNC] turn=87 ctx=MAIN opts=122 kept=64 dropped_types={ATTACH:57,PLAY:1}
=== DIAG_DUMP_BEGIN ===
DIAG_GAMES=1
TRUNC_TOTAL_NODES=659
TRUNC_FIRED=40
TRUNC_FIRE_RATE=6.07%
TRUNC_OPTCOUNT_HIST=1-8:203|9-16:121|17-32:176|33-64:119|65-128:40|129-256:0|257+:0
TRUNC_FIRE_RATE_BY_TURN=1-2:0.00%(0/42)|3-5:0.00%(0/25)|6+:6.76%(40/592)
TRUNC_DROPPED_BY_TYPE=ABILITY:19,ATTACH:1122,PLAY:54
TRUNC_DROPPED_CRITICAL=0
TRUNC_DROPPED_CRITICAL_STATUS=PASS
MULTISELECT_FIXED_LEN=min=0,max=5:nodes=3,shorter_legal=3,shorter_generated=0,shorter_missed=3|min=2,max=2:nodes=2,shorter_legal=0,shorter_generated=0,shorter_missed=0
MULTISELECT_SHORTER_MISSED=3
MULTISELECT_CTX_HIST=DISCARD:2,SETUP_BENCH_POKEMON:3
GAME_LENGTH_HIST=1-15:0|16-25:0|26-40:0|41-60:0|61+:1
WIN_BY_CAUSE=DECK_OUT:W=1,L=1,D=0
TURN_NODE_DIST=1-2:6.37%(42/659)|3-5:3.79%(25/659)|6+:89.83%(592/659)
SEARCH_MAX_DEPTH=5
SEARCH_MEAN_DEPTH=2.1161
PRIZE_REWARD_REACHED=0.00%(0/112)
STALL_DRAW_PASS_TURNS=81
STALL_SHUFFLE_WITH_RESOURCES=1
MISSED_ATTACH=87
SHAPING_BREAKDOWN=BOARD_DECK_DIFF:-0.004294|DAMAGE_PRESSURE:0.000000|DISRUPTION:0.000182|ENERGY_DENIAL:0.000000|ITEM_LOCK_PENALTY:0.000000|KO_BONUS:0.000000|PARALYSIS:0.000000|PRIZE_DIFF:-0.000455|SLEEP:0.000000
=== DIAG_DUMP_END ===
[MULTISELECT] ctx=TO_BENCH min=0 max=2 generated_lens=[2] shorter_legal_exists=True shorter_missed=True
[TRUNC] turn=91 ctx=MAIN opts=66 kept=64 dropped_types={ATTACH:1,PLAY:1}
[TRUNC] turn=93 ctx=MAIN opts=68 kept=64 dropped_types={ATTACH:3,PLAY:1}
[TRUNC] turn=94 ctx=MAIN opts=65 kept=64 dropped_types={ABILITY:1}
[TRUNC] turn=95 ctx=MAIN opts=70 kept=64 dropped_types={ATTACH:5,PLAY:1}
[TRUNC] turn=96 ctx=MAIN opts=67 kept=64 dropped_types={ABILITY:1,ATTACH:1,PLAY:1}
[TRUNC] turn=97 ctx=MAIN opts=72 kept=64 dropped_types={ATTACH:7,PLAY:1}
[TRUNC] turn=98 ctx=MAIN opts=69 kept=64 dropped_types={ABILITY:1,ATTACH:3,PLAY:1}
[TRUNC] turn=99 ctx=MAIN opts=74 kept=64 dropped_types={ATTACH:9,PLAY:1}
[TRUNC] turn=100 ctx=MAIN opts=71 kept=64 dropped_types={ABILITY:1,ATTACH:5,PLAY:1}
[TRUNC] turn=101 ctx=MAIN opts=76 kept=64 dropped_types={ATTACH:11,PLAY:1}
[TRUNC] turn=102 ctx=MAIN opts=73 kept=64 dropped_types={ABILITY:1,ATTACH:7,PLAY:1}
[TRUNC] turn=103 ctx=MAIN opts=78 kept=64 dropped_types={ATTACH:13,PLAY:1}
[TRUNC] turn=104 ctx=MAIN opts=75 kept=64 dropped_types={ABILITY:1,ATTACH:9,PLAY:1}
[TRUNC] turn=105 ctx=MAIN opts=80 kept=64 dropped_types={ATTACH:15,PLAY:1}
[TRUNC] turn=106 ctx=MAIN opts=77 kept=64 dropped_types={ABILITY:1,ATTACH:11,PLAY:1}
[TRUNC] turn=107 ctx=MAIN opts=82 kept=64 dropped_types={ATTACH:17,PLAY:1}
[TRUNC] turn=108 ctx=MAIN opts=79 kept=64 dropped_types={ABILITY:1,ATTACH:13,PLAY:1}
[TRUNC] turn=109 ctx=MAIN opts=84 kept=64 dropped_types={ATTACH:19,PLAY:1}
[TRUNC] turn=110 ctx=MAIN opts=81 kept=64 dropped_types={ABILITY:1,ATTACH:15,PLAY:1}
[TRUNC] turn=111 ctx=MAIN opts=86 kept=64 dropped_types={ATTACH:21,PLAY:1}
[TRUNC] turn=112 ctx=MAIN opts=83 kept=64 dropped_types={ABILITY:1,ATTACH:17,PLAY:1}
[TRUNC] turn=113 ctx=MAIN opts=88 kept=64 dropped_types={ATTACH:23,PLAY:1}
[TRUNC] turn=114 ctx=MAIN opts=85 kept=64 dropped_types={ABILITY:1,ATTACH:19,PLAY:1}
[TRUNC] turn=115 ctx=MAIN opts=90 kept=64 dropped_types={ATTACH:25,PLAY:1}
[TRUNC] turn=116 ctx=MAIN opts=87 kept=64 dropped_types={ABILITY:1,ATTACH:21,PLAY:1}
[TRUNC] turn=117 ctx=MAIN opts=92 kept=64 dropped_types={ATTACH:27,PLAY:1}
[TRUNC] turn=118 ctx=MAIN opts=89 kept=64 dropped_types={ABILITY:1,ATTACH:23,PLAY:1}
=== DIAG_DUMP_BEGIN ===
DIAG_GAMES=1
TRUNC_TOTAL_NODES=897
TRUNC_FIRED=27
TRUNC_FIRE_RATE=3.01%
TRUNC_OPTCOUNT_HIST=1-8:358|9-16:159|17-32:221|33-64:132|65-128:27|129-256:0|257+:0
TRUNC_FIRE_RATE_BY_TURN=1-2:0.00%(0/38)|3-5:0.00%(0/30)|6+:3.26%(27/829)
TRUNC_DROPPED_BY_TYPE=ABILITY:13,ATTACH:340,PLAY:26
TRUNC_DROPPED_CRITICAL=0
TRUNC_DROPPED_CRITICAL_STATUS=PASS
MULTISELECT_FIXED_LEN=min=0,max=2:nodes=1,shorter_legal=1,shorter_generated=0,shorter_missed=1
MULTISELECT_SHORTER_MISSED=1
MULTISELECT_CTX_HIST=TO_BENCH:1
GAME_LENGTH_HIST=1-15:0|16-25:0|26-40:0|41-60:0|61+:1
WIN_BY_CAUSE=DECK_OUT:W=1,L=1,D=0
TURN_NODE_DIST=1-2:4.24%(38/897)|3-5:3.34%(30/897)|6+:92.42%(829/897)
SEARCH_MAX_DEPTH=5
SEARCH_MEAN_DEPTH=1.5680
PRIZE_REWARD_REACHED=0.00%(0/150)
STALL_DRAW_PASS_TURNS=110
STALL_SHUFFLE_WITH_RESOURCES=2
MISSED_ATTACH=113
SHAPING_BREAKDOWN=BOARD_DECK_DIFF:-0.026031|DAMAGE_PRESSURE:0.000000|DISRUPTION:0.000134|ENERGY_DENIAL:0.000000|ITEM_LOCK_PENALTY:0.000000|KO_BONUS:0.000000|PARALYSIS:0.000000|PRIZE_DIFF:0.000000|SLEEP:0.000000
=== DIAG_DUMP_END ===
[MULTISELECT] ctx=SETUP_BENCH_POKEMON min=0 max=5 generated_lens=[5] shorter_legal_exists=True shorter_missed=True
[MULTISELECT] ctx=SETUP_BENCH_POKEMON min=0 max=2 generated_lens=[2] shorter_legal_exists=True shorter_missed=True
[MULTISELECT] ctx=SETUP_BENCH_POKEMON min=0 max=2 generated_lens=[2] shorter_legal_exists=True shorter_missed=True
[MULTISELECT] ctx=SETUP_BENCH_POKEMON min=0 max=2 generated_lens=[2] shorter_legal_exists=True shorter_missed=True
[MULTISELECT] ctx=SETUP_BENCH_POKEMON min=0 max=2 generated_lens=[2] shorter_legal_exists=True shorter_missed=True
[MULTISELECT] ctx=SETUP_BENCH_POKEMON min=0 max=2 generated_lens=[2] shorter_legal_exists=True shorter_missed=True
[MULTISELECT] ctx=SETUP_BENCH_POKEMON min=0 max=2 generated_lens=[2] shorter_legal_exists=True shorter_missed=True
[MULTISELECT] ctx=TO_DECK min=2 max=2 generated_lens=[2] shorter_legal_exists=False shorter_missed=False
[MULTISELECT] ctx=TO_DECK min=2 max=2 generated_lens=[2] shorter_legal_exists=False shorter_missed=False
[MULTISELECT] ctx=TO_DECK min=2 max=2 generated_lens=[2] shorter_legal_exists=False shorter_missed=False
[MULTISELECT] ctx=TO_DECK min=2 max=2 generated_lens=[2] shorter_legal_exists=False shorter_missed=False
[MULTISELECT] ctx=TO_DECK min=2 max=2 generated_lens=[2] shorter_legal_exists=False shorter_missed=False
[MULTISELECT] ctx=TO_DECK min=2 max=2 generated_lens=[2] shorter_legal_exists=False shorter_missed=False
[MULTISELECT] ctx=TO_DECK min=2 max=2 generated_lens=[2] shorter_legal_exists=False shorter_missed=False
[MULTISELECT] ctx=TO_DECK min=2 max=2 generated_lens=[2] shorter_legal_exists=False shorter_missed=False
[MULTISELECT] ctx=TO_DECK min=2 max=2 generated_lens=[2] shorter_legal_exists=False shorter_missed=False
[MULTISELECT] ctx=TO_DECK min=2 max=2 generated_lens=[2] shorter_legal_exists=False shorter_missed=False
[MULTISELECT] ctx=TO_DECK min=2 max=2 generated_lens=[2] shorter_legal_exists=False shorter_missed=False
[MULTISELECT] ctx=TO_DECK min=2 max=2 generated_lens=[2] shorter_legal_exists=False shorter_missed=False
[MULTISELECT] ctx=TO_DECK min=2 max=2 generated_lens=[2] shorter_legal_exists=False shorter_missed=False
[MULTISELECT] ctx=TO_DECK min=2 max=2 generated_lens=[2] shorter_legal_exists=False shorter_missed=False
[MULTISELECT] ctx=TO_DECK min=2 max=2 generated_lens=[2] shorter_legal_exists=False shorter_missed=False
[MULTISELECT] ctx=TO_DECK min=2 max=2 generated_lens=[2] shorter_legal_exists=False shorter_missed=False
[MULTISELECT] ctx=TO_DECK min=2 max=2 generated_lens=[2] shorter_legal_exists=False shorter_missed=False
[MULTISELECT] ctx=TO_DECK min=2 max=2 generated_lens=[2] shorter_legal_exists=False shorter_missed=False
[MULTISELECT] ctx=TO_DECK min=2 max=2 generated_lens=[2] shorter_legal_exists=False shorter_missed=False
[MULTISELECT] ctx=TO_DECK min=2 max=2 generated_lens=[2] shorter_legal_exists=False shorter_missed=False
[MULTISELECT] ctx=TO_DECK min=2 max=2 generated_lens=[2] shorter_legal_exists=False shorter_missed=False
[MULTISELECT] ctx=TO_DECK min=2 max=2 generated_lens=[2] shorter_legal_exists=False shorter_missed=False
[MULTISELECT] ctx=TO_DECK min=2 max=2 generated_lens=[2] shorter_legal_exists=False shorter_missed=False
[MULTISELECT] ctx=TO_DECK min=2 max=2 generated_lens=[2] shorter_legal_exists=False shorter_missed=False
[MULTISELECT] ctx=TO_DECK min=2 max=2 generated_lens=[2] shorter_legal_exists=False shorter_missed=False
[MULTISELECT] ctx=TO_DECK min=2 max=2 generated_lens=[2] shorter_legal_exists=False shorter_missed=False
[MULTISELECT] ctx=TO_DECK min=2 max=2 generated_lens=[2] shorter_legal_exists=False shorter_missed=False
[TRUNC] turn=38 ctx=MAIN opts=65 kept=64 dropped_types={PLAY:1}
[MULTISELECT] ctx=TO_DECK min=2 max=2 generated_lens=[2] shorter_legal_exists=False shorter_missed=False
[TRUNC] turn=38 ctx=MAIN opts=65 kept=64 dropped_types={PLAY:1}
[TRUNC] turn=38 ctx=MAIN opts=65 kept=64 dropped_types={PLAY:1}
[TRUNC] turn=40 ctx=MAIN opts=66 kept=64 dropped_types={PLAY:2}
[MULTISELECT] ctx=TO_DECK min=2 max=2 generated_lens=[2] shorter_legal_exists=False shorter_missed=False
[MULTISELECT] ctx=TO_DECK min=2 max=2 generated_lens=[2] shorter_legal_exists=False shorter_missed=False
[TRUNC] turn=40 ctx=MAIN opts=65 kept=64 dropped_types={PLAY:1}
[MULTISELECT] ctx=TO_DECK min=2 max=2 generated_lens=[2] shorter_legal_exists=False shorter_missed=False
[TRUNC] turn=42 ctx=MAIN opts=66 kept=64 dropped_types={PLAY:2}
[TRUNC] turn=42 ctx=MAIN opts=68 kept=64 dropped_types={ATTACH:3,PLAY:1}
[MULTISELECT] ctx=TO_DECK min=2 max=2 generated_lens=[2] shorter_legal_exists=False shorter_missed=False
[TRUNC] turn=44 ctx=MAIN opts=69 kept=64 dropped_types={ATTACH:3,PLAY:2}
[TRUNC] turn=44 ctx=MAIN opts=71 kept=64 dropped_types={ATTACH:6,PLAY:1}
[MULTISELECT] ctx=TO_DECK min=2 max=2 generated_lens=[2] shorter_legal_exists=False shorter_missed=False
[TRUNC] turn=46 ctx=MAIN opts=72 kept=64 dropped_types={ATTACH:6,PLAY:2}
[MULTISELECT] ctx=TO_DECK min=2 max=2 generated_lens=[2] shorter_legal_exists=False shorter_missed=False
[TRUNC] turn=46 ctx=MAIN opts=75 kept=64 dropped_types={ATTACH:9,PLAY:1,RETREAT:1}
[MULTISELECT] ctx=TO_DECK min=2 max=2 generated_lens=[2] shorter_legal_exists=False shorter_missed=False
[TRUNC] turn=48 ctx=MAIN opts=79 kept=64 dropped_types={ATTACH:13,PLAY:1,RETREAT:1}
[MULTISELECT] ctx=TO_DECK min=2 max=2 generated_lens=[2] shorter_legal_exists=False shorter_missed=False
[TRUNC] turn=50 ctx=MAIN opts=82 kept=64 dropped_types={ATTACH:16,PLAY:1,RETREAT:1}
[MULTISELECT] ctx=TO_DECK min=2 max=2 generated_lens=[2] shorter_legal_exists=False shorter_missed=False
[TRUNC] turn=52 ctx=MAIN opts=85 kept=64 dropped_types={ATTACH:19,PLAY:1,RETREAT:1}
[MULTISELECT] ctx=TO_DECK min=2 max=2 generated_lens=[2] shorter_legal_exists=False shorter_missed=False
[TRUNC] turn=54 ctx=MAIN opts=88 kept=64 dropped_types={ATTACH:22,PLAY:1,RETREAT:1}
[MULTISELECT] ctx=TO_DECK min=2 max=2 generated_lens=[2] shorter_legal_exists=False shorter_missed=False
[MULTISELECT] ctx=TO_DECK min=2 max=2 generated_lens=[2] shorter_legal_exists=False shorter_missed=False
[MULTISELECT] ctx=TO_DECK min=2 max=2 generated_lens=[2] shorter_legal_exists=False shorter_missed=False
[TRUNC] turn=56 ctx=MAIN opts=88 kept=64 dropped_types={ATTACH:22,PLAY:1,RETREAT:1}
[MULTISELECT] ctx=TO_DECK min=2 max=2 generated_lens=[2] shorter_legal_exists=False shorter_missed=False
[TRUNC] turn=58 ctx=MAIN opts=91 kept=64 dropped_types={ATTACH:25,PLAY:1,RETREAT:1}
[MULTISELECT] ctx=TO_DECK min=2 max=2 generated_lens=[2] shorter_legal_exists=False shorter_missed=False
[TRUNC] turn=60 ctx=MAIN opts=94 kept=64 dropped_types={ATTACH:28,PLAY:1,RETREAT:1}
[MULTISELECT] ctx=TO_DECK min=2 max=2 generated_lens=[2] shorter_legal_exists=False shorter_missed=False
[TRUNC] turn=62 ctx=MAIN opts=97 kept=64 dropped_types={ATTACH:31,PLAY:1,RETREAT:1}
[TRUNC] turn=63 ctx=MAIN opts=66 kept=64 dropped_types={ATTACH:1,PLAY:1}
[MULTISELECT] ctx=TO_DECK min=2 max=2 generated_lens=[2] shorter_legal_exists=False shorter_missed=False
[TRUNC] turn=64 ctx=MAIN opts=100 kept=64 dropped_types={ATTACH:34,PLAY:1,RETREAT:1}
[TRUNC] turn=65 ctx=MAIN opts=68 kept=64 dropped_types={ATTACH:3,PLAY:1}
[MULTISELECT] ctx=TO_DECK min=2 max=2 generated_lens=[2] shorter_legal_exists=False shorter_missed=False
[TRUNC] turn=66 ctx=MAIN opts=103 kept=64 dropped_types={ATTACH:37,PLAY:1,RETREAT:1}
[TRUNC] turn=67 ctx=MAIN opts=70 kept=64 dropped_types={ATTACH:5,PLAY:1}
[MULTISELECT] ctx=TO_DECK min=2 max=2 generated_lens=[2] shorter_legal_exists=False shorter_missed=False
[TRUNC] turn=68 ctx=MAIN opts=106 kept=64 dropped_types={ATTACH:40,PLAY:1,RETREAT:1}
[TRUNC] turn=69 ctx=MAIN opts=72 kept=64 dropped_types={ATTACH:7,PLAY:1}
[MULTISELECT] ctx=TO_DECK min=2 max=2 generated_lens=[2] shorter_legal_exists=False shorter_missed=False
[TRUNC] turn=70 ctx=MAIN opts=109 kept=64 dropped_types={ATTACH:43,PLAY:1,RETREAT:1}
[TRUNC] turn=71 ctx=MAIN opts=75 kept=64 dropped_types={ATTACH:9,PLAY:1,RETREAT:1}
[TRUNC] turn=71 ctx=MAIN opts=75 kept=64 dropped_types={ATTACH:9,PLAY:1,RETREAT:1}
[TRUNC] turn=71 ctx=MAIN opts=75 kept=64 dropped_types={ATTACH:9,PLAY:1,RETREAT:1}
[MULTISELECT] ctx=TO_DECK min=2 max=2 generated_lens=[2] shorter_legal_exists=False shorter_missed=False
[TRUNC] turn=72 ctx=MAIN opts=109 kept=64 dropped_types={ATTACH:43,PLAY:1,RETREAT:1}
[TRUNC] turn=72 ctx=MAIN opts=109 kept=64 dropped_types={ATTACH:43,PLAY:1,RETREAT:1}
[TRUNC] turn=73 ctx=MAIN opts=75 kept=64 dropped_types={ATTACH:9,PLAY:1,RETREAT:1}
[MULTISELECT] ctx=TO_DECK min=2 max=2 generated_lens=[2] shorter_legal_exists=False shorter_missed=False
[TRUNC] turn=74 ctx=MAIN opts=112 kept=64 dropped_types={ATTACH:46,PLAY:1,RETREAT:1}
[MULTISELECT] ctx=TO_DECK min=2 max=2 generated_lens=[2] shorter_legal_exists=False shorter_missed=False
[TRUNC] turn=74 ctx=MAIN opts=112 kept=64 dropped_types={ATTACH:46,PLAY:1,RETREAT:1}
[TRUNC] turn=75 ctx=MAIN opts=75 kept=64 dropped_types={ATTACH:9,PLAY:1,RETREAT:1}
[TRUNC] turn=76 ctx=MAIN opts=115 kept=64 dropped_types={ATTACH:49,PLAY:1,RETREAT:1}
[TRUNC] turn=76 ctx=MAIN opts=115 kept=64 dropped_types={ATTACH:49,PLAY:1,RETREAT:1}
[TRUNC] turn=77 ctx=MAIN opts=75 kept=64 dropped_types={ATTACH:9,PLAY:1,RETREAT:1}
[TRUNC] turn=78 ctx=MAIN opts=118 kept=64 dropped_types={ATTACH:52,PLAY:1,RETREAT:1}
[TRUNC] turn=78 ctx=MAIN opts=118 kept=64 dropped_types={ATTACH:52,PLAY:1,RETREAT:1}
[TRUNC] turn=79 ctx=MAIN opts=110 kept=64 dropped_types={ATTACH:45,PLAY:1}
[TRUNC] turn=79 ctx=MAIN opts=110 kept=64 dropped_types={ATTACH:45,PLAY:1}
[TRUNC] turn=79 ctx=MAIN opts=110 kept=64 dropped_types={ATTACH:45,PLAY:1}
[TRUNC] turn=80 ctx=MAIN opts=118 kept=64 dropped_types={ATTACH:52,PLAY:1,RETREAT:1}
[TRUNC] turn=81 ctx=MAIN opts=113 kept=64 dropped_types={ATTACH:48,PLAY:1}
[TRUNC] turn=81 ctx=MAIN opts=113 kept=64 dropped_types={ATTACH:48,PLAY:1}
[TRUNC] turn=81 ctx=MAIN opts=113 kept=64 dropped_types={ATTACH:48,PLAY:1}
[TRUNC] turn=82 ctx=MAIN opts=121 kept=64 dropped_types={ATTACH:55,PLAY:1,RETREAT:1}
[TRUNC] turn=83 ctx=MAIN opts=116 kept=64 dropped_types={ATTACH:51,PLAY:1}
[TRUNC] turn=83 ctx=MAIN opts=116 kept=64 dropped_types={ATTACH:51,PLAY:1}
[TRUNC] turn=84 ctx=MAIN opts=121 kept=64 dropped_types={ATTACH:55,PLAY:1,RETREAT:1}
[TRUNC] turn=85 ctx=MAIN opts=119 kept=64 dropped_types={ATTACH:54,PLAY:1}
[TRUNC] turn=85 ctx=MAIN opts=119 kept=64 dropped_types={ATTACH:54,PLAY:1}
=== DIAG_DUMP_BEGIN ===
DIAG_GAMES=1
TRUNC_TOTAL_NODES=745
TRUNC_FIRED=54
TRUNC_FIRE_RATE=7.25%
TRUNC_OPTCOUNT_HIST=1-8:301|9-16:49|17-32:133|33-64:208|65-128:54|129-256:0|257+:0
TRUNC_FIRE_RATE_BY_TURN=1-2:0.00%(0/29)|3-5:0.00%(0/44)|6+:8.04%(54/672)
TRUNC_DROPPED_BY_TYPE=ATTACH:1458,PLAY:58,RETREAT:30
TRUNC_DROPPED_CRITICAL=0
TRUNC_DROPPED_CRITICAL_STATUS=PASS
MULTISELECT_FIXED_LEN=min=0,max=2:nodes=6,shorter_legal=6,shorter_generated=0,shorter_missed=6|min=0,max=5:nodes=1,shorter_legal=1,shorter_generated=0,shorter_missed=1|min=2,max=2:nodes=51,shorter_legal=0,shorter_generated=0,shorter_missed=0
MULTISELECT_SHORTER_MISSED=7
MULTISELECT_CTX_HIST=SETUP_BENCH_POKEMON:7,TO_DECK:51
GAME_LENGTH_HIST=1-15:0|16-25:0|26-40:0|41-60:0|61+:1
WIN_BY_CAUSE=DECK_OUT:W=1,L=1,D=0
TURN_NODE_DIST=1-2:3.89%(29/745)|3-5:5.91%(44/745)|6+:90.20%(672/745)
SEARCH_MAX_DEPTH=5
SEARCH_MEAN_DEPTH=1.7168
PRIZE_REWARD_REACHED=0.00%(0/125)
STALL_DRAW_PASS_TURNS=71
STALL_SHUFFLE_WITH_RESOURCES=0
MISSED_ATTACH=83
SHAPING_BREAKDOWN=BOARD_DECK_DIFF:0.003785|DAMAGE_PRESSURE:0.000134|DISRUPTION:0.000121|ENERGY_DENIAL:0.000000|ITEM_LOCK_PENALTY:0.000000|KO_BONUS:0.000000|PARALYSIS:0.000000|PRIZE_DIFF:-0.000201|SLEEP:0.000000
=== DIAG_DUMP_END ===
[MULTISELECT] ctx=SETUP_BENCH_POKEMON min=0 max=5 generated_lens=[5] shorter_legal_exists=True shorter_missed=True
[MULTISELECT] ctx=SETUP_BENCH_POKEMON min=0 max=5 generated_lens=[5] shorter_legal_exists=True shorter_missed=True
[MULTISELECT] ctx=SETUP_BENCH_POKEMON min=0 max=5 generated_lens=[5] shorter_legal_exists=True shorter_missed=True
[MULTISELECT] ctx=SETUP_BENCH_POKEMON min=0 max=2 generated_lens=[2] shorter_legal_exists=True shorter_missed=True
[MULTISELECT] ctx=SETUP_BENCH_POKEMON min=0 max=2 generated_lens=[2] shorter_legal_exists=True shorter_missed=True
[MULTISELECT] ctx=TO_DECK min=2 max=2 generated_lens=[2] shorter_legal_exists=False shorter_missed=False
[MULTISELECT] ctx=TO_DECK min=2 max=2 generated_lens=[2] shorter_legal_exists=False shorter_missed=False
[MULTISELECT] ctx=TO_DECK min=2 max=2 generated_lens=[2] shorter_legal_exists=False shorter_missed=False
[MULTISELECT] ctx=TO_DECK min=2 max=2 generated_lens=[2] shorter_legal_exists=False shorter_missed=False
[MULTISELECT] ctx=TO_DECK min=2 max=2 generated_lens=[2] shorter_legal_exists=False shorter_missed=False
[MULTISELECT] ctx=TO_DECK min=2 max=2 generated_lens=[2] shorter_legal_exists=False shorter_missed=False
[MULTISELECT] ctx=TO_DECK min=2 max=2 generated_lens=[2] shorter_legal_exists=False shorter_missed=False
[TRUNC] turn=25 ctx=MAIN opts=65 kept=64 dropped_types={ATTACH:1}
[MULTISELECT] ctx=TO_DECK min=2 max=2 generated_lens=[2] shorter_legal_exists=False shorter_missed=False
[MULTISELECT] ctx=TO_DECK min=2 max=2 generated_lens=[2] shorter_legal_exists=False shorter_missed=False
[TRUNC] turn=27 ctx=MAIN opts=69 kept=64 dropped_types={ATTACH:5}
[MULTISELECT] ctx=TO_DECK min=2 max=2 generated_lens=[2] shorter_legal_exists=False shorter_missed=False
[MULTISELECT] ctx=TO_DECK min=2 max=2 generated_lens=[2] shorter_legal_exists=False shorter_missed=False
[TRUNC] turn=29 ctx=MAIN opts=73 kept=64 dropped_types={ATTACH:9}
[MULTISELECT] ctx=TO_DECK min=2 max=2 generated_lens=[2] shorter_legal_exists=False shorter_missed=False
[MULTISELECT] ctx=TO_DECK min=2 max=2 generated_lens=[2] shorter_legal_exists=False shorter_missed=False
[TRUNC] turn=31 ctx=MAIN opts=77 kept=64 dropped_types={ATTACH:13}
[MULTISELECT] ctx=TO_DECK min=2 max=2 generated_lens=[2] shorter_legal_exists=False shorter_missed=False
[MULTISELECT] ctx=TO_DECK min=2 max=2 generated_lens=[2] shorter_legal_exists=False shorter_missed=False
[TRUNC] turn=33 ctx=MAIN opts=81 kept=64 dropped_types={ATTACH:17}
[MULTISELECT] ctx=TO_DECK min=2 max=2 generated_lens=[2] shorter_legal_exists=False shorter_missed=False
[MULTISELECT] ctx=TO_DECK min=2 max=2 generated_lens=[2] shorter_legal_exists=False shorter_missed=False
[TRUNC] turn=35 ctx=MAIN opts=65 kept=64 dropped_types={PLAY:1}
[TRUNC] turn=37 ctx=MAIN opts=66 kept=64 dropped_types={PLAY:2}
[TRUNC] turn=39 ctx=MAIN opts=67 kept=64 dropped_types={PLAY:3}
[MULTISELECT] ctx=TO_DECK min=2 max=2 generated_lens=[2] shorter_legal_exists=False shorter_missed=False
[MULTISELECT] ctx=TO_DECK min=2 max=2 generated_lens=[2] shorter_legal_exists=False shorter_missed=False
[MULTISELECT] ctx=TO_DECK min=2 max=2 generated_lens=[2] shorter_legal_exists=False shorter_missed=False
[TRUNC] turn=37 ctx=MAIN opts=68 kept=64 dropped_types={ATTACH:3,PLAY:1}
[TRUNC] turn=39 ctx=MAIN opts=69 kept=64 dropped_types={ATTACH:3,PLAY:2}
[TRUNC] turn=41 ctx=MAIN opts=70 kept=64 dropped_types={ATTACH:3,PLAY:3}
[MULTISELECT] ctx=TO_DECK min=2 max=2 generated_lens=[2] shorter_legal_exists=False shorter_missed=False
[MULTISELECT] ctx=TO_DECK min=2 max=2 generated_lens=[2] shorter_legal_exists=False shorter_missed=False
[MULTISELECT] ctx=TO_DECK min=2 max=2 generated_lens=[2] shorter_legal_exists=False shorter_missed=False
[TRUNC] turn=39 ctx=MAIN opts=71 kept=64 dropped_types={ATTACH:6,PLAY:1}
[TRUNC] turn=41 ctx=MAIN opts=72 kept=64 dropped_types={ATTACH:6,PLAY:2}
[MULTISELECT] ctx=TO_DECK min=2 max=2 generated_lens=[2] shorter_legal_exists=False shorter_missed=False
[MULTISELECT] ctx=TO_DECK min=2 max=2 generated_lens=[2] shorter_legal_exists=False shorter_missed=False
[TRUNC] turn=41 ctx=MAIN opts=74 kept=64 dropped_types={ATTACH:9,PLAY:1}
[TRUNC] turn=43 ctx=MAIN opts=75 kept=64 dropped_types={ATTACH:9,PLAY:2}
[MULTISELECT] ctx=TO_DECK min=2 max=2 generated_lens=[2] shorter_legal_exists=False shorter_missed=False
[MULTISELECT] ctx=TO_DECK min=2 max=2 generated_lens=[2] shorter_legal_exists=False shorter_missed=False
[TRUNC] turn=43 ctx=MAIN opts=77 kept=64 dropped_types={ATTACH:12,PLAY:1}
[TRUNC] turn=45 ctx=MAIN opts=78 kept=64 dropped_types={ATTACH:12,PLAY:2}
[MULTISELECT] ctx=TO_DECK min=2 max=2 generated_lens=[2] shorter_legal_exists=False shorter_missed=False
[MULTISELECT] ctx=TO_DECK min=2 max=2 generated_lens=[2] shorter_legal_exists=False shorter_missed=False
[TRUNC] turn=45 ctx=MAIN opts=80 kept=64 dropped_types={ATTACH:15,PLAY:1}
[MULTISELECT] ctx=TO_DECK min=2 max=2 generated_lens=[2] shorter_legal_exists=False shorter_missed=False
[MULTISELECT] ctx=TO_DECK min=2 max=2 generated_lens=[2] shorter_legal_exists=False shorter_missed=False
[TRUNC] turn=47 ctx=MAIN opts=83 kept=64 dropped_types={ATTACH:18,PLAY:1}
[MULTISELECT] ctx=TO_DECK min=2 max=2 generated_lens=[2] shorter_legal_exists=False shorter_missed=False
[MULTISELECT] ctx=TO_DECK min=2 max=2 generated_lens=[2] shorter_legal_exists=False shorter_missed=False
[TRUNC] turn=49 ctx=MAIN opts=86 kept=64 dropped_types={ATTACH:21,PLAY:1}
[MULTISELECT] ctx=TO_DECK min=2 max=2 generated_lens=[2] shorter_legal_exists=False shorter_missed=False
[MULTISELECT] ctx=TO_DECK min=2 max=2 generated_lens=[2] shorter_legal_exists=False shorter_missed=False
[TRUNC] turn=51 ctx=MAIN opts=89 kept=64 dropped_types={ATTACH:24,PLAY:1}
[MULTISELECT] ctx=TO_DECK min=2 max=2 generated_lens=[2] shorter_legal_exists=False shorter_missed=False
[MULTISELECT] ctx=TO_DECK min=2 max=2 generated_lens=[2] shorter_legal_exists=False shorter_missed=False
[TRUNC] turn=53 ctx=MAIN opts=92 kept=64 dropped_types={ATTACH:27,PLAY:1}
[MULTISELECT] ctx=TO_DECK min=2 max=2 generated_lens=[2] shorter_legal_exists=False shorter_missed=False
[MULTISELECT] ctx=TO_DECK min=2 max=2 generated_lens=[2] shorter_legal_exists=False shorter_missed=False
[TRUNC] turn=55 ctx=MAIN opts=95 kept=64 dropped_types={ATTACH:30,PLAY:1}
[MULTISELECT] ctx=TO_DECK min=2 max=2 generated_lens=[2] shorter_legal_exists=False shorter_missed=False
[MULTISELECT] ctx=TO_DECK min=2 max=2 generated_lens=[2] shorter_legal_exists=False shorter_missed=False
[TRUNC] turn=57 ctx=MAIN opts=98 kept=64 dropped_types={ATTACH:33,PLAY:1}
[MULTISELECT] ctx=TO_DECK min=2 max=2 generated_lens=[2] shorter_legal_exists=False shorter_missed=False
[MULTISELECT] ctx=TO_DECK min=2 max=2 generated_lens=[2] shorter_legal_exists=False shorter_missed=False
[TRUNC] turn=59 ctx=MAIN opts=101 kept=64 dropped_types={ATTACH:36,PLAY:1}
[TRUNC] turn=59 ctx=MAIN opts=101 kept=64 dropped_types={ATTACH:36,PLAY:1}
[MULTISELECT] ctx=TO_DECK min=2 max=2 generated_lens=[2] shorter_legal_exists=False shorter_missed=False
[TRUNC] turn=59 ctx=MAIN opts=101 kept=64 dropped_types={ATTACH:36,PLAY:1}
[MULTISELECT] ctx=TO_DECK min=2 max=2 generated_lens=[2] shorter_legal_exists=False shorter_missed=False
[TRUNC] turn=61 ctx=MAIN opts=102 kept=64 dropped_types={ATTACH:36,PLAY:2}
[MULTISELECT] ctx=TO_DECK min=2 max=2 generated_lens=[2] shorter_legal_exists=False shorter_missed=False
[MULTISELECT] ctx=TO_DECK min=2 max=2 generated_lens=[2] shorter_legal_exists=False shorter_missed=False
[MULTISELECT] ctx=TO_DECK min=2 max=2 generated_lens=[2] shorter_legal_exists=False shorter_missed=False
[MULTISELECT] ctx=TO_DECK min=2 max=2 generated_lens=[2] shorter_legal_exists=False shorter_missed=False
[TRUNC] turn=61 ctx=MAIN opts=130 kept=64 dropped_types={ATTACH:65,PLAY:1}
[MULTISELECT] ctx=TO_DECK min=2 max=2 generated_lens=[2] shorter_legal_exists=False shorter_missed=False
[MULTISELECT] ctx=TO_DECK min=2 max=2 generated_lens=[2] shorter_legal_exists=False shorter_missed=False
[MULTISELECT] ctx=TO_DECK min=2 max=2 generated_lens=[2] shorter_legal_exists=False shorter_missed=False
[TRUNC] turn=63 ctx=MAIN opts=130 kept=64 dropped_types={ATTACH:65,PLAY:1}
[MULTISELECT] ctx=TO_HAND min=0 max=3 generated_lens=[3] shorter_legal_exists=True shorter_missed=True
[MULTISELECT] ctx=TO_HAND min=0 max=3 generated_lens=[3] shorter_legal_exists=True shorter_missed=True
[MULTISELECT] ctx=TO_DECK min=2 max=2 generated_lens=[2] shorter_legal_exists=False shorter_missed=False
[TRUNC] turn=65 ctx=MAIN opts=142 kept=64 dropped_types={ATTACH:77,PLAY:1}
[MULTISELECT] ctx=TO_HAND min=0 max=3 generated_lens=[3] shorter_legal_exists=True shorter_missed=True
[MULTISELECT] ctx=TO_DECK min=2 max=2 generated_lens=[2] shorter_legal_exists=False shorter_missed=False
[TRUNC] turn=67 ctx=MAIN opts=146 kept=64 dropped_types={ATTACH:81,PLAY:1}
[MULTISELECT] ctx=TO_DECK min=2 max=2 generated_lens=[2] shorter_legal_exists=False shorter_missed=False
[TRUNC] turn=69 ctx=MAIN opts=150 kept=64 dropped_types={ATTACH:85,PLAY:1}
[MULTISELECT] ctx=TO_DECK min=2 max=2 generated_lens=[2] shorter_legal_exists=False shorter_missed=False
[TRUNC] turn=71 ctx=MAIN opts=154 kept=64 dropped_types={ATTACH:89,PLAY:1}
[MULTISELECT] ctx=TO_DECK min=2 max=2 generated_lens=[2] shorter_legal_exists=False shorter_missed=False
[TRUNC] turn=73 ctx=MAIN opts=154 kept=64 dropped_types={ATTACH:89,PLAY:1}
[MULTISELECT] ctx=TO_DECK min=2 max=2 generated_lens=[2] shorter_legal_exists=False shorter_missed=False
[TRUNC] turn=75 ctx=MAIN opts=158 kept=64 dropped_types={ATTACH:93,PLAY:1}
[TRUNC] turn=77 ctx=MAIN opts=158 kept=64 dropped_types={ATTACH:93,PLAY:1}
[MULTISELECT] ctx=TO_DECK min=2 max=2 generated_lens=[2] shorter_legal_exists=False shorter_missed=False
[TRUNC] turn=79 ctx=MAIN opts=162 kept=64 dropped_types={ATTACH:97,PLAY:1}
[MULTISELECT] ctx=TO_DECK min=2 max=2 generated_lens=[2] shorter_legal_exists=False shorter_missed=False
[TRUNC] turn=81 ctx=MAIN opts=166 kept=64 dropped_types={ATTACH:101,PLAY:1}
[MULTISELECT] ctx=TO_DECK min=2 max=2 generated_lens=[2] shorter_legal_exists=False shorter_missed=False
[TRUNC] turn=83 ctx=MAIN opts=170 kept=64 dropped_types={ATTACH:105,PLAY:1}
[MULTISELECT] ctx=TO_DECK min=2 max=2 generated_lens=[2] shorter_legal_exists=False shorter_missed=False
[TRUNC] turn=85 ctx=MAIN opts=174 kept=64 dropped_types={ATTACH:109,PLAY:1}
[MULTISELECT] ctx=TO_DECK min=2 max=2 generated_lens=[2] shorter_legal_exists=False shorter_missed=False
[TRUNC] turn=85 ctx=MAIN opts=67 kept=64 dropped_types={ATTACH:2,RETREAT:1}
=== DIAG_DUMP_BEGIN ===
DIAG_GAMES=1
TRUNC_TOTAL_NODES=612
TRUNC_FIRED=42
TRUNC_FIRE_RATE=6.86%
TRUNC_OPTCOUNT_HIST=1-8:160|9-16:75|17-32:152|33-64:183|65-128:29|129-256:13|257+:0
TRUNC_FIRE_RATE_BY_TURN=1-2:0.00%(0/21)|3-5:0.00%(0/18)|6+:7.33%(42/573)
TRUNC_DROPPED_BY_TYPE=ATTACH:1571,PLAY:46,RETREAT:1
TRUNC_DROPPED_CRITICAL=0
TRUNC_DROPPED_CRITICAL_STATUS=PASS
MULTISELECT_FIXED_LEN=min=0,max=2:nodes=2,shorter_legal=2,shorter_generated=0,shorter_missed=2|min=0,max=3:nodes=3,shorter_legal=3,shorter_generated=0,shorter_missed=3|min=0,max=5:nodes=3,shorter_legal=3,shorter_generated=0,shorter_missed=3|min=2,max=2:nodes=63,shorter_legal=0,shorter_generated=0,shorter_missed=0
MULTISELECT_SHORTER_MISSED=8
MULTISELECT_CTX_HIST=SETUP_BENCH_POKEMON:5,TO_DECK:63,TO_HAND:3
GAME_LENGTH_HIST=1-15:0|16-25:0|26-40:0|41-60:0|61+:1
WIN_BY_CAUSE=DECK_OUT:W=1,L=1,D=0
TURN_NODE_DIST=1-2:3.43%(21/612)|3-5:2.94%(18/612)|6+:93.63%(573/612)
SEARCH_MAX_DEPTH=5
SEARCH_MEAN_DEPTH=1.9282
PRIZE_REWARD_REACHED=0.00%(0/103)
STALL_DRAW_PASS_TURNS=82
STALL_SHUFFLE_WITH_RESOURCES=0
MISSED_ATTACH=79
SHAPING_BREAKDOWN=BOARD_DECK_DIFF:0.003709|DAMAGE_PRESSURE:0.000000|DISRUPTION:0.000196|ENERGY_DENIAL:0.000000|ITEM_LOCK_PENALTY:0.000000|KO_BONUS:0.000000|PARALYSIS:0.000000|PRIZE_DIFF:-0.000245|SLEEP:0.000000
=== DIAG_DUMP_END ===
[MULTISELECT] ctx=SETUP_BENCH_POKEMON min=0 max=2 generated_lens=[2] shorter_legal_exists=True shorter_missed=True
[MULTISELECT] ctx=TO_HAND min=0 max=3 generated_lens=[3] shorter_legal_exists=True shorter_missed=True
[MULTISELECT] ctx=TO_HAND min=0 max=3 generated_lens=[3] shorter_legal_exists=True shorter_missed=True
[MULTISELECT] ctx=DISCARD min=2 max=2 generated_lens=[2] shorter_legal_exists=False shorter_missed=False
[MULTISELECT] ctx=TO_HAND min=0 max=3 generated_lens=[3] shorter_legal_exists=True shorter_missed=True
[MULTISELECT] ctx=DISCARD min=2 max=2 generated_lens=[2] shorter_legal_exists=False shorter_missed=False
[MULTISELECT] ctx=DISCARD min=2 max=2 generated_lens=[2] shorter_legal_exists=False shorter_missed=False
[MULTISELECT] ctx=DISCARD min=2 max=2 generated_lens=[2] shorter_legal_exists=False shorter_missed=False
[MULTISELECT] ctx=DISCARD min=2 max=2 generated_lens=[2] shorter_legal_exists=False shorter_missed=False
[MULTISELECT] ctx=DISCARD min=2 max=2 generated_lens=[2] shorter_legal_exists=False shorter_missed=False
[MULTISELECT] ctx=TO_HAND min=0 max=3 generated_lens=[3] shorter_legal_exists=True shorter_missed=True
[MULTISELECT] ctx=TO_HAND min=0 max=3 generated_lens=[3] shorter_legal_exists=True shorter_missed=True
[MULTISELECT] ctx=TO_HAND min=0 max=3 generated_lens=[3] shorter_legal_exists=True shorter_missed=True
[MULTISELECT] ctx=DISCARD min=2 max=2 generated_lens=[2] shorter_legal_exists=False shorter_missed=False
[MULTISELECT] ctx=DISCARD min=2 max=2 generated_lens=[2] shorter_legal_exists=False shorter_missed=False
[MULTISELECT] ctx=DISCARD min=2 max=2 generated_lens=[2] shorter_legal_exists=False shorter_missed=False
[MULTISELECT] ctx=DISCARD min=2 max=2 generated_lens=[2] shorter_legal_exists=False shorter_missed=False
[MULTISELECT] ctx=DISCARD min=2 max=2 generated_lens=[2] shorter_legal_exists=False shorter_missed=False
[MULTISELECT] ctx=DISCARD min=2 max=2 generated_lens=[2] shorter_legal_exists=False shorter_missed=False
[MULTISELECT] ctx=DISCARD min=2 max=2 generated_lens=[2] shorter_legal_exists=False shorter_missed=False
[MULTISELECT] ctx=DISCARD min=2 max=2 generated_lens=[2] shorter_legal_exists=False shorter_missed=False
[MULTISELECT] ctx=DISCARD min=2 max=2 generated_lens=[2] shorter_legal_exists=False shorter_missed=False
[MULTISELECT] ctx=DISCARD min=2 max=2 generated_lens=[2] shorter_legal_exists=False shorter_missed=False
[MULTISELECT] ctx=DISCARD min=2 max=2 generated_lens=[2] shorter_legal_exists=False shorter_missed=False
[MULTISELECT] ctx=DISCARD min=2 max=2 generated_lens=[2] shorter_legal_exists=False shorter_missed=False
[MULTISELECT] ctx=TO_HAND min=0 max=2 generated_lens=[2] shorter_legal_exists=True shorter_missed=True
[MULTISELECT] ctx=TO_HAND min=0 max=2 generated_lens=[2] shorter_legal_exists=True shorter_missed=True
[MULTISELECT] ctx=TO_HAND min=0 max=2 generated_lens=[2] shorter_legal_exists=True shorter_missed=True
[TRUNC] turn=52 ctx=MAIN opts=67 kept=64 dropped_types={ATTACH:3}
=== DIAG_DUMP_BEGIN ===
DIAG_GAMES=1
TRUNC_TOTAL_NODES=717
TRUNC_FIRED=1
TRUNC_FIRE_RATE=0.14%
TRUNC_OPTCOUNT_HIST=1-8:237|9-16:241|17-32:184|33-64:54|65-128:1|129-256:0|257+:0
TRUNC_FIRE_RATE_BY_TURN=1-2:0.00%(0/44)|3-5:0.00%(0/59)|6+:0.16%(1/614)
TRUNC_DROPPED_BY_TYPE=ATTACH:3
TRUNC_DROPPED_CRITICAL=0
TRUNC_DROPPED_CRITICAL_STATUS=PASS
MULTISELECT_FIXED_LEN=min=0,max=2:nodes=4,shorter_legal=4,shorter_generated=0,shorter_missed=4|min=0,max=3:nodes=6,shorter_legal=6,shorter_generated=0,shorter_missed=6|min=2,max=2:nodes=18,shorter_legal=0,shorter_generated=0,shorter_missed=0
MULTISELECT_SHORTER_MISSED=10
MULTISELECT_CTX_HIST=DISCARD:18,SETUP_BENCH_POKEMON:1,TO_HAND:9
GAME_LENGTH_HIST=1-15:0|16-25:0|26-40:0|41-60:1|61+:0
WIN_BY_CAUSE=DECK_OUT:W=1,L=1,D=0
TURN_NODE_DIST=1-2:6.14%(44/717)|3-5:8.23%(59/717)|6+:85.63%(614/717)
SEARCH_MAX_DEPTH=5
SEARCH_MEAN_DEPTH=1.6678
PRIZE_REWARD_REACHED=0.00%(0/121)
STALL_DRAW_PASS_TURNS=42
STALL_SHUFFLE_WITH_RESOURCES=3
MISSED_ATTACH=48
SHAPING_BREAKDOWN=BOARD_DECK_DIFF:0.049372|DAMAGE_PRESSURE:0.000000|DISRUPTION:0.000084|ENERGY_DENIAL:0.000000|ITEM_LOCK_PENALTY:0.000000|KO_BONUS:0.000000|PARALYSIS:0.000000|PRIZE_DIFF:0.000209|SLEEP:0.000000
=== DIAG_DUMP_END ===
[MULTISELECT] ctx=SETUP_BENCH_POKEMON min=0 max=2 generated_lens=[2] shorter_legal_exists=True shorter_missed=True
[MULTISELECT] ctx=SETUP_BENCH_POKEMON min=0 max=5 generated_lens=[5] shorter_legal_exists=True shorter_missed=True
[MULTISELECT] ctx=SETUP_BENCH_POKEMON min=0 max=5 generated_lens=[5] shorter_legal_exists=True shorter_missed=True
[MULTISELECT] ctx=DISCARD min=2 max=2 generated_lens=[2] shorter_legal_exists=False shorter_missed=False
[MULTISELECT] ctx=DISCARD min=2 max=2 generated_lens=[2] shorter_legal_exists=False shorter_missed=False
[MULTISELECT] ctx=DISCARD min=2 max=2 generated_lens=[2] shorter_legal_exists=False shorter_missed=False
[MULTISELECT] ctx=DISCARD min=2 max=2 generated_lens=[2] shorter_legal_exists=False shorter_missed=False
[MULTISELECT] ctx=DISCARD min=2 max=2 generated_lens=[2] shorter_legal_exists=False shorter_missed=False
[MULTISELECT] ctx=DISCARD min=2 max=2 generated_lens=[2] shorter_legal_exists=False shorter_missed=False
[MULTISELECT] ctx=TO_HAND min=0 max=3 generated_lens=[3] shorter_legal_exists=True shorter_missed=True
[MULTISELECT] ctx=TO_HAND min=0 max=3 generated_lens=[3] shorter_legal_exists=True shorter_missed=True
[MULTISELECT] ctx=DISCARD min=2 max=2 generated_lens=[2] shorter_legal_exists=False shorter_missed=False
[MULTISELECT] ctx=DISCARD min=2 max=2 generated_lens=[2] shorter_legal_exists=False shorter_missed=False
[MULTISELECT] ctx=TO_HAND min=0 max=3 generated_lens=[3] shorter_legal_exists=True shorter_missed=True
[MULTISELECT] ctx=DISCARD min=2 max=2 generated_lens=[2] shorter_legal_exists=False shorter_missed=False
[MULTISELECT] ctx=TO_HAND min=0 max=3 generated_lens=[3] shorter_legal_exists=True shorter_missed=True
[MULTISELECT] ctx=DISCARD min=2 max=2 generated_lens=[2] shorter_legal_exists=False shorter_missed=False
[MULTISELECT] ctx=DISCARD min=2 max=2 generated_lens=[2] shorter_legal_exists=False shorter_missed=False
[MULTISELECT] ctx=DISCARD min=2 max=2 generated_lens=[2] shorter_legal_exists=False shorter_missed=False
[MULTISELECT] ctx=DISCARD min=2 max=2 generated_lens=[2] shorter_legal_exists=False shorter_missed=False
[MULTISELECT] ctx=DISCARD min=2 max=2 generated_lens=[2] shorter_legal_exists=False shorter_missed=False
[MULTISELECT] ctx=DISCARD min=2 max=2 generated_lens=[2] shorter_legal_exists=False shorter_missed=False
[MULTISELECT] ctx=DISCARD min=2 max=2 generated_lens=[2] shorter_legal_exists=False shorter_missed=False
[MULTISELECT] ctx=DISCARD min=2 max=2 generated_lens=[2] shorter_legal_exists=False shorter_missed=False
[TRUNC] turn=58 ctx=MAIN opts=67 kept=64 dropped_types={ATTACH:3}
=== DIAG_DUMP_BEGIN ===
DIAG_GAMES=1
TRUNC_TOTAL_NODES=684
TRUNC_FIRED=1
TRUNC_FIRE_RATE=0.15%
TRUNC_OPTCOUNT_HIST=1-8:359|9-16:136|17-32:160|33-64:28|65-128:1|129-256:0|257+:0
TRUNC_FIRE_RATE_BY_TURN=1-2:0.00%(0/51)|3-5:0.00%(0/44)|6+:0.17%(1/589)
TRUNC_DROPPED_BY_TYPE=ATTACH:3
TRUNC_DROPPED_CRITICAL=0
TRUNC_DROPPED_CRITICAL_STATUS=PASS
MULTISELECT_FIXED_LEN=min=0,max=2:nodes=1,shorter_legal=1,shorter_generated=0,shorter_missed=1|min=0,max=3:nodes=4,shorter_legal=4,shorter_generated=0,shorter_missed=4|min=0,max=5:nodes=2,shorter_legal=2,shorter_generated=0,shorter_missed=2|min=2,max=2:nodes=17,shorter_legal=0,shorter_generated=0,shorter_missed=0
MULTISELECT_SHORTER_MISSED=7
MULTISELECT_CTX_HIST=DISCARD:17,SETUP_BENCH_POKEMON:3,TO_HAND:4
GAME_LENGTH_HIST=1-15:0|16-25:0|26-40:0|41-60:1|61+:0
WIN_BY_CAUSE=DECK_OUT:W=1,L=1,D=0
TURN_NODE_DIST=1-2:7.46%(51/684)|3-5:6.43%(44/684)|6+:86.11%(589/684)
SEARCH_MAX_DEPTH=5
SEARCH_MEAN_DEPTH=1.8191
PRIZE_REWARD_REACHED=0.00%(0/115)
STALL_DRAW_PASS_TURNS=37
STALL_SHUFFLE_WITH_RESOURCES=3
MISSED_ATTACH=38
SHAPING_BREAKDOWN=BOARD_DECK_DIFF:0.028085|DAMAGE_PRESSURE:0.000015|DISRUPTION:0.000263|ENERGY_DENIAL:0.000146|ITEM_LOCK_PENALTY:0.000000|KO_BONUS:0.000000|PARALYSIS:0.000000|PRIZE_DIFF:-0.000439|SLEEP:0.000000
=== DIAG_DUMP_END ===
[MULTISELECT] ctx=DISCARD min=2 max=2 generated_lens=[2] shorter_legal_exists=False shorter_missed=False
[MULTISELECT] ctx=TO_BENCH min=0 max=2 generated_lens=[2] shorter_legal_exists=True shorter_missed=True
[MULTISELECT] ctx=DISCARD min=3 max=3 generated_lens=[3] shorter_legal_exists=False shorter_missed=False
[MULTISELECT] ctx=TO_BENCH min=0 max=2 generated_lens=[2] shorter_legal_exists=True shorter_missed=True
[MULTISELECT] ctx=DISCARD min=3 max=3 generated_lens=[3] shorter_legal_exists=False shorter_missed=False
[MULTISELECT] ctx=TO_BENCH min=0 max=2 generated_lens=[2] shorter_legal_exists=True shorter_missed=True
[MULTISELECT] ctx=DISCARD min=3 max=3 generated_lens=[3] shorter_legal_exists=False shorter_missed=False
[MULTISELECT] ctx=TO_BENCH min=0 max=2 generated_lens=[2] shorter_legal_exists=True shorter_missed=True
[MULTISELECT] ctx=DISCARD min=3 max=3 generated_lens=[3] shorter_legal_exists=False shorter_missed=False
[MULTISELECT] ctx=DISCARD min=3 max=3 generated_lens=[3] shorter_legal_exists=False shorter_missed=False
[MULTISELECT] ctx=DISCARD min=3 max=3 generated_lens=[3] shorter_legal_exists=False shorter_missed=False
[MULTISELECT] ctx=TO_BENCH min=0 max=2 generated_lens=[2] shorter_legal_exists=True shorter_missed=True
[MULTISELECT] ctx=TO_BENCH min=0 max=2 generated_lens=[2] shorter_legal_exists=True shorter_missed=True
[MULTISELECT] ctx=TO_BENCH min=0 max=2 generated_lens=[2] shorter_legal_exists=True shorter_missed=True
[MULTISELECT] ctx=TO_BENCH min=0 max=2 generated_lens=[2] shorter_legal_exists=True shorter_missed=True
[MULTISELECT] ctx=TO_BENCH min=0 max=2 generated_lens=[2] shorter_legal_exists=True shorter_missed=True
[MULTISELECT] ctx=TO_BENCH min=0 max=2 generated_lens=[2] shorter_legal_exists=True shorter_missed=True
[MULTISELECT] ctx=TO_BENCH min=0 max=2 generated_lens=[2] shorter_legal_exists=True shorter_missed=True
[MULTISELECT] ctx=TO_BENCH min=0 max=2 generated_lens=[2] shorter_legal_exists=True shorter_missed=True
[MULTISELECT] ctx=TO_BENCH min=0 max=2 generated_lens=[2] shorter_legal_exists=True shorter_missed=True
[MULTISELECT] ctx=TO_BENCH min=0 max=2 generated_lens=[2] shorter_legal_exists=True shorter_missed=True
[MULTISELECT] ctx=TO_BENCH min=0 max=2 generated_lens=[2] shorter_legal_exists=True shorter_missed=True
[MULTISELECT] ctx=TO_HAND min=0 max=3 generated_lens=[3] shorter_legal_exists=True shorter_missed=True
[MULTISELECT] ctx=DISCARD min=2 max=2 generated_lens=[2] shorter_legal_exists=False shorter_missed=False
[MULTISELECT] ctx=DISCARD min=2 max=2 generated_lens=[2] shorter_legal_exists=False shorter_missed=False
[MULTISELECT] ctx=DISCARD min=2 max=2 generated_lens=[2] shorter_legal_exists=False shorter_missed=False
[MULTISELECT] ctx=DISCARD min=2 max=2 generated_lens=[2] shorter_legal_exists=False shorter_missed=False
[MULTISELECT] ctx=DISCARD min=2 max=2 generated_lens=[2] shorter_legal_exists=False shorter_missed=False
[MULTISELECT] ctx=DISCARD min=2 max=2 generated_lens=[2] shorter_legal_exists=False shorter_missed=False
[MULTISELECT] ctx=ATTACH_TO min=0 max=5 generated_lens=[5] shorter_legal_exists=True shorter_missed=True
[MULTISELECT] ctx=ATTACH_TO min=0 max=4 generated_lens=[4] shorter_legal_exists=True shorter_missed=True
[MULTISELECT] ctx=ATTACH_TO min=0 max=3 generated_lens=[3] shorter_legal_exists=True shorter_missed=True
[MULTISELECT] ctx=ATTACH_TO min=0 max=3 generated_lens=[3] shorter_legal_exists=True shorter_missed=True
[MULTISELECT] ctx=ATTACH_TO min=0 max=4 generated_lens=[4] shorter_legal_exists=True shorter_missed=True
[MULTISELECT] ctx=DISCARD min=2 max=2 generated_lens=[2] shorter_legal_exists=False shorter_missed=False
[MULTISELECT] ctx=DISCARD min=2 max=2 generated_lens=[2] shorter_legal_exists=False shorter_missed=False
[MULTISELECT] ctx=TO_HAND min=0 max=2 generated_lens=[2] shorter_legal_exists=True shorter_missed=True
[MULTISELECT] ctx=DISCARD min=2 max=2 generated_lens=[2] shorter_legal_exists=False shorter_missed=False
[MULTISELECT] ctx=DISCARD min=2 max=2 generated_lens=[2] shorter_legal_exists=False shorter_missed=False
[MULTISELECT] ctx=TO_HAND min=0 max=3 generated_lens=[3] shorter_legal_exists=True shorter_missed=True
=== DIAG_DUMP_BEGIN ===
DIAG_GAMES=1
TRUNC_TOTAL_NODES=429
TRUNC_FIRED=0
TRUNC_FIRE_RATE=0.00%
TRUNC_OPTCOUNT_HIST=1-8:241|9-16:142|17-32:43|33-64:3|65-128:0|129-256:0|257+:0
TRUNC_FIRE_RATE_BY_TURN=1-2:0.00%(0/53)|3-5:0.00%(0/182)|6+:0.00%(0/194)
TRUNC_DROPPED_BY_TYPE=NONE
TRUNC_DROPPED_CRITICAL=0
TRUNC_DROPPED_CRITICAL_STATUS=PASS
MULTISELECT_FIXED_LEN=min=0,max=2:nodes=16,shorter_legal=16,shorter_generated=0,shorter_missed=16|min=0,max=3:nodes=4,shorter_legal=4,shorter_generated=0,shorter_missed=4|min=0,max=4:nodes=2,shorter_legal=2,shorter_generated=0,shorter_missed=2|min=0,max=5:nodes=1,shorter_legal=1,shorter_generated=0,shorter_missed=1|min=2,max=2:nodes=11,shorter_legal=0,shorter_generated=0,shorter_missed=0|min=3,max=3:nodes=6,shorter_legal=0,shorter_generated=0,shorter_missed=0
MULTISELECT_SHORTER_MISSED=23
MULTISELECT_CTX_HIST=ATTACH_TO:5,DISCARD:17,TO_BENCH:15,TO_HAND:3
GAME_LENGTH_HIST=1-15:1|16-25:0|26-40:0|41-60:0|61+:0
WIN_BY_CAUSE=NO_ACTIVE:W=1,L=1,D=0
TURN_NODE_DIST=1-2:12.35%(53/429)|3-5:42.42%(182/429)|6+:45.22%(194/429)
SEARCH_MAX_DEPTH=5
SEARCH_MEAN_DEPTH=2.1342
PRIZE_REWARD_REACHED=5.48%(4/73)
STALL_DRAW_PASS_TURNS=5
STALL_SHUFFLE_WITH_RESOURCES=2
MISSED_ATTACH=5
SHAPING_BREAKDOWN=BOARD_DECK_DIFF:0.037063|DAMAGE_PRESSURE:0.004406|DISRUPTION:0.000350|ENERGY_DENIAL:0.000233|ITEM_LOCK_PENALTY:-0.001072|KO_BONUS:0.000932|PARALYSIS:0.000000|PRIZE_DIFF:0.000583|SLEEP:0.000000
=== DIAG_DUMP_END ===
[MULTISELECT] ctx=SETUP_BENCH_POKEMON min=0 max=3 generated_lens=[3] shorter_legal_exists=True shorter_missed=True
[MULTISELECT] ctx=SETUP_BENCH_POKEMON min=0 max=4 generated_lens=[4] shorter_legal_exists=True shorter_missed=True
[MULTISELECT] ctx=SETUP_BENCH_POKEMON min=0 max=4 generated_lens=[4] shorter_legal_exists=True shorter_missed=True
[MULTISELECT] ctx=SETUP_BENCH_POKEMON min=0 max=4 generated_lens=[4] shorter_legal_exists=True shorter_missed=True
[MULTISELECT] ctx=SETUP_BENCH_POKEMON min=0 max=2 generated_lens=[2] shorter_legal_exists=True shorter_missed=True
[MULTISELECT] ctx=SETUP_BENCH_POKEMON min=0 max=4 generated_lens=[4] shorter_legal_exists=True shorter_missed=True
[MULTISELECT] ctx=DISCARD min=2 max=2 generated_lens=[2] shorter_legal_exists=False shorter_missed=False
[MULTISELECT] ctx=TO_HAND min=0 max=2 generated_lens=[2] shorter_legal_exists=True shorter_missed=True
[MULTISELECT] ctx=TO_HAND min=0 max=2 generated_lens=[2] shorter_legal_exists=True shorter_missed=True
[MULTISELECT] ctx=TO_HAND min=0 max=3 generated_lens=[3] shorter_legal_exists=True shorter_missed=True
[MULTISELECT] ctx=ATTACH_TO min=0 max=4 generated_lens=[4] shorter_legal_exists=True shorter_missed=True
[MULTISELECT] ctx=ATTACH_TO min=0 max=5 generated_lens=[5] shorter_legal_exists=True shorter_missed=True
[MULTISELECT] ctx=ATTACH_TO min=0 max=5 generated_lens=[5] shorter_legal_exists=True shorter_missed=True
[MULTISELECT] ctx=ATTACH_TO min=0 max=5 generated_lens=[5] shorter_legal_exists=True shorter_missed=True
[MULTISELECT] ctx=ATTACH_TO min=0 max=3 generated_lens=[3] shorter_legal_exists=True shorter_missed=True
[MULTISELECT] ctx=ATTACH_TO min=0 max=4 generated_lens=[4] shorter_legal_exists=True shorter_missed=True
[MULTISELECT] ctx=TO_HAND min=0 max=3 generated_lens=[3] shorter_legal_exists=True shorter_missed=True
[MULTISELECT] ctx=TO_HAND min=0 max=3 generated_lens=[3] shorter_legal_exists=True shorter_missed=True
[MULTISELECT] ctx=TO_HAND min=0 max=3 generated_lens=[3] shorter_legal_exists=True shorter_missed=True
[MULTISELECT] ctx=TO_HAND min=0 max=2 generated_lens=[2] shorter_legal_exists=True shorter_missed=True
[MULTISELECT] ctx=TO_HAND min=0 max=2 generated_lens=[2] shorter_legal_exists=True shorter_missed=True
[MULTISELECT] ctx=TO_HAND min=0 max=2 generated_lens=[2] shorter_legal_exists=True shorter_missed=True
[MULTISELECT] ctx=DISCARD min=2 max=2 generated_lens=[2] shorter_legal_exists=False shorter_missed=False
[MULTISELECT] ctx=DISCARD min=2 max=2 generated_lens=[2] shorter_legal_exists=False shorter_missed=False
[MULTISELECT] ctx=TO_HAND min=0 max=3 generated_lens=[3] shorter_legal_exists=True shorter_missed=True
[MULTISELECT] ctx=TO_HAND min=0 max=2 generated_lens=[2] shorter_legal_exists=True shorter_missed=True
[MULTISELECT] ctx=TO_HAND min=0 max=3 generated_lens=[3] shorter_legal_exists=True shorter_missed=True
[TRUNC] turn=25 ctx=MAIN opts=67 kept=64 dropped_types={ATTACH:3}
[TRUNC] turn=25 ctx=MAIN opts=67 kept=64 dropped_types={ATTACH:3}
[MULTISELECT] ctx=DISCARD_ENERGY_CARD min=0 max=2 generated_lens=[2] shorter_legal_exists=True shorter_missed=True
[MULTISELECT] ctx=DISCARD_ENERGY_CARD min=0 max=2 generated_lens=[2] shorter_legal_exists=True shorter_missed=True
[TRUNC] turn=27 ctx=MAIN opts=67 kept=64 dropped_types={ATTACH:3}
[TRUNC] turn=27 ctx=MAIN opts=69 kept=64 dropped_types={ATTACH:3,EVOLVE:2}
[TRUNC] turn=27 ctx=MAIN opts=68 kept=64 dropped_types={ATTACH:3,PLAY:1}
[TRUNC] turn=27 ctx=MAIN opts=73 kept=64 dropped_types={ATTACH:9}
[TRUNC] turn=27 ctx=MAIN opts=73 kept=64 dropped_types={ATTACH:9}
[MULTISELECT] ctx=DISCARD_ENERGY_CARD min=0 max=2 generated_lens=[2] shorter_legal_exists=True shorter_missed=True
[TRUNC] turn=27 ctx=MAIN opts=67 kept=64 dropped_types={ATTACH:3}
[MULTISELECT] ctx=DISCARD_ENERGY_CARD min=0 max=2 generated_lens=[2] shorter_legal_exists=True shorter_missed=True
[TRUNC] turn=29 ctx=MAIN opts=74 kept=64 dropped_types={ATTACH:9,PLAY:1}
[MULTISELECT] ctx=DISCARD_ENERGY_CARD min=0 max=2 generated_lens=[2] shorter_legal_exists=True shorter_missed=True
[TRUNC] turn=29 ctx=MAIN opts=74 kept=64 dropped_types={ATTACH:9,PLAY:1}
[MULTISELECT] ctx=DISCARD_ENERGY_CARD min=0 max=2 generated_lens=[2] shorter_legal_exists=True shorter_missed=True
[TRUNC] turn=29 ctx=MAIN opts=74 kept=64 dropped_types={ATTACH:9,PLAY:1}
[MULTISELECT] ctx=DISCARD_ENERGY_CARD min=0 max=2 generated_lens=[2] shorter_legal_exists=True shorter_missed=True
[TRUNC] turn=31 ctx=MAIN opts=80 kept=64 dropped_types={ATTACH:15,PLAY:1}
[MULTISELECT] ctx=DISCARD_ENERGY_CARD min=0 max=2 generated_lens=[2] shorter_legal_exists=True shorter_missed=True
[MULTISELECT] ctx=DISCARD min=2 max=2 generated_lens=[2] shorter_legal_exists=False shorter_missed=False
[MULTISELECT] ctx=DISCARD min=2 max=2 generated_lens=[2] shorter_legal_exists=False shorter_missed=False
[MULTISELECT] ctx=DISCARD min=2 max=2 generated_lens=[2] shorter_legal_exists=False shorter_missed=False
[TRUNC] turn=31 ctx=MAIN opts=80 kept=64 dropped_types={ATTACH:15,PLAY:1}
[MULTISELECT] ctx=DISCARD min=2 max=2 generated_lens=[2] shorter_legal_exists=False shorter_missed=False
[MULTISELECT] ctx=DISCARD min=2 max=2 generated_lens=[2] shorter_legal_exists=False shorter_missed=False
[MULTISELECT] ctx=DISCARD min=2 max=2 generated_lens=[2] shorter_legal_exists=False shorter_missed=False
[MULTISELECT] ctx=DISCARD min=2 max=2 generated_lens=[2] shorter_legal_exists=False shorter_missed=False
[TRUNC] turn=31 ctx=MAIN opts=81 kept=64 dropped_types={ATTACH:15,EVOLVE:2}
[MULTISELECT] ctx=DISCARD min=2 max=2 generated_lens=[2] shorter_legal_exists=False shorter_missed=False
[MULTISELECT] ctx=DISCARD min=2 max=2 generated_lens=[2] shorter_legal_exists=False shorter_missed=False
[MULTISELECT] ctx=DISCARD min=2 max=2 generated_lens=[2] shorter_legal_exists=False shorter_missed=False
[TRUNC] turn=31 ctx=MAIN opts=85 kept=64 dropped_types={ATTACH:21}
[MULTISELECT] ctx=DISCARD min=2 max=2 generated_lens=[2] shorter_legal_exists=False shorter_missed=False
[MULTISELECT] ctx=DISCARD min=2 max=2 generated_lens=[2] shorter_legal_exists=False shorter_missed=False
[TRUNC] turn=31 ctx=MAIN opts=80 kept=64 dropped_types={ATTACH:15,PLAY:1}
[MULTISELECT] ctx=DISCARD_ENERGY_CARD min=0 max=2 generated_lens=[2] shorter_legal_exists=True shorter_missed=True
[MULTISELECT] ctx=DISCARD min=2 max=2 generated_lens=[2] shorter_legal_exists=False shorter_missed=False
[TRUNC] turn=31 ctx=MAIN opts=80 kept=64 dropped_types={ATTACH:15,PLAY:1}
[MULTISELECT] ctx=DISCARD_ENERGY_CARD min=0 max=2 generated_lens=[2] shorter_legal_exists=True shorter_missed=True
[MULTISELECT] ctx=DISCARD min=2 max=2 generated_lens=[2] shorter_legal_exists=False shorter_missed=False
[TRUNC] turn=31 ctx=MAIN opts=81 kept=64 dropped_types={ATTACH:15,EVOLVE:2}
[TRUNC] turn=31 ctx=MAIN opts=80 kept=64 dropped_types={ATTACH:15,PLAY:1}
[MULTISELECT] ctx=DISCARD_ENERGY_CARD min=0 max=2 generated_lens=[2] shorter_legal_exists=True shorter_missed=True
[TRUNC] turn=31 ctx=MAIN opts=79 kept=64 dropped_types={ATTACH:15}
[TRUNC] turn=31 ctx=MAIN opts=80 kept=64 dropped_types={ATTACH:15,PLAY:1}
[TRUNC] turn=33 ctx=MAIN opts=82 kept=64 dropped_types={ATTACH:15,EVOLVE:2,PLAY:1}
[TRUNC] turn=33 ctx=MAIN opts=82 kept=64 dropped_types={ATTACH:15,EVOLVE:2,PLAY:1}
[TRUNC] turn=33 ctx=MAIN opts=86 kept=64 dropped_types={ATTACH:21,PLAY:1}
[TRUNC] turn=33 ctx=MAIN opts=86 kept=64 dropped_types={ATTACH:21,PLAY:1}
[TRUNC] turn=33 ctx=MAIN opts=85 kept=64 dropped_types={ATTACH:21}
=== DIAG_DUMP_BEGIN ===
DIAG_GAMES=1
TRUNC_TOTAL_NODES=891
TRUNC_FIRED=26
TRUNC_FIRE_RATE=2.92%
TRUNC_OPTCOUNT_HIST=1-8:575|9-16:147|17-32:104|33-64:39|65-128:26|129-256:0|257+:0
TRUNC_FIRE_RATE_BY_TURN=1-2:0.00%(0/75)|3-5:0.00%(0/200)|6+:4.22%(26/616)
TRUNC_DROPPED_BY_TYPE=ATTACH:312,EVOLVE:10,PLAY:14
TRUNC_DROPPED_CRITICAL=0
TRUNC_DROPPED_CRITICAL_STATUS=PASS
MULTISELECT_FIXED_LEN=min=0,max=2:nodes=18,shorter_legal=18,shorter_generated=0,shorter_missed=18|min=0,max=3:nodes=8,shorter_legal=8,shorter_generated=0,shorter_missed=8|min=0,max=4:nodes=6,shorter_legal=6,shorter_generated=0,shorter_missed=6|min=0,max=5:nodes=3,shorter_legal=3,shorter_generated=0,shorter_missed=3|min=2,max=2:nodes=17,shorter_legal=0,shorter_generated=0,shorter_missed=0
MULTISELECT_SHORTER_MISSED=35
MULTISELECT_CTX_HIST=ATTACH_TO:6,DISCARD:17,DISCARD_ENERGY_CARD:11,SETUP_BENCH_POKEMON:6,TO_HAND:12
GAME_LENGTH_HIST=1-15:0|16-25:0|26-40:1|41-60:0|61+:0
WIN_BY_CAUSE=DECK_OUT:W=1,L=1,D=0
TURN_NODE_DIST=1-2:8.42%(75/891)|3-5:22.45%(200/891)|6+:69.14%(616/891)
SEARCH_MAX_DEPTH=5
SEARCH_MEAN_DEPTH=1.7400
PRIZE_REWARD_REACHED=2.00%(3/150)
STALL_DRAW_PASS_TURNS=18
STALL_SHUFFLE_WITH_RESOURCES=3
MISSED_ATTACH=6
SHAPING_BREAKDOWN=BOARD_DECK_DIFF:0.039877|DAMAGE_PRESSURE:0.002997|DISRUPTION:0.000168|ENERGY_DENIAL:0.000224|ITEM_LOCK_PENALTY:-0.002604|KO_BONUS:0.000673|PARALYSIS:0.000000|PRIZE_DIFF:-0.028984|SLEEP:0.000000
=== DIAG_DUMP_END ===
[MULTISELECT] ctx=SETUP_BENCH_POKEMON min=0 max=2 generated_lens=[2] shorter_legal_exists=True shorter_missed=True
[MULTISELECT] ctx=DISCARD min=2 max=2 generated_lens=[2] shorter_legal_exists=False shorter_missed=False
[MULTISELECT] ctx=SETUP_BENCH_POKEMON min=0 max=3 generated_lens=[3] shorter_legal_exists=True shorter_missed=True
[MULTISELECT] ctx=DISCARD min=2 max=2 generated_lens=[2] shorter_legal_exists=False shorter_missed=False
[MULTISELECT] ctx=DISCARD min=2 max=2 generated_lens=[2] shorter_legal_exists=False shorter_missed=False
[MULTISELECT] ctx=DISCARD min=2 max=2 generated_lens=[2] shorter_legal_exists=False shorter_missed=False
[MULTISELECT] ctx=DISCARD min=2 max=2 generated_lens=[2] shorter_legal_exists=False shorter_missed=False
[MULTISELECT] ctx=DISCARD min=2 max=2 generated_lens=[2] shorter_legal_exists=False shorter_missed=False
[MULTISELECT] ctx=DISCARD min=2 max=2 generated_lens=[2] shorter_legal_exists=False shorter_missed=False
[MULTISELECT] ctx=TO_HAND min=0 max=3 generated_lens=[3] shorter_legal_exists=True shorter_missed=True
[MULTISELECT] ctx=TO_HAND min=0 max=3 generated_lens=[3] shorter_legal_exists=True shorter_missed=True
[MULTISELECT] ctx=TO_HAND min=0 max=3 generated_lens=[3] shorter_legal_exists=True shorter_missed=True
[MULTISELECT] ctx=TO_HAND min=0 max=2 generated_lens=[2] shorter_legal_exists=True shorter_missed=True
[MULTISELECT] ctx=TO_HAND min=0 max=3 generated_lens=[3] shorter_legal_exists=True shorter_missed=True
[MULTISELECT] ctx=TO_HAND min=0 max=3 generated_lens=[3] shorter_legal_exists=True shorter_missed=True
[TRUNC] turn=20 ctx=MAIN opts=67 kept=64 dropped_types={ATTACH:3}
[TRUNC] turn=22 ctx=MAIN opts=67 kept=64 dropped_types={ATTACH:3}
[MULTISELECT] ctx=TO_HAND min=0 max=3 generated_lens=[3] shorter_legal_exists=True shorter_missed=True
[TRUNC] turn=24 ctx=MAIN opts=67 kept=64 dropped_types={ATTACH:3}
[TRUNC] turn=24 ctx=MAIN opts=67 kept=64 dropped_types={ATTACH:3}
[MULTISELECT] ctx=DISCARD min=2 max=2 generated_lens=[2] shorter_legal_exists=False shorter_missed=False
[MULTISELECT] ctx=DISCARD min=2 max=2 generated_lens=[2] shorter_legal_exists=False shorter_missed=False
[MULTISELECT] ctx=DISCARD min=2 max=2 generated_lens=[2] shorter_legal_exists=False shorter_missed=False
[MULTISELECT] ctx=DISCARD min=2 max=2 generated_lens=[2] shorter_legal_exists=False shorter_missed=False
[MULTISELECT] ctx=DISCARD min=2 max=2 generated_lens=[2] shorter_legal_exists=False shorter_missed=False
[MULTISELECT] ctx=DISCARD min=2 max=2 generated_lens=[2] shorter_legal_exists=False shorter_missed=False
[MULTISELECT] ctx=DISCARD min=2 max=2 generated_lens=[2] shorter_legal_exists=False shorter_missed=False
[MULTISELECT] ctx=DISCARD min=2 max=2 generated_lens=[2] shorter_legal_exists=False shorter_missed=False
[TRUNC] turn=46 ctx=MAIN opts=67 kept=64 dropped_types={ATTACH:3}
[MULTISELECT] ctx=DISCARD min=2 max=2 generated_lens=[2] shorter_legal_exists=False shorter_missed=False
[MULTISELECT] ctx=DISCARD min=2 max=2 generated_lens=[2] shorter_legal_exists=False shorter_missed=False
[MULTISELECT] ctx=DISCARD min=2 max=2 generated_lens=[2] shorter_legal_exists=False shorter_missed=False
[MULTISELECT] ctx=DISCARD min=2 max=2 generated_lens=[2] shorter_legal_exists=False shorter_missed=False
[MULTISELECT] ctx=TO_HAND min=0 max=3 generated_lens=[3] shorter_legal_exists=True shorter_missed=True
[TRUNC] turn=50 ctx=MAIN opts=67 kept=64 dropped_types={ATTACH:3}
[TRUNC] turn=52 ctx=MAIN opts=73 kept=64 dropped_types={ATTACH:9}
[MULTISELECT] ctx=DISCARD min=2 max=2 generated_lens=[2] shorter_legal_exists=False shorter_missed=False
[MULTISELECT] ctx=DISCARD min=2 max=2 generated_lens=[2] shorter_legal_exists=False shorter_missed=False
[MULTISELECT] ctx=DISCARD min=2 max=2 generated_lens=[2] shorter_legal_exists=False shorter_missed=False
[TRUNC] turn=78 ctx=MAIN opts=67 kept=64 dropped_types={ATTACH:3}
[MULTISELECT] ctx=DISCARD_ENERGY_CARD min=0 max=2 generated_lens=[2] shorter_legal_exists=True shorter_missed=True
[MULTISELECT] ctx=DISCARD_ENERGY_CARD min=0 max=2 generated_lens=[2] shorter_legal_exists=True shorter_missed=True
=== DIAG_DUMP_BEGIN ===
DIAG_GAMES=1
TRUNC_TOTAL_NODES=926
TRUNC_FIRED=8
TRUNC_FIRE_RATE=0.86%
TRUNC_OPTCOUNT_HIST=1-8:401|9-16:164|17-32:234|33-64:119|65-128:8|129-256:0|257+:0
TRUNC_FIRE_RATE_BY_TURN=1-2:0.00%(0/51)|3-5:0.00%(0/24)|6+:0.94%(8/851)
TRUNC_DROPPED_BY_TYPE=ATTACH:30
TRUNC_DROPPED_CRITICAL=0
TRUNC_DROPPED_CRITICAL_STATUS=PASS
MULTISELECT_FIXED_LEN=min=0,max=2:nodes=4,shorter_legal=4,shorter_generated=0,shorter_missed=4|min=0,max=3:nodes=8,shorter_legal=8,shorter_generated=0,shorter_missed=8|min=2,max=2:nodes=22,shorter_legal=0,shorter_generated=0,shorter_missed=0
MULTISELECT_SHORTER_MISSED=12
MULTISELECT_CTX_HIST=DISCARD:22,DISCARD_ENERGY_CARD:2,SETUP_BENCH_POKEMON:2,TO_HAND:8
GAME_LENGTH_HIST=1-15:0|16-25:0|26-40:0|41-60:0|61+:1
WIN_BY_CAUSE=NO_ACTIVE:W=1,L=1,D=0
TURN_NODE_DIST=1-2:5.51%(51/926)|3-5:2.59%(24/926)|6+:91.90%(851/926)
SEARCH_MAX_DEPTH=5
SEARCH_MEAN_DEPTH=1.8821
PRIZE_REWARD_REACHED=1.92%(3/156)
STALL_DRAW_PASS_TURNS=55
STALL_SHUFFLE_WITH_RESOURCES=0
MISSED_ATTACH=65
SHAPING_BREAKDOWN=BOARD_DECK_DIFF:0.032581|DAMAGE_PRESSURE:0.000389|DISRUPTION:0.000259|ENERGY_DENIAL:0.000000|ITEM_LOCK_PENALTY:0.000000|KO_BONUS:0.000000|PARALYSIS:0.000000|PRIZE_DIFF:-0.000162|SLEEP:0.000000
=== DIAG_DUMP_END ===
[MULTISELECT] ctx=SETUP_BENCH_POKEMON min=0 max=2 generated_lens=[2] shorter_legal_exists=True shorter_missed=True
[MULTISELECT] ctx=SETUP_BENCH_POKEMON min=0 max=2 generated_lens=[2] shorter_legal_exists=True shorter_missed=True
[MULTISELECT] ctx=SETUP_BENCH_POKEMON min=0 max=2 generated_lens=[2] shorter_legal_exists=True shorter_missed=True
[MULTISELECT] ctx=SETUP_BENCH_POKEMON min=0 max=2 generated_lens=[2] shorter_legal_exists=True shorter_missed=True
[MULTISELECT] ctx=DISCARD min=2 max=2 generated_lens=[2] shorter_legal_exists=False shorter_missed=False
[MULTISELECT] ctx=SETUP_BENCH_POKEMON min=0 max=2 generated_lens=[2] shorter_legal_exists=True shorter_missed=True
[MULTISELECT] ctx=TO_HAND min=0 max=3 generated_lens=[3] shorter_legal_exists=True shorter_missed=True
[MULTISELECT] ctx=DISCARD min=2 max=2 generated_lens=[2] shorter_legal_exists=False shorter_missed=False
[MULTISELECT] ctx=DISCARD min=2 max=2 generated_lens=[2] shorter_legal_exists=False shorter_missed=False
[MULTISELECT] ctx=TO_HAND min=0 max=3 generated_lens=[3] shorter_legal_exists=True shorter_missed=True
[MULTISELECT] ctx=TO_HAND min=0 max=3 generated_lens=[3] shorter_legal_exists=True shorter_missed=True
[MULTISELECT] ctx=TO_HAND min=0 max=3 generated_lens=[3] shorter_legal_exists=True shorter_missed=True
[MULTISELECT] ctx=TO_HAND min=0 max=3 generated_lens=[3] shorter_legal_exists=True shorter_missed=True
[MULTISELECT] ctx=DISCARD min=2 max=2 generated_lens=[2] shorter_legal_exists=False shorter_missed=False
[MULTISELECT] ctx=DISCARD min=2 max=2 generated_lens=[2] shorter_legal_exists=False shorter_missed=False
[MULTISELECT] ctx=DISCARD min=2 max=2 generated_lens=[2] shorter_legal_exists=False shorter_missed=False
[MULTISELECT] ctx=DISCARD min=2 max=2 generated_lens=[2] shorter_legal_exists=False shorter_missed=False
[MULTISELECT] ctx=DISCARD min=2 max=2 generated_lens=[2] shorter_legal_exists=False shorter_missed=False
[MULTISELECT] ctx=DISCARD min=2 max=2 generated_lens=[2] shorter_legal_exists=False shorter_missed=False
[MULTISELECT] ctx=DISCARD min=2 max=2 generated_lens=[2] shorter_legal_exists=False shorter_missed=False
[MULTISELECT] ctx=DISCARD min=2 max=2 generated_lens=[2] shorter_legal_exists=False shorter_missed=False
[MULTISELECT] ctx=DISCARD min=2 max=2 generated_lens=[2] shorter_legal_exists=False shorter_missed=False
[MULTISELECT] ctx=DISCARD min=2 max=2 generated_lens=[2] shorter_legal_exists=False shorter_missed=False
[TRUNC] turn=29 ctx=MAIN opts=66 kept=64 dropped_types={ATTACH:1,PLAY:1}
[MULTISELECT] ctx=DISCARD min=2 max=2 generated_lens=[2] shorter_legal_exists=False shorter_missed=False
[TRUNC] turn=31 ctx=MAIN opts=70 kept=64 dropped_types={ATTACH:5,PLAY:1}
[MULTISELECT] ctx=DISCARD min=2 max=2 generated_lens=[2] shorter_legal_exists=False shorter_missed=False
[MULTISELECT] ctx=DISCARD min=2 max=2 generated_lens=[2] shorter_legal_exists=False shorter_missed=False
[MULTISELECT] ctx=DISCARD min=2 max=2 generated_lens=[2] shorter_legal_exists=False shorter_missed=False
[MULTISELECT] ctx=DISCARD min=2 max=2 generated_lens=[2] shorter_legal_exists=False shorter_missed=False
[MULTISELECT] ctx=DISCARD min=2 max=2 generated_lens=[2] shorter_legal_exists=False shorter_missed=False
[MULTISELECT] ctx=DISCARD min=2 max=2 generated_lens=[2] shorter_legal_exists=False shorter_missed=False
[MULTISELECT] ctx=DISCARD min=2 max=2 generated_lens=[2] shorter_legal_exists=False shorter_missed=False
[MULTISELECT] ctx=DISCARD min=2 max=2 generated_lens=[2] shorter_legal_exists=False shorter_missed=False
[MULTISELECT] ctx=DISCARD min=2 max=2 generated_lens=[2] shorter_legal_exists=False shorter_missed=False
[MULTISELECT] ctx=DISCARD min=2 max=2 generated_lens=[2] shorter_legal_exists=False shorter_missed=False
[MULTISELECT] ctx=DISCARD min=2 max=2 generated_lens=[2] shorter_legal_exists=False shorter_missed=False
[MULTISELECT] ctx=DISCARD min=2 max=2 generated_lens=[2] shorter_legal_exists=False shorter_missed=False
[MULTISELECT] ctx=DISCARD min=2 max=2 generated_lens=[2] shorter_legal_exists=False shorter_missed=False
[MULTISELECT] ctx=TO_HAND min=0 max=3 generated_lens=[3] shorter_legal_exists=True shorter_missed=True
[MULTISELECT] ctx=DISCARD min=2 max=2 generated_lens=[2] shorter_legal_exists=False shorter_missed=False
[MULTISELECT] ctx=TO_HAND min=0 max=3 generated_lens=[3] shorter_legal_exists=True shorter_missed=True
[MULTISELECT] ctx=DISCARD min=2 max=2 generated_lens=[2] shorter_legal_exists=False shorter_missed=False
[MULTISELECT] ctx=DISCARD min=2 max=2 generated_lens=[2] shorter_legal_exists=False shorter_missed=False
[MULTISELECT] ctx=DISCARD min=2 max=2 generated_lens=[2] shorter_legal_exists=False shorter_missed=False
[MULTISELECT] ctx=DISCARD min=2 max=2 generated_lens=[2] shorter_legal_exists=False shorter_missed=False
[MULTISELECT] ctx=DISCARD min=2 max=2 generated_lens=[2] shorter_legal_exists=False shorter_missed=False
[MULTISELECT] ctx=DISCARD min=2 max=2 generated_lens=[2] shorter_legal_exists=False shorter_missed=False
[MULTISELECT] ctx=DISCARD min=2 max=2 generated_lens=[2] shorter_legal_exists=False shorter_missed=False
[MULTISELECT] ctx=DISCARD min=2 max=2 generated_lens=[2] shorter_legal_exists=False shorter_missed=False
[MULTISELECT] ctx=DISCARD min=2 max=2 generated_lens=[2] shorter_legal_exists=False shorter_missed=False
[MULTISELECT] ctx=DISCARD min=2 max=2 generated_lens=[2] shorter_legal_exists=False shorter_missed=False
[MULTISELECT] ctx=DISCARD min=2 max=2 generated_lens=[2] shorter_legal_exists=False shorter_missed=False
[MULTISELECT] ctx=DISCARD min=2 max=2 generated_lens=[2] shorter_legal_exists=False shorter_missed=False
[MULTISELECT] ctx=DISCARD min=2 max=2 generated_lens=[2] shorter_legal_exists=False shorter_missed=False
[MULTISELECT] ctx=TO_HAND min=0 max=2 generated_lens=[2] shorter_legal_exists=True shorter_missed=True
[MULTISELECT] ctx=DISCARD min=2 max=2 generated_lens=[2] shorter_legal_exists=False shorter_missed=False
[MULTISELECT] ctx=TO_HAND min=0 max=2 generated_lens=[2] shorter_legal_exists=True shorter_missed=True
[MULTISELECT] ctx=TO_HAND min=0 max=2 generated_lens=[2] shorter_legal_exists=True shorter_missed=True
[TRUNC] turn=62 ctx=MAIN opts=65 kept=64 dropped_types={ATTACH:1}
[TRUNC] turn=70 ctx=MAIN opts=65 kept=64 dropped_types={ABILITY:1}
[TRUNC] turn=72 ctx=MAIN opts=66 kept=64 dropped_types={ABILITY:1,PLAY:1}
[TRUNC] turn=74 ctx=MAIN opts=67 kept=64 dropped_types={ABILITY:1,PLAY:2}
[TRUNC] turn=72 ctx=MAIN opts=65 kept=64 dropped_types={EVOLVE:1}
[TRUNC] turn=72 ctx=MAIN opts=65 kept=64 dropped_types={PLAY:1}
[TRUNC] turn=74 ctx=MAIN opts=66 kept=64 dropped_types={EVOLVE:1,PLAY:1}
[TRUNC] turn=76 ctx=MAIN opts=67 kept=64 dropped_types={EVOLVE:1,PLAY:2}
[TRUNC] turn=74 ctx=MAIN opts=68 kept=64 dropped_types={ATTACH:3,PLAY:1}
[TRUNC] turn=76 ctx=MAIN opts=69 kept=64 dropped_types={ATTACH:3,PLAY:2}
[TRUNC] turn=78 ctx=MAIN opts=69 kept=64 dropped_types={ATTACH:3,PLAY:2}
[TRUNC] turn=76 ctx=MAIN opts=70 kept=64 dropped_types={ATTACH:6}
[TRUNC] turn=78 ctx=MAIN opts=71 kept=64 dropped_types={ATTACH:6,PLAY:1}
[TRUNC] turn=80 ctx=MAIN opts=72 kept=64 dropped_types={ATTACH:6,EVOLVE:1,PLAY:1}
[TRUNC] turn=78 ctx=MAIN opts=74 kept=64 dropped_types={ATTACH:9,PLAY:1}
[MULTISELECT] ctx=DISCARD min=2 max=2 generated_lens=[2] shorter_legal_exists=False shorter_missed=False
[TRUNC] turn=80 ctx=MAIN opts=75 kept=64 dropped_types={ATTACH:9,PLAY:2}
[TRUNC] turn=80 ctx=MAIN opts=80 kept=64 dropped_types={ABILITY:1,ATTACH:15}
[TRUNC] turn=80 ctx=MAIN opts=77 kept=64 dropped_types={ATTACH:12,PLAY:1}
[TRUNC] turn=80 ctx=MAIN opts=76 kept=64 dropped_types={ATTACH:12}
[TRUNC] turn=82 ctx=MAIN opts=77 kept=64 dropped_types={ATTACH:12,PLAY:1}
[TRUNC] turn=84 ctx=MAIN opts=78 kept=64 dropped_types={ATTACH:12,PLAY:2}
[TRUNC] turn=82 ctx=MAIN opts=80 kept=64 dropped_types={ATTACH:15,PLAY:1}
[TRUNC] turn=82 ctx=MAIN opts=80 kept=64 dropped_types={ATTACH:15,PLAY:1}
[TRUNC] turn=84 ctx=MAIN opts=81 kept=64 dropped_types={ATTACH:15,PLAY:2}
[TRUNC] turn=84 ctx=MAIN opts=83 kept=64 dropped_types={ATTACH:18,PLAY:1}
=== DIAG_DUMP_BEGIN ===
DIAG_GAMES=1
TRUNC_TOTAL_NODES=939
TRUNC_FIRED=27
TRUNC_FIRE_RATE=2.88%
TRUNC_OPTCOUNT_HIST=1-8:458|9-16:146|17-32:202|33-64:106|65-128:27|129-256:0|257+:0
TRUNC_FIRE_RATE_BY_TURN=1-2:0.00%(0/81)|3-5:0.00%(0/30)|6+:3.26%(27/828)
TRUNC_DROPPED_BY_TYPE=ABILITY:4,ATTACH:178,EVOLVE:4,PLAY:28
TRUNC_DROPPED_CRITICAL=0
TRUNC_DROPPED_CRITICAL_STATUS=PASS
MULTISELECT_FIXED_LEN=min=0,max=2:nodes=8,shorter_legal=8,shorter_generated=0,shorter_missed=8|min=0,max=3:nodes=7,shorter_legal=7,shorter_generated=0,shorter_missed=7|min=2,max=2:nodes=43,shorter_legal=0,shorter_generated=0,shorter_missed=0
MULTISELECT_SHORTER_MISSED=15
MULTISELECT_CTX_HIST=DISCARD:43,SETUP_BENCH_POKEMON:5,TO_HAND:10
GAME_LENGTH_HIST=1-15:0|16-25:0|26-40:0|41-60:0|61+:1
WIN_BY_CAUSE=DECK_OUT:W=1,L=1,D=0
TURN_NODE_DIST=1-2:8.63%(81/939)|3-5:3.19%(30/939)|6+:88.18%(828/939)
SEARCH_MAX_DEPTH=5
SEARCH_MEAN_DEPTH=1.6139
PRIZE_REWARD_REACHED=0.00%(0/158)
STALL_DRAW_PASS_TURNS=69
STALL_SHUFFLE_WITH_RESOURCES=5
MISSED_ATTACH=65
SHAPING_BREAKDOWN=BOARD_DECK_DIFF:0.033237|DAMAGE_PRESSURE:0.000341|DISRUPTION:0.000351|ENERGY_DENIAL:0.000106|ITEM_LOCK_PENALTY:0.000000|KO_BONUS:0.000000|PARALYSIS:0.000000|PRIZE_DIFF:-0.000479|SLEEP:0.000000
=== DIAG_DUMP_END ===
[MULTISELECT] ctx=DISCARD min=2 max=2 generated_lens=[2] shorter_legal_exists=False shorter_missed=False
[MULTISELECT] ctx=DISCARD min=2 max=2 generated_lens=[2] shorter_legal_exists=False shorter_missed=False
[MULTISELECT] ctx=SETUP_BENCH_POKEMON min=0 max=2 generated_lens=[2] shorter_legal_exists=True shorter_missed=True
[MULTISELECT] ctx=DISCARD min=3 max=3 generated_lens=[3] shorter_legal_exists=False shorter_missed=False
[MULTISELECT] ctx=DISCARD min=2 max=2 generated_lens=[2] shorter_legal_exists=False shorter_missed=False
[MULTISELECT] ctx=DISCARD min=2 max=2 generated_lens=[2] shorter_legal_exists=False shorter_missed=False
[MULTISELECT] ctx=TO_HAND min=0 max=3 generated_lens=[3] shorter_legal_exists=True shorter_missed=True
[MULTISELECT] ctx=TO_HAND min=0 max=3 generated_lens=[3] shorter_legal_exists=True shorter_missed=True
[MULTISELECT] ctx=DISCARD min=2 max=2 generated_lens=[2] shorter_legal_exists=False shorter_missed=False
[MULTISELECT] ctx=TO_HAND min=0 max=3 generated_lens=[3] shorter_legal_exists=True shorter_missed=True
[MULTISELECT] ctx=DISCARD min=2 max=2 generated_lens=[2] shorter_legal_exists=False shorter_missed=False
[MULTISELECT] ctx=DISCARD min=2 max=2 generated_lens=[2] shorter_legal_exists=False shorter_missed=False
[MULTISELECT] ctx=TO_HAND min=0 max=3 generated_lens=[3] shorter_legal_exists=True shorter_missed=True
[MULTISELECT] ctx=DISCARD min=2 max=2 generated_lens=[2] shorter_legal_exists=False shorter_missed=False
[MULTISELECT] ctx=DISCARD min=2 max=2 generated_lens=[2] shorter_legal_exists=False shorter_missed=False
[MULTISELECT] ctx=DISCARD min=2 max=2 generated_lens=[2] shorter_legal_exists=False shorter_missed=False
[MULTISELECT] ctx=DISCARD min=2 max=2 generated_lens=[2] shorter_legal_exists=False shorter_missed=False
[MULTISELECT] ctx=DISCARD min=2 max=2 generated_lens=[2] shorter_legal_exists=False shorter_missed=False
[MULTISELECT] ctx=DISCARD min=2 max=2 generated_lens=[2] shorter_legal_exists=False shorter_missed=False
[MULTISELECT] ctx=DISCARD min=2 max=2 generated_lens=[2] shorter_legal_exists=False shorter_missed=False
[MULTISELECT] ctx=DISCARD min=2 max=2 generated_lens=[2] shorter_legal_exists=False shorter_missed=False
[MULTISELECT] ctx=DISCARD min=2 max=2 generated_lens=[2] shorter_legal_exists=False shorter_missed=False
[MULTISELECT] ctx=DISCARD min=2 max=2 generated_lens=[2] shorter_legal_exists=False shorter_missed=False
[MULTISELECT] ctx=DISCARD min=2 max=2 generated_lens=[2] shorter_legal_exists=False shorter_missed=False
[MULTISELECT] ctx=TO_HAND min=0 max=3 generated_lens=[3] shorter_legal_exists=True shorter_missed=True
[MULTISELECT] ctx=TO_HAND min=0 max=3 generated_lens=[3] shorter_legal_exists=True shorter_missed=True
[MULTISELECT] ctx=TO_HAND min=0 max=3 generated_lens=[3] shorter_legal_exists=True shorter_missed=True
[MULTISELECT] ctx=DISCARD min=2 max=2 generated_lens=[2] shorter_legal_exists=False shorter_missed=False
[MULTISELECT] ctx=DISCARD min=2 max=2 generated_lens=[2] shorter_legal_exists=False shorter_missed=False
[MULTISELECT] ctx=DISCARD min=2 max=2 generated_lens=[2] shorter_legal_exists=False shorter_missed=False
[TRUNC] turn=56 ctx=MAIN opts=65 kept=64 dropped_types={PLAY:1}
[TRUNC] turn=59 ctx=MAIN opts=65 kept=64 dropped_types={PLAY:1}
[TRUNC] turn=59 ctx=MAIN opts=65 kept=64 dropped_types={PLAY:1}
[TRUNC] turn=59 ctx=MAIN opts=65 kept=64 dropped_types={PLAY:1}
[TRUNC] turn=61 ctx=MAIN opts=66 kept=64 dropped_types={PLAY:2}
[TRUNC] turn=61 ctx=MAIN opts=65 kept=64 dropped_types={PLAY:1}
[TRUNC] turn=63 ctx=MAIN opts=66 kept=64 dropped_types={PLAY:2}
[TRUNC] turn=63 ctx=MAIN opts=68 kept=64 dropped_types={ATTACH:3,PLAY:1}
[TRUNC] turn=63 ctx=MAIN opts=68 kept=64 dropped_types={ATTACH:3,PLAY:1}
[TRUNC] turn=63 ctx=MAIN opts=70 kept=64 dropped_types={ATTACH:6}
[TRUNC] turn=63 ctx=MAIN opts=70 kept=64 dropped_types={ATTACH:6}
[TRUNC] turn=63 ctx=MAIN opts=69 kept=64 dropped_types={ATTACH:3,EVOLVE:2}
[TRUNC] turn=63 ctx=MAIN opts=69 kept=64 dropped_types={ATTACH:3,EVOLVE:2}
[TRUNC] turn=63 ctx=MAIN opts=67 kept=64 dropped_types={ATTACH:3}
[TRUNC] turn=65 ctx=MAIN opts=70 kept=64 dropped_types={ATTACH:6}
[MULTISELECT] ctx=DISCARD min=2 max=2 generated_lens=[2] shorter_legal_exists=False shorter_missed=False
[MULTISELECT] ctx=DISCARD min=2 max=2 generated_lens=[2] shorter_legal_exists=False shorter_missed=False
[MULTISELECT] ctx=DISCARD min=2 max=2 generated_lens=[2] shorter_legal_exists=False shorter_missed=False
[MULTISELECT] ctx=TO_HAND min=0 max=2 generated_lens=[2] shorter_legal_exists=True shorter_missed=True
[MULTISELECT] ctx=TO_HAND min=0 max=2 generated_lens=[2] shorter_legal_exists=True shorter_missed=True
[MULTISELECT] ctx=TO_HAND min=0 max=2 generated_lens=[2] shorter_legal_exists=True shorter_missed=True
[MULTISELECT] ctx=TO_HAND min=0 max=2 generated_lens=[2] shorter_legal_exists=True shorter_missed=True
[MULTISELECT] ctx=TO_HAND min=0 max=2 generated_lens=[2] shorter_legal_exists=True shorter_missed=True
[MULTISELECT] ctx=TO_HAND min=0 max=2 generated_lens=[2] shorter_legal_exists=True shorter_missed=True
[TRUNC] turn=91 ctx=MAIN opts=65 kept=64 dropped_types={ATTACH:1}
[TRUNC] turn=91 ctx=MAIN opts=65 kept=64 dropped_types={PLAY:1}
[TRUNC] turn=93 ctx=MAIN opts=66 kept=64 dropped_types={PLAY:2}
[TRUNC] turn=93 ctx=MAIN opts=70 kept=64 dropped_types={ATTACH:6}
[TRUNC] turn=95 ctx=MAIN opts=71 kept=64 dropped_types={ATTACH:6,PLAY:1}
[TRUNC] turn=95 ctx=MAIN opts=71 kept=64 dropped_types={ATTACH:6,PLAY:1}
[TRUNC] turn=95 ctx=MAIN opts=71 kept=64 dropped_types={ATTACH:6,PLAY:1}
[TRUNC] turn=95 ctx=MAIN opts=71 kept=64 dropped_types={ATTACH:6,PLAY:1}
[TRUNC] turn=95 ctx=MAIN opts=71 kept=64 dropped_types={ATTACH:6,PLAY:1}
[TRUNC] turn=95 ctx=MAIN opts=73 kept=64 dropped_types={ATTACH:9}
[TRUNC] turn=95 ctx=MAIN opts=73 kept=64 dropped_types={ATTACH:9}
[TRUNC] turn=95 ctx=MAIN opts=71 kept=64 dropped_types={ATTACH:6,PLAY:1}
[TRUNC] turn=95 ctx=MAIN opts=71 kept=64 dropped_types={ATTACH:6,PLAY:1}
[TRUNC] turn=97 ctx=MAIN opts=72 kept=64 dropped_types={ATTACH:6,PLAY:2}
[TRUNC] turn=96 ctx=MAIN opts=70 kept=64 dropped_types={ATTACH:5,PLAY:1}
[TRUNC] turn=97 ctx=MAIN opts=74 kept=64 dropped_types={ATTACH:9,PLAY:1}
[TRUNC] turn=97 ctx=MAIN opts=74 kept=64 dropped_types={ATTACH:9,PLAY:1}
[TRUNC] turn=99 ctx=MAIN opts=75 kept=64 dropped_types={ATTACH:9,PLAY:2}
[TRUNC] turn=98 ctx=MAIN opts=74 kept=64 dropped_types={ATTACH:9,PLAY:1}
[TRUNC] turn=99 ctx=MAIN opts=77 kept=64 dropped_types={ATTACH:12,PLAY:1}
[TRUNC] turn=99 ctx=MAIN opts=77 kept=64 dropped_types={ATTACH:12,PLAY:1}
[TRUNC] turn=101 ctx=MAIN opts=78 kept=64 dropped_types={ATTACH:12,PLAY:2}
[TRUNC] turn=100 ctx=MAIN opts=78 kept=64 dropped_types={ATTACH:13,PLAY:1}
[TRUNC] turn=101 ctx=MAIN opts=79 kept=64 dropped_types={ATTACH:15}
[TRUNC] turn=101 ctx=MAIN opts=79 kept=64 dropped_types={ATTACH:15}
[TRUNC] turn=103 ctx=MAIN opts=81 kept=64 dropped_types={ATTACH:15,EVOLVE:2}
[TRUNC] turn=102 ctx=MAIN opts=82 kept=64 dropped_types={ATTACH:17,PLAY:1}
[TRUNC] turn=103 ctx=MAIN opts=83 kept=64 dropped_types={ATTACH:18,PLAY:1}
[TRUNC] turn=102 ctx=MAIN opts=68 kept=64 dropped_types={ATTACH:3,PLAY:1}
[TRUNC] turn=103 ctx=MAIN opts=83 kept=64 dropped_types={ATTACH:18,PLAY:1}
[TRUNC] turn=103 ctx=MAIN opts=85 kept=64 dropped_types={ATTACH:21}
[TRUNC] turn=103 ctx=MAIN opts=85 kept=64 dropped_types={ATTACH:21}
[TRUNC] turn=104 ctx=MAIN opts=82 kept=64 dropped_types={ATTACH:17,PLAY:1}
[TRUNC] turn=105 ctx=MAIN opts=86 kept=64 dropped_types={ATTACH:21,PLAY:1}
[TRUNC] turn=104 ctx=MAIN opts=68 kept=64 dropped_types={ATTACH:4}
[TRUNC] turn=105 ctx=MAIN opts=86 kept=64 dropped_types={ATTACH:21,PLAY:1}
[TRUNC] turn=104 ctx=MAIN opts=68 kept=64 dropped_types={ATTACH:4}
[TRUNC] turn=105 ctx=MAIN opts=86 kept=64 dropped_types={ATTACH:21,PLAY:1}
[TRUNC] turn=105 ctx=MAIN opts=86 kept=64 dropped_types={ATTACH:21,PLAY:1}
[TRUNC] turn=105 ctx=MAIN opts=88 kept=64 dropped_types={ATTACH:24}
[TRUNC] turn=105 ctx=MAIN opts=88 kept=64 dropped_types={ATTACH:24}
[TRUNC] turn=105 ctx=MAIN opts=86 kept=64 dropped_types={ATTACH:21,PLAY:1}
=== DIAG_DUMP_BEGIN ===
DIAG_GAMES=1
TRUNC_TOTAL_NODES=1077
TRUNC_FIRED=57
TRUNC_FIRE_RATE=5.29%
TRUNC_OPTCOUNT_HIST=1-8:303|9-16:159|17-32:273|33-64:285|65-128:57|129-256:0|257+:0
TRUNC_FIRE_RATE_BY_TURN=1-2:0.00%(0/71)|3-5:0.00%(0/45)|6+:5.93%(57/961)
TRUNC_DROPPED_BY_TYPE=ATTACH:517,EVOLVE:6,PLAY:44
TRUNC_DROPPED_CRITICAL=0
TRUNC_DROPPED_CRITICAL_STATUS=PASS
MULTISELECT_FIXED_LEN=min=0,max=2:nodes=7,shorter_legal=7,shorter_generated=0,shorter_missed=7|min=0,max=3:nodes=7,shorter_legal=7,shorter_generated=0,shorter_missed=7|min=2,max=2:nodes=24,shorter_legal=0,shorter_generated=0,shorter_missed=0|min=3,max=3:nodes=1,shorter_legal=0,shorter_generated=0,shorter_missed=0
MULTISELECT_SHORTER_MISSED=14
MULTISELECT_CTX_HIST=DISCARD:25,SETUP_BENCH_POKEMON:1,TO_HAND:13
GAME_LENGTH_HIST=1-15:0|16-25:0|26-40:0|41-60:0|61+:1
WIN_BY_CAUSE=DECK_OUT:W=1,L=1,D=0
TURN_NODE_DIST=1-2:6.59%(71/1077)|3-5:4.18%(45/1077)|6+:89.23%(961/1077)
SEARCH_MAX_DEPTH=5
SEARCH_MEAN_DEPTH=1.9293
PRIZE_REWARD_REACHED=0.00%(0/181)
STALL_DRAW_PASS_TURNS=79
STALL_SHUFFLE_WITH_RESOURCES=7
MISSED_ATTACH=102
SHAPING_BREAKDOWN=BOARD_DECK_DIFF:0.010539|DAMAGE_PRESSURE:0.000000|DISRUPTION:0.000251|ENERGY_DENIAL:0.000186|ITEM_LOCK_PENALTY:-0.000019|KO_BONUS:0.000000|PARALYSIS:0.000000|PRIZE_DIFF:-0.000418|SLEEP:0.000000
=== DIAG_DUMP_END ===
[MULTISELECT] ctx=SETUP_BENCH_POKEMON min=0 max=2 generated_lens=[2] shorter_legal_exists=True shorter_missed=True
[MULTISELECT] ctx=DISCARD min=2 max=2 generated_lens=[2] shorter_legal_exists=False shorter_missed=False
[MULTISELECT] ctx=DISCARD min=2 max=2 generated_lens=[2] shorter_legal_exists=False shorter_missed=False
[MULTISELECT] ctx=DISCARD min=2 max=2 generated_lens=[2] shorter_legal_exists=False shorter_missed=False
[MULTISELECT] ctx=DISCARD min=2 max=2 generated_lens=[2] shorter_legal_exists=False shorter_missed=False
[MULTISELECT] ctx=DISCARD min=2 max=2 generated_lens=[2] shorter_legal_exists=False shorter_missed=False
[MULTISELECT] ctx=DISCARD min=2 max=2 generated_lens=[2] shorter_legal_exists=False shorter_missed=False
[MULTISELECT] ctx=DISCARD min=2 max=2 generated_lens=[2] shorter_legal_exists=False shorter_missed=False
[MULTISELECT] ctx=DISCARD min=2 max=2 generated_lens=[2] shorter_legal_exists=False shorter_missed=False
[MULTISELECT] ctx=DISCARD min=2 max=2 generated_lens=[2] shorter_legal_exists=False shorter_missed=False
[MULTISELECT] ctx=DISCARD min=2 max=2 generated_lens=[2] shorter_legal_exists=False shorter_missed=False
[MULTISELECT] ctx=DISCARD min=2 max=2 generated_lens=[2] shorter_legal_exists=False shorter_missed=False
[MULTISELECT] ctx=DISCARD min=2 max=2 generated_lens=[2] shorter_legal_exists=False shorter_missed=False
[MULTISELECT] ctx=DISCARD min=2 max=2 generated_lens=[2] shorter_legal_exists=False shorter_missed=False
[MULTISELECT] ctx=DISCARD min=2 max=2 generated_lens=[2] shorter_legal_exists=False shorter_missed=False
[MULTISELECT] ctx=DISCARD min=2 max=2 generated_lens=[2] shorter_legal_exists=False shorter_missed=False
[MULTISELECT] ctx=DISCARD min=2 max=2 generated_lens=[2] shorter_legal_exists=False shorter_missed=False
[MULTISELECT] ctx=DISCARD min=2 max=2 generated_lens=[2] shorter_legal_exists=False shorter_missed=False
[MULTISELECT] ctx=DISCARD min=2 max=2 generated_lens=[2] shorter_legal_exists=False shorter_missed=False
[MULTISELECT] ctx=DISCARD min=2 max=2 generated_lens=[2] shorter_legal_exists=False shorter_missed=False
[MULTISELECT] ctx=DISCARD min=2 max=2 generated_lens=[2] shorter_legal_exists=False shorter_missed=False
[MULTISELECT] ctx=DISCARD min=2 max=2 generated_lens=[2] shorter_legal_exists=False shorter_missed=False
[MULTISELECT] ctx=DISCARD min=2 max=2 generated_lens=[2] shorter_legal_exists=False shorter_missed=False
[MULTISELECT] ctx=DISCARD min=2 max=2 generated_lens=[2] shorter_legal_exists=False shorter_missed=False
[MULTISELECT] ctx=DISCARD min=2 max=2 generated_lens=[2] shorter_legal_exists=False shorter_missed=False
[MULTISELECT] ctx=DISCARD min=2 max=2 generated_lens=[2] shorter_legal_exists=False shorter_missed=False
[MULTISELECT] ctx=DISCARD min=2 max=2 generated_lens=[2] shorter_legal_exists=False shorter_missed=False
[MULTISELECT] ctx=DISCARD min=2 max=2 generated_lens=[2] shorter_legal_exists=False shorter_missed=False
[MULTISELECT] ctx=DISCARD min=2 max=2 generated_lens=[2] shorter_legal_exists=False shorter_missed=False
[MULTISELECT] ctx=DISCARD min=2 max=2 generated_lens=[2] shorter_legal_exists=False shorter_missed=False
[MULTISELECT] ctx=DISCARD min=2 max=2 generated_lens=[2] shorter_legal_exists=False shorter_missed=False
[MULTISELECT] ctx=DISCARD min=2 max=2 generated_lens=[2] shorter_legal_exists=False shorter_missed=False
[MULTISELECT] ctx=DISCARD min=2 max=2 generated_lens=[2] shorter_legal_exists=False shorter_missed=False
[MULTISELECT] ctx=DISCARD min=2 max=2 generated_lens=[2] shorter_legal_exists=False shorter_missed=False
[MULTISELECT] ctx=DISCARD min=2 max=2 generated_lens=[2] shorter_legal_exists=False shorter_missed=False
[MULTISELECT] ctx=DISCARD min=2 max=2 generated_lens=[2] shorter_legal_exists=False shorter_missed=False
[MULTISELECT] ctx=DISCARD min=2 max=2 generated_lens=[2] shorter_legal_exists=False shorter_missed=False
[MULTISELECT] ctx=DISCARD min=2 max=2 generated_lens=[2] shorter_legal_exists=False shorter_missed=False
[MULTISELECT] ctx=DISCARD min=2 max=2 generated_lens=[2] shorter_legal_exists=False shorter_missed=False
[MULTISELECT] ctx=DISCARD min=2 max=2 generated_lens=[2] shorter_legal_exists=False shorter_missed=False
[MULTISELECT] ctx=DISCARD min=2 max=2 generated_lens=[2] shorter_legal_exists=False shorter_missed=False
[MULTISELECT] ctx=DISCARD min=2 max=2 generated_lens=[2] shorter_legal_exists=False shorter_missed=False
[MULTISELECT] ctx=DISCARD min=2 max=2 generated_lens=[2] shorter_legal_exists=False shorter_missed=False
[MULTISELECT] ctx=DISCARD min=2 max=2 generated_lens=[2] shorter_legal_exists=False shorter_missed=False
[MULTISELECT] ctx=DISCARD min=2 max=2 generated_lens=[2] shorter_legal_exists=False shorter_missed=False
[MULTISELECT] ctx=TO_HAND min=0 max=3 generated_lens=[3] shorter_legal_exists=True shorter_missed=True
[MULTISELECT] ctx=DISCARD min=2 max=2 generated_lens=[2] shorter_legal_exists=False shorter_missed=False
[MULTISELECT] ctx=TO_HAND min=0 max=3 generated_lens=[3] shorter_legal_exists=True shorter_missed=True
[MULTISELECT] ctx=DISCARD min=2 max=2 generated_lens=[2] shorter_legal_exists=False shorter_missed=False
[MULTISELECT] ctx=TO_HAND min=0 max=3 generated_lens=[3] shorter_legal_exists=True shorter_missed=True
[MULTISELECT] ctx=DISCARD min=2 max=2 generated_lens=[2] shorter_legal_exists=False shorter_missed=False
[MULTISELECT] ctx=TO_HAND min=0 max=3 generated_lens=[3] shorter_legal_exists=True shorter_missed=True
[MULTISELECT] ctx=DISCARD min=2 max=2 generated_lens=[2] shorter_legal_exists=False shorter_missed=False
[MULTISELECT] ctx=TO_HAND min=0 max=3 generated_lens=[3] shorter_legal_exists=True shorter_missed=True
[MULTISELECT] ctx=DISCARD min=2 max=2 generated_lens=[2] shorter_legal_exists=False shorter_missed=False
[MULTISELECT] ctx=DISCARD min=2 max=2 generated_lens=[2] shorter_legal_exists=False shorter_missed=False
[MULTISELECT] ctx=DISCARD min=2 max=2 generated_lens=[2] shorter_legal_exists=False shorter_missed=False
[MULTISELECT] ctx=TO_HAND min=0 max=3 generated_lens=[3] shorter_legal_exists=True shorter_missed=True
[MULTISELECT] ctx=DISCARD min=2 max=2 generated_lens=[2] shorter_legal_exists=False shorter_missed=False
[MULTISELECT] ctx=TO_HAND min=0 max=3 generated_lens=[3] shorter_legal_exists=True shorter_missed=True
[MULTISELECT] ctx=DISCARD min=2 max=2 generated_lens=[2] shorter_legal_exists=False shorter_missed=False
[MULTISELECT] ctx=DISCARD min=2 max=2 generated_lens=[2] shorter_legal_exists=False shorter_missed=False
[MULTISELECT] ctx=TO_HAND min=0 max=3 generated_lens=[3] shorter_legal_exists=True shorter_missed=True
[MULTISELECT] ctx=DISCARD min=2 max=2 generated_lens=[2] shorter_legal_exists=False shorter_missed=False
[MULTISELECT] ctx=TO_HAND min=0 max=3 generated_lens=[3] shorter_legal_exists=True shorter_missed=True
[MULTISELECT] ctx=DISCARD min=2 max=2 generated_lens=[2] shorter_legal_exists=False shorter_missed=False
[MULTISELECT] ctx=DISCARD min=2 max=2 generated_lens=[2] shorter_legal_exists=False shorter_missed=False
[MULTISELECT] ctx=DISCARD min=2 max=2 generated_lens=[2] shorter_legal_exists=False shorter_missed=False
[MULTISELECT] ctx=DISCARD min=2 max=2 generated_lens=[2] shorter_legal_exists=False shorter_missed=False
[MULTISELECT] ctx=DISCARD min=2 max=2 generated_lens=[2] shorter_legal_exists=False shorter_missed=False
[MULTISELECT] ctx=DISCARD min=2 max=2 generated_lens=[2] shorter_legal_exists=False shorter_missed=False
[TRUNC] turn=48 ctx=MAIN opts=68 kept=64 dropped_types={ATTACH:3,PLAY:1}
[MULTISELECT] ctx=DISCARD min=2 max=2 generated_lens=[2] shorter_legal_exists=False shorter_missed=False
[MULTISELECT] ctx=DISCARD min=2 max=2 generated_lens=[2] shorter_legal_exists=False shorter_missed=False
[MULTISELECT] ctx=TO_HAND min=0 max=3 generated_lens=[3] shorter_legal_exists=True shorter_missed=True
[MULTISELECT] ctx=TO_HAND min=0 max=3 generated_lens=[3] shorter_legal_exists=True shorter_missed=True
[MULTISELECT] ctx=TO_HAND min=0 max=3 generated_lens=[3] shorter_legal_exists=True shorter_missed=True
[MULTISELECT] ctx=TO_HAND min=0 max=3 generated_lens=[3] shorter_legal_exists=True shorter_missed=True
[MULTISELECT] ctx=TO_HAND min=0 max=3 generated_lens=[3] shorter_legal_exists=True shorter_missed=True
[MULTISELECT] ctx=TO_HAND min=0 max=3 generated_lens=[3] shorter_legal_exists=True shorter_missed=True
[MULTISELECT] ctx=TO_HAND min=0 max=3 generated_lens=[3] shorter_legal_exists=True shorter_missed=True
[MULTISELECT] ctx=TO_HAND min=0 max=3 generated_lens=[3] shorter_legal_exists=True shorter_missed=True
[TRUNC] turn=58 ctx=MAIN opts=67 kept=64 dropped_types={ATTACH:3}
[TRUNC] turn=60 ctx=MAIN opts=73 kept=64 dropped_types={ATTACH:9}
[TRUNC] turn=62 ctx=MAIN opts=73 kept=64 dropped_types={ATTACH:9}
[TRUNC] turn=64 ctx=MAIN opts=79 kept=64 dropped_types={ATTACH:15}
[TRUNC] turn=66 ctx=MAIN opts=85 kept=64 dropped_types={ATTACH:21}
[TRUNC] turn=68 ctx=MAIN opts=91 kept=64 dropped_types={ATTACH:27}
[TRUNC] turn=70 ctx=MAIN opts=97 kept=64 dropped_types={ATTACH:33}
[TRUNC] turn=72 ctx=MAIN opts=103 kept=64 dropped_types={ATTACH:39}
[TRUNC] turn=74 ctx=MAIN opts=109 kept=64 dropped_types={ATTACH:45}
[TRUNC] turn=76 ctx=MAIN opts=115 kept=64 dropped_types={ATTACH:51}
[TRUNC] turn=78 ctx=MAIN opts=121 kept=64 dropped_types={ATTACH:57}
[TRUNC] turn=80 ctx=MAIN opts=127 kept=64 dropped_types={ATTACH:63}
[MULTISELECT] ctx=DISCARD min=2 max=2 generated_lens=[2] shorter_legal_exists=False shorter_missed=False
[MULTISELECT] ctx=DISCARD min=2 max=2 generated_lens=[2] shorter_legal_exists=False shorter_missed=False
[TRUNC] turn=82 ctx=MAIN opts=121 kept=64 dropped_types={ATTACH:57}
[TRUNC] turn=84 ctx=MAIN opts=127 kept=64 dropped_types={ATTACH:63}
[TRUNC] turn=87 ctx=MAIN opts=66 kept=64 dropped_types={ATTACH:2}
[TRUNC] turn=86 ctx=MAIN opts=133 kept=64 dropped_types={ATTACH:69}
[TRUNC] turn=87 ctx=MAIN opts=66 kept=64 dropped_types={ATTACH:1,EVOLVE:1}
[MULTISELECT] ctx=DISCARD min=2 max=2 generated_lens=[2] shorter_legal_exists=False shorter_missed=False
[TRUNC] turn=87 ctx=MAIN opts=66 kept=64 dropped_types={ATTACH:1,EVOLVE:1}
[TRUNC] turn=87 ctx=MAIN opts=66 kept=64 dropped_types={ATTACH:1,PLAY:1}
[TRUNC] turn=87 ctx=MAIN opts=66 kept=64 dropped_types={ATTACH:1,PLAY:1}
[TRUNC] turn=87 ctx=MAIN opts=66 kept=64 dropped_types={ATTACH:1,PLAY:1}
[TRUNC] turn=87 ctx=MAIN opts=66 kept=64 dropped_types={ATTACH:1,PLAY:1}
[TRUNC] turn=89 ctx=MAIN opts=68 kept=64 dropped_types={ATTACH:3,PLAY:1}
[TRUNC] turn=89 ctx=MAIN opts=68 kept=64 dropped_types={ATTACH:3,PLAY:1}
[TRUNC] turn=89 ctx=MAIN opts=68 kept=64 dropped_types={ATTACH:3,PLAY:1}
[TRUNC] turn=89 ctx=MAIN opts=68 kept=64 dropped_types={ATTACH:3,PLAY:1}
[TRUNC] turn=89 ctx=MAIN opts=68 kept=64 dropped_types={ATTACH:3,PLAY:1}
[TRUNC] turn=91 ctx=MAIN opts=70 kept=64 dropped_types={ATTACH:5,PLAY:1}
[TRUNC] turn=91 ctx=MAIN opts=70 kept=64 dropped_types={ATTACH:5,PLAY:1}
[TRUNC] turn=91 ctx=MAIN opts=70 kept=64 dropped_types={ATTACH:5,PLAY:1}
[TRUNC] turn=91 ctx=MAIN opts=70 kept=64 dropped_types={ATTACH:5,PLAY:1}
[TRUNC] turn=91 ctx=MAIN opts=70 kept=64 dropped_types={ATTACH:5,PLAY:1}
[TRUNC] turn=93 ctx=MAIN opts=72 kept=64 dropped_types={ATTACH:7,PLAY:1}
[TRUNC] turn=93 ctx=MAIN opts=72 kept=64 dropped_types={ATTACH:7,PLAY:1}
[TRUNC] turn=95 ctx=MAIN opts=73 kept=64 dropped_types={ATTACH:7,PLAY:2}
[TRUNC] turn=95 ctx=MAIN opts=74 kept=64 dropped_types={ATTACH:9,PLAY:1}
[TRUNC] turn=95 ctx=MAIN opts=74 kept=64 dropped_types={ATTACH:9,PLAY:1}
[TRUNC] turn=97 ctx=MAIN opts=76 kept=64 dropped_types={ATTACH:11,PLAY:1}
[TRUNC] turn=97 ctx=MAIN opts=76 kept=64 dropped_types={ATTACH:11,PLAY:1}
[TRUNC] turn=98 ctx=MAIN opts=67 kept=64 dropped_types={ATTACH:3}
[TRUNC] turn=99 ctx=MAIN opts=78 kept=64 dropped_types={ATTACH:13,PLAY:1}
[TRUNC] turn=99 ctx=MAIN opts=78 kept=64 dropped_types={ATTACH:13,PLAY:1}
[TRUNC] turn=100 ctx=MAIN opts=73 kept=64 dropped_types={ATTACH:9}
[TRUNC] turn=101 ctx=MAIN opts=80 kept=64 dropped_types={ATTACH:15,PLAY:1}
[TRUNC] turn=101 ctx=MAIN opts=80 kept=64 dropped_types={ATTACH:15,PLAY:1}
[TRUNC] turn=102 ctx=MAIN opts=79 kept=64 dropped_types={ATTACH:15}
[TRUNC] turn=103 ctx=MAIN opts=82 kept=64 dropped_types={ATTACH:17,PLAY:1}
[TRUNC] turn=103 ctx=MAIN opts=82 kept=64 dropped_types={ATTACH:17,PLAY:1}
[TRUNC] turn=104 ctx=MAIN opts=85 kept=64 dropped_types={ATTACH:21}
[TRUNC] turn=105 ctx=MAIN opts=84 kept=64 dropped_types={ATTACH:19,PLAY:1}
[TRUNC] turn=105 ctx=MAIN opts=84 kept=64 dropped_types={ATTACH:19,PLAY:1}
[TRUNC] turn=106 ctx=MAIN opts=91 kept=64 dropped_types={ATTACH:27}
[TRUNC] turn=107 ctx=MAIN opts=86 kept=64 dropped_types={ATTACH:21,PLAY:1}
[TRUNC] turn=107 ctx=MAIN opts=86 kept=64 dropped_types={ATTACH:21,PLAY:1}
[TRUNC] turn=107 ctx=MAIN opts=86 kept=64 dropped_types={ATTACH:21,PLAY:1}
[TRUNC] turn=107 ctx=MAIN opts=86 kept=64 dropped_types={ATTACH:21,PLAY:1}
[TRUNC] turn=107 ctx=MAIN opts=86 kept=64 dropped_types={ATTACH:21,PLAY:1}
[TRUNC] turn=107 ctx=MAIN opts=86 kept=64 dropped_types={ATTACH:21,PLAY:1}
[TRUNC] turn=107 ctx=MAIN opts=86 kept=64 dropped_types={ATTACH:21,PLAY:1}
[TRUNC] turn=107 ctx=MAIN opts=86 kept=64 dropped_types={ATTACH:21,PLAY:1}
[TRUNC] turn=107 ctx=MAIN opts=86 kept=64 dropped_types={ATTACH:21,PLAY:1}
[TRUNC] turn=107 ctx=MAIN opts=86 kept=64 dropped_types={ATTACH:21,PLAY:1}
[TRUNC] turn=107 ctx=MAIN opts=86 kept=64 dropped_types={ATTACH:21,PLAY:1}
[TRUNC] turn=107 ctx=MAIN opts=86 kept=64 dropped_types={ATTACH:21,PLAY:1}
[TRUNC] turn=107 ctx=MAIN opts=86 kept=64 dropped_types={ATTACH:21,PLAY:1}
[TRUNC] turn=107 ctx=MAIN opts=86 kept=64 dropped_types={ATTACH:21,PLAY:1}
[TRUNC] turn=107 ctx=MAIN opts=86 kept=64 dropped_types={ATTACH:21,PLAY:1}
[MULTISELECT] ctx=TO_HAND min=0 max=2 generated_lens=[2] shorter_legal_exists=True shorter_missed=True
[TRUNC] turn=107 ctx=MAIN opts=86 kept=64 dropped_types={ATTACH:21,PLAY:1}
[TRUNC] turn=107 ctx=MAIN opts=86 kept=64 dropped_types={ATTACH:21,PLAY:1}
[TRUNC] turn=107 ctx=MAIN opts=86 kept=64 dropped_types={ATTACH:21,PLAY:1}
[MULTISELECT] ctx=TO_HAND min=0 max=2 generated_lens=[2] shorter_legal_exists=True shorter_missed=True
[TRUNC] turn=107 ctx=MAIN opts=86 kept=64 dropped_types={ATTACH:21,PLAY:1}
[MULTISELECT] ctx=TO_HAND min=0 max=2 generated_lens=[2] shorter_legal_exists=True shorter_missed=True
[TRUNC] turn=107 ctx=MAIN opts=86 kept=64 dropped_types={ATTACH:21,PLAY:1}
[TRUNC] turn=107 ctx=MAIN opts=86 kept=64 dropped_types={ATTACH:21,PLAY:1}
[TRUNC] turn=107 ctx=MAIN opts=86 kept=64 dropped_types={ATTACH:21,PLAY:1}
[TRUNC] turn=107 ctx=MAIN opts=86 kept=64 dropped_types={ATTACH:21,PLAY:1}
[TRUNC] turn=107 ctx=MAIN opts=86 kept=64 dropped_types={ATTACH:21,PLAY:1}
[TRUNC] turn=107 ctx=MAIN opts=86 kept=64 dropped_types={ATTACH:21,PLAY:1}
[TRUNC] turn=107 ctx=MAIN opts=86 kept=64 dropped_types={ATTACH:21,PLAY:1}
[TRUNC] turn=108 ctx=MAIN opts=85 kept=64 dropped_types={ATTACH:21}
=== DIAG_DUMP_BEGIN ===
DIAG_GAMES=1
TRUNC_TOTAL_NODES=1050
TRUNC_FIRED=80
TRUNC_FIRE_RATE=7.62%
TRUNC_OPTCOUNT_HIST=1-8:360|9-16:235|17-32:205|33-64:170|65-128:79|129-256:1|257+:0
TRUNC_FIRE_RATE_BY_TURN=1-2:0.00%(0/36)|3-5:0.00%(0/43)|6+:8.24%(80/971)
TRUNC_DROPPED_BY_TYPE=ATTACH:1443,EVOLVE:2,PLAY:57
TRUNC_DROPPED_CRITICAL=0
TRUNC_DROPPED_CRITICAL_STATUS=PASS
MULTISELECT_FIXED_LEN=min=0,max=2:nodes=4,shorter_legal=4,shorter_generated=0,shorter_missed=4|min=0,max=3:nodes=17,shorter_legal=17,shorter_generated=0,shorter_missed=17|min=2,max=2:nodes=66,shorter_legal=0,shorter_generated=0,shorter_missed=0
MULTISELECT_SHORTER_MISSED=21
MULTISELECT_CTX_HIST=DISCARD:66,SETUP_BENCH_POKEMON:1,TO_HAND:20
GAME_LENGTH_HIST=1-15:0|16-25:0|26-40:0|41-60:0|61+:1
WIN_BY_CAUSE=DECK_OUT:W=1,L=1,D=0
TURN_NODE_DIST=1-2:3.43%(36/1050)|3-5:4.10%(43/1050)|6+:92.48%(971/1050)
SEARCH_MAX_DEPTH=5
SEARCH_MEAN_DEPTH=1.7006
PRIZE_REWARD_REACHED=0.00%(0/177)
STALL_DRAW_PASS_TURNS=88
STALL_SHUFFLE_WITH_RESOURCES=5
MISSED_ATTACH=103
SHAPING_BREAKDOWN=BOARD_DECK_DIFF:-0.000733|DAMAGE_PRESSURE:0.000000|DISRUPTION:0.000314|ENERGY_DENIAL:0.000000|ITEM_LOCK_PENALTY:0.000000|KO_BONUS:0.000000|PARALYSIS:0.000000|PRIZE_DIFF:-0.000571|SLEEP:0.000000
=== DIAG_DUMP_END ===
[MULTISELECT] ctx=SETUP_BENCH_POKEMON min=0 max=2 generated_lens=[2] shorter_legal_exists=True shorter_missed=True
[MULTISELECT] ctx=SETUP_BENCH_POKEMON min=0 max=2 generated_lens=[2] shorter_legal_exists=True shorter_missed=True
[MULTISELECT] ctx=TO_DECK min=2 max=2 generated_lens=[2] shorter_legal_exists=False shorter_missed=False
[MULTISELECT] ctx=TO_HAND min=0 max=3 generated_lens=[3] shorter_legal_exists=True shorter_missed=True
[MULTISELECT] ctx=TO_HAND min=0 max=3 generated_lens=[3] shorter_legal_exists=True shorter_missed=True
[MULTISELECT] ctx=TO_HAND min=0 max=3 generated_lens=[3] shorter_legal_exists=True shorter_missed=True
[MULTISELECT] ctx=TO_HAND min=0 max=3 generated_lens=[3] shorter_legal_exists=True shorter_missed=True
[MULTISELECT] ctx=TO_HAND min=0 max=3 generated_lens=[3] shorter_legal_exists=True shorter_missed=True
[MULTISELECT] ctx=TO_HAND min=0 max=3 generated_lens=[3] shorter_legal_exists=True shorter_missed=True
[MULTISELECT] ctx=TO_HAND min=0 max=3 generated_lens=[3] shorter_legal_exists=True shorter_missed=True
[MULTISELECT] ctx=TO_HAND min=0 max=3 generated_lens=[3] shorter_legal_exists=True shorter_missed=True
[MULTISELECT] ctx=TO_HAND min=0 max=3 generated_lens=[3] shorter_legal_exists=True shorter_missed=True
[MULTISELECT] ctx=TO_HAND min=0 max=3 generated_lens=[3] shorter_legal_exists=True shorter_missed=True
[MULTISELECT] ctx=TO_HAND min=0 max=3 generated_lens=[3] shorter_legal_exists=True shorter_missed=True
[MULTISELECT] ctx=TO_HAND min=0 max=3 generated_lens=[3] shorter_legal_exists=True shorter_missed=True
[MULTISELECT] ctx=TO_HAND min=0 max=3 generated_lens=[3] shorter_legal_exists=True shorter_missed=True
[MULTISELECT] ctx=TO_HAND min=0 max=3 generated_lens=[3] shorter_legal_exists=True shorter_missed=True
[MULTISELECT] ctx=DISCARD min=2 max=2 generated_lens=[2] shorter_legal_exists=False shorter_missed=False
[MULTISELECT] ctx=DISCARD min=2 max=2 generated_lens=[2] shorter_legal_exists=False shorter_missed=False
[MULTISELECT] ctx=DISCARD min=2 max=2 generated_lens=[2] shorter_legal_exists=False shorter_missed=False
[MULTISELECT] ctx=DISCARD min=2 max=2 generated_lens=[2] shorter_legal_exists=False shorter_missed=False
[MULTISELECT] ctx=DISCARD min=2 max=2 generated_lens=[2] shorter_legal_exists=False shorter_missed=False
[MULTISELECT] ctx=DISCARD min=2 max=2 generated_lens=[2] shorter_legal_exists=False shorter_missed=False
[MULTISELECT] ctx=DISCARD min=2 max=2 generated_lens=[2] shorter_legal_exists=False shorter_missed=False
[MULTISELECT] ctx=DISCARD min=2 max=2 generated_lens=[2] shorter_legal_exists=False shorter_missed=False
[MULTISELECT] ctx=DISCARD min=2 max=2 generated_lens=[2] shorter_legal_exists=False shorter_missed=False
[MULTISELECT] ctx=TO_DECK min=2 max=2 generated_lens=[2] shorter_legal_exists=False shorter_missed=False
[MULTISELECT] ctx=TO_DECK min=2 max=2 generated_lens=[2] shorter_legal_exists=False shorter_missed=False
[MULTISELECT] ctx=TO_HAND min=0 max=3 generated_lens=[3] shorter_legal_exists=True shorter_missed=True
[MULTISELECT] ctx=TO_DECK min=2 max=2 generated_lens=[2] shorter_legal_exists=False shorter_missed=False
[MULTISELECT] ctx=DISCARD min=2 max=2 generated_lens=[2] shorter_legal_exists=False shorter_missed=False
[MULTISELECT] ctx=DISCARD min=2 max=2 generated_lens=[2] shorter_legal_exists=False shorter_missed=False
[MULTISELECT] ctx=TO_DECK min=2 max=2 generated_lens=[2] shorter_legal_exists=False shorter_missed=False
[MULTISELECT] ctx=TO_DECK min=2 max=2 generated_lens=[2] shorter_legal_exists=False shorter_missed=False
[MULTISELECT] ctx=DISCARD min=2 max=2 generated_lens=[2] shorter_legal_exists=False shorter_missed=False
[MULTISELECT] ctx=TO_HAND min=0 max=3 generated_lens=[3] shorter_legal_exists=True shorter_missed=True
[MULTISELECT] ctx=TO_HAND min=2 max=2 generated_lens=[2] shorter_legal_exists=False shorter_missed=False
[MULTISELECT] ctx=TO_HAND min=2 max=2 generated_lens=[2] shorter_legal_exists=False shorter_missed=False
[MULTISELECT] ctx=TO_HAND min=2 max=2 generated_lens=[2] shorter_legal_exists=False shorter_missed=False
[MULTISELECT] ctx=DISCARD min=2 max=2 generated_lens=[2] shorter_legal_exists=False shorter_missed=False
[MULTISELECT] ctx=DISCARD min=2 max=2 generated_lens=[2] shorter_legal_exists=False shorter_missed=False
[MULTISELECT] ctx=DISCARD min=2 max=2 generated_lens=[2] shorter_legal_exists=False shorter_missed=False
[TRUNC] turn=21 ctx=MAIN opts=69 kept=64 dropped_types={ATTACH:4,RETREAT:1}
[MULTISELECT] ctx=DISCARD min=2 max=2 generated_lens=[2] shorter_legal_exists=False shorter_missed=False
[TRUNC] turn=23 ctx=MAIN opts=69 kept=64 dropped_types={ATTACH:4,RETREAT:1}
[TRUNC] turn=23 ctx=MAIN opts=75 kept=64 dropped_types={ATTACH:10,RETREAT:1}
[TRUNC] turn=23 ctx=MAIN opts=70 kept=64 dropped_types={ATTACH:4,PLAY:1,RETREAT:1}
[TRUNC] turn=23 ctx=MAIN opts=70 kept=64 dropped_types={ATTACH:4,PLAY:1,RETREAT:1}
[TRUNC] turn=23 ctx=MAIN opts=70 kept=64 dropped_types={ATTACH:4,PLAY:1,RETREAT:1}
[TRUNC] turn=23 ctx=MAIN opts=70 kept=64 dropped_types={ATTACH:4,PLAY:1,RETREAT:1}
[TRUNC] turn=23 ctx=MAIN opts=70 kept=64 dropped_types={ATTACH:4,PLAY:1,RETREAT:1}
[TRUNC] turn=23 ctx=MAIN opts=70 kept=64 dropped_types={ATTACH:4,PLAY:1,RETREAT:1}
[TRUNC] turn=23 ctx=MAIN opts=75 kept=64 dropped_types={ATTACH:10,RETREAT:1}
[MULTISELECT] ctx=TO_HAND min=0 max=3 generated_lens=[3] shorter_legal_exists=True shorter_missed=True
[MULTISELECT] ctx=TO_HAND min=0 max=3 generated_lens=[3] shorter_legal_exists=True shorter_missed=True
[TRUNC] turn=25 ctx=MAIN opts=93 kept=64 dropped_types={ATTACH:28,RETREAT:1}
[TRUNC] turn=25 ctx=MAIN opts=93 kept=64 dropped_types={ATTACH:28,RETREAT:1}
=== DIAG_DUMP_BEGIN ===
DIAG_GAMES=1
TRUNC_TOTAL_NODES=820
TRUNC_FIRED=12
TRUNC_FIRE_RATE=1.46%
TRUNC_OPTCOUNT_HIST=1-8:520|9-16:143|17-32:106|33-64:39|65-128:12|129-256:0|257+:0
TRUNC_FIRE_RATE_BY_TURN=1-2:0.00%(0/45)|3-5:0.00%(0/38)|6+:1.63%(12/737)
TRUNC_DROPPED_BY_TYPE=ATTACH:108,PLAY:6,RETREAT:12
TRUNC_DROPPED_CRITICAL=0
TRUNC_DROPPED_CRITICAL_STATUS=PASS
MULTISELECT_FIXED_LEN=min=0,max=2:nodes=2,shorter_legal=2,shorter_generated=0,shorter_missed=2|min=0,max=3:nodes=18,shorter_legal=18,shorter_generated=0,shorter_missed=18|min=2,max=2:nodes=25,shorter_legal=0,shorter_generated=0,shorter_missed=0
MULTISELECT_SHORTER_MISSED=20
MULTISELECT_CTX_HIST=DISCARD:16,SETUP_BENCH_POKEMON:2,TO_DECK:6,TO_HAND:21
GAME_LENGTH_HIST=1-15:0|16-25:1|26-40:0|41-60:0|61+:0
WIN_BY_CAUSE=PRIZE:W=1,L=1,D=0
TURN_NODE_DIST=1-2:5.49%(45/820)|3-5:4.63%(38/820)|6+:89.88%(737/820)
SEARCH_MAX_DEPTH=5
SEARCH_MEAN_DEPTH=1.7367
PRIZE_REWARD_REACHED=2.88%(4/139)
STALL_DRAW_PASS_TURNS=14
STALL_SHUFFLE_WITH_RESOURCES=0
MISSED_ATTACH=12
SHAPING_BREAKDOWN=BOARD_DECK_DIFF:0.014183|DAMAGE_PRESSURE:0.010561|DISRUPTION:0.000110|ENERGY_DENIAL:0.000732|ITEM_LOCK_PENALTY:0.000000|KO_BONUS:0.000000|PARALYSIS:0.000000|PRIZE_DIFF:-0.007622|SLEEP:0.000000
=== DIAG_DUMP_END ===
[MULTISELECT] ctx=SETUP_BENCH_POKEMON min=0 max=3 generated_lens=[3] shorter_legal_exists=True shorter_missed=True
[MULTISELECT] ctx=SETUP_BENCH_POKEMON min=0 max=3 generated_lens=[3] shorter_legal_exists=True shorter_missed=True
[MULTISELECT] ctx=TO_HAND min=0 max=3 generated_lens=[3] shorter_legal_exists=True shorter_missed=True
[MULTISELECT] ctx=TO_HAND min=0 max=3 generated_lens=[3] shorter_legal_exists=True shorter_missed=True
[MULTISELECT] ctx=TO_HAND min=0 max=3 generated_lens=[3] shorter_legal_exists=True shorter_missed=True
[MULTISELECT] ctx=TO_HAND min=0 max=3 generated_lens=[3] shorter_legal_exists=True shorter_missed=True
[MULTISELECT] ctx=TO_HAND min=0 max=3 generated_lens=[3] shorter_legal_exists=True shorter_missed=True
[MULTISELECT] ctx=TO_HAND min=0 max=3 generated_lens=[3] shorter_legal_exists=True shorter_missed=True
[MULTISELECT] ctx=TO_HAND min=0 max=3 generated_lens=[3] shorter_legal_exists=True shorter_missed=True
[MULTISELECT] ctx=TO_HAND min=0 max=3 generated_lens=[3] shorter_legal_exists=True shorter_missed=True
[MULTISELECT] ctx=TO_HAND min=0 max=3 generated_lens=[3] shorter_legal_exists=True shorter_missed=True
[MULTISELECT] ctx=TO_HAND min=0 max=3 generated_lens=[3] shorter_legal_exists=True shorter_missed=True
[MULTISELECT] ctx=TO_HAND min=0 max=3 generated_lens=[3] shorter_legal_exists=True shorter_missed=True
[MULTISELECT] ctx=TO_HAND min=0 max=3 generated_lens=[3] shorter_legal_exists=True shorter_missed=True
[MULTISELECT] ctx=TO_HAND min=0 max=3 generated_lens=[3] shorter_legal_exists=True shorter_missed=True
[MULTISELECT] ctx=TO_HAND min=0 max=2 generated_lens=[2] shorter_legal_exists=True shorter_missed=True
[MULTISELECT] ctx=DISCARD min=2 max=2 generated_lens=[2] shorter_legal_exists=False shorter_missed=False
[MULTISELECT] ctx=DISCARD min=2 max=2 generated_lens=[2] shorter_legal_exists=False shorter_missed=False
[MULTISELECT] ctx=DISCARD min=2 max=2 generated_lens=[2] shorter_legal_exists=False shorter_missed=False
[MULTISELECT] ctx=TO_HAND min=0 max=3 generated_lens=[3] shorter_legal_exists=True shorter_missed=True
[MULTISELECT] ctx=TO_HAND min=0 max=3 generated_lens=[3] shorter_legal_exists=True shorter_missed=True
[MULTISELECT] ctx=DISCARD min=2 max=2 generated_lens=[2] shorter_legal_exists=False shorter_missed=False
[MULTISELECT] ctx=DISCARD min=2 max=2 generated_lens=[2] shorter_legal_exists=False shorter_missed=False
[MULTISELECT] ctx=DISCARD min=2 max=2 generated_lens=[2] shorter_legal_exists=False shorter_missed=False
[MULTISELECT] ctx=TO_HAND min=0 max=3 generated_lens=[3] shorter_legal_exists=True shorter_missed=True
[MULTISELECT] ctx=TO_HAND min=0 max=3 generated_lens=[3] shorter_legal_exists=True shorter_missed=True
[MULTISELECT] ctx=TO_HAND min=0 max=3 generated_lens=[3] shorter_legal_exists=True shorter_missed=True
[TRUNC] turn=27 ctx=MAIN opts=66 kept=64 dropped_types={ATTACH:1,PLAY:1}
[TRUNC] turn=27 ctx=MAIN opts=66 kept=64 dropped_types={ATTACH:1,PLAY:1}
[TRUNC] turn=27 ctx=MAIN opts=66 kept=64 dropped_types={ATTACH:1,PLAY:1}
[TRUNC] turn=27 ctx=MAIN opts=66 kept=64 dropped_types={ATTACH:1,PLAY:1}
[MULTISELECT] ctx=TO_HAND min=0 max=3 generated_lens=[3] shorter_legal_exists=True shorter_missed=True
[TRUNC] turn=29 ctx=MAIN opts=77 kept=64 dropped_types={ATTACH:12,PLAY:1}
[TRUNC] turn=29 ctx=MAIN opts=77 kept=64 dropped_types={ATTACH:12,PLAY:1}
[TRUNC] turn=29 ctx=MAIN opts=77 kept=64 dropped_types={ATTACH:12,PLAY:1}
[TRUNC] turn=29 ctx=MAIN opts=77 kept=64 dropped_types={ATTACH:12,PLAY:1}
[TRUNC] turn=31 ctx=MAIN opts=78 kept=64 dropped_types={ATTACH:12,PLAY:2}
[MULTISELECT] ctx=TO_HAND min=0 max=3 generated_lens=[3] shorter_legal_exists=True shorter_missed=True
[MULTISELECT] ctx=TO_HAND min=0 max=3 generated_lens=[3] shorter_legal_exists=True shorter_missed=True
[TRUNC] turn=31 ctx=MAIN opts=96 kept=64 dropped_types={ATTACH:32}
[TRUNC] turn=31 ctx=MAIN opts=96 kept=64 dropped_types={ATTACH:32}
[TRUNC] turn=31 ctx=MAIN opts=92 kept=64 dropped_types={ATTACH:27,PLAY:1}
[TRUNC] turn=33 ctx=MAIN opts=93 kept=64 dropped_types={ATTACH:27,PLAY:2}
[TRUNC] turn=33 ctx=MAIN opts=97 kept=64 dropped_types={ATTACH:32,PLAY:1}
[TRUNC] turn=35 ctx=MAIN opts=97 kept=64 dropped_types={ATTACH:32,PLAY:1}
[TRUNC] turn=35 ctx=MAIN opts=96 kept=64 dropped_types={ATTACH:32}
[TRUNC] turn=35 ctx=MAIN opts=97 kept=64 dropped_types={ATTACH:32,PLAY:1}
=== DIAG_DUMP_BEGIN ===
DIAG_GAMES=1
TRUNC_TOTAL_NODES=822
TRUNC_FIRED=17
TRUNC_FIRE_RATE=2.07%
TRUNC_OPTCOUNT_HIST=1-8:535|9-16:80|17-32:90|33-64:100|65-128:17|129-256:0|257+:0
TRUNC_FIRE_RATE_BY_TURN=1-2:0.00%(0/41)|3-5:0.00%(0/107)|6+:2.52%(17/674)
TRUNC_DROPPED_BY_TYPE=ATTACH:310,PLAY:16
TRUNC_DROPPED_CRITICAL=0
TRUNC_DROPPED_CRITICAL_STATUS=PASS
MULTISELECT_FIXED_LEN=min=0,max=2:nodes=1,shorter_legal=1,shorter_generated=0,shorter_missed=1|min=0,max=3:nodes=23,shorter_legal=23,shorter_generated=0,shorter_missed=23|min=2,max=2:nodes=6,shorter_legal=0,shorter_generated=0,shorter_missed=0
MULTISELECT_SHORTER_MISSED=24
MULTISELECT_CTX_HIST=DISCARD:6,SETUP_BENCH_POKEMON:2,TO_HAND:22
GAME_LENGTH_HIST=1-15:0|16-25:0|26-40:1|41-60:0|61+:0
WIN_BY_CAUSE=DECK_OUT:W=1,L=1,D=0
TURN_NODE_DIST=1-2:4.99%(41/822)|3-5:13.02%(107/822)|6+:82.00%(674/822)
SEARCH_MAX_DEPTH=5
SEARCH_MEAN_DEPTH=1.4217
PRIZE_REWARD_REACHED=0.00%(0/138)
STALL_DRAW_PASS_TURNS=20
STALL_SHUFFLE_WITH_RESOURCES=4
MISSED_ATTACH=21
SHAPING_BREAKDOWN=BOARD_DECK_DIFF:0.087092|DAMAGE_PRESSURE:0.004051|DISRUPTION:0.000182|ENERGY_DENIAL:0.000000|ITEM_LOCK_PENALTY:0.000000|KO_BONUS:0.000000|PARALYSIS:0.000000|PRIZE_DIFF:-0.000365|SLEEP:0.000000
=== DIAG_DUMP_END ===
[MULTISELECT] ctx=SETUP_BENCH_POKEMON min=0 max=5 generated_lens=[5] shorter_legal_exists=True shorter_missed=True
[MULTISELECT] ctx=SETUP_BENCH_POKEMON min=0 max=5 generated_lens=[5] shorter_legal_exists=True shorter_missed=True
[MULTISELECT] ctx=DISCARD min=2 max=2 generated_lens=[2] shorter_legal_exists=False shorter_missed=False
[MULTISELECT] ctx=TO_HAND min=0 max=3 generated_lens=[3] shorter_legal_exists=True shorter_missed=True
[MULTISELECT] ctx=DISCARD min=2 max=2 generated_lens=[2] shorter_legal_exists=False shorter_missed=False
[MULTISELECT] ctx=TO_HAND min=0 max=3 generated_lens=[3] shorter_legal_exists=True shorter_missed=True
[MULTISELECT] ctx=DISCARD min=2 max=2 generated_lens=[2] shorter_legal_exists=False shorter_missed=False
[MULTISELECT] ctx=DISCARD min=2 max=2 generated_lens=[2] shorter_legal_exists=False shorter_missed=False
[MULTISELECT] ctx=DISCARD min=2 max=2 generated_lens=[2] shorter_legal_exists=False shorter_missed=False
[MULTISELECT] ctx=DISCARD min=2 max=2 generated_lens=[2] shorter_legal_exists=False shorter_missed=False
[MULTISELECT] ctx=DISCARD min=2 max=2 generated_lens=[2] shorter_legal_exists=False shorter_missed=False
[MULTISELECT] ctx=DISCARD min=2 max=2 generated_lens=[2] shorter_legal_exists=False shorter_missed=False
[MULTISELECT] ctx=DISCARD min=2 max=2 generated_lens=[2] shorter_legal_exists=False shorter_missed=False
[MULTISELECT] ctx=DISCARD min=2 max=2 generated_lens=[2] shorter_legal_exists=False shorter_missed=False
[MULTISELECT] ctx=DISCARD min=2 max=2 generated_lens=[2] shorter_legal_exists=False shorter_missed=False
[MULTISELECT] ctx=DISCARD min=2 max=2 generated_lens=[2] shorter_legal_exists=False shorter_missed=False
[MULTISELECT] ctx=DISCARD min=2 max=2 generated_lens=[2] shorter_legal_exists=False shorter_missed=False
[MULTISELECT] ctx=DISCARD min=2 max=2 generated_lens=[2] shorter_legal_exists=False shorter_missed=False
[MULTISELECT] ctx=DISCARD min=2 max=2 generated_lens=[2] shorter_legal_exists=False shorter_missed=False
[MULTISELECT] ctx=DISCARD min=2 max=2 generated_lens=[2] shorter_legal_exists=False shorter_missed=False
[MULTISELECT] ctx=DISCARD min=2 max=2 generated_lens=[2] shorter_legal_exists=False shorter_missed=False
[MULTISELECT] ctx=DISCARD min=2 max=2 generated_lens=[2] shorter_legal_exists=False shorter_missed=False
[MULTISELECT] ctx=DISCARD min=2 max=2 generated_lens=[2] shorter_legal_exists=False shorter_missed=False
[MULTISELECT] ctx=DISCARD min=2 max=2 generated_lens=[2] shorter_legal_exists=False shorter_missed=False
[MULTISELECT] ctx=DISCARD min=2 max=2 generated_lens=[2] shorter_legal_exists=False shorter_missed=False
[MULTISELECT] ctx=DISCARD min=2 max=2 generated_lens=[2] shorter_legal_exists=False shorter_missed=False
[MULTISELECT] ctx=DISCARD min=2 max=2 generated_lens=[2] shorter_legal_exists=False shorter_missed=False
[TRUNC] turn=35 ctx=MAIN opts=67 kept=64 dropped_types={ATTACH:3}
[MULTISELECT] ctx=TO_HAND min=0 max=3 generated_lens=[3] shorter_legal_exists=True shorter_missed=True
[MULTISELECT] ctx=TO_HAND min=0 max=3 generated_lens=[3] shorter_legal_exists=True shorter_missed=True
[MULTISELECT] ctx=TO_HAND min=0 max=3 generated_lens=[3] shorter_legal_exists=True shorter_missed=True
[MULTISELECT] ctx=TO_HAND min=0 max=3 generated_lens=[3] shorter_legal_exists=True shorter_missed=True
[TRUNC] turn=41 ctx=MAIN opts=74 kept=64 dropped_types={ATTACH:9,PLAY:1}
[TRUNC] turn=55 ctx=MAIN opts=65 kept=64 dropped_types={PLAY:1}
[TRUNC] turn=55 ctx=MAIN opts=66 kept=64 dropped_types={ATTACH:1,PLAY:1}
[TRUNC] turn=57 ctx=MAIN opts=67 kept=64 dropped_types={ATTACH:1,PLAY:2}
[TRUNC] turn=57 ctx=MAIN opts=68 kept=64 dropped_types={ATTACH:3,PLAY:1}
[TRUNC] turn=59 ctx=MAIN opts=69 kept=64 dropped_types={ATTACH:3,PLAY:2}
[TRUNC] turn=59 ctx=MAIN opts=70 kept=64 dropped_types={ATTACH:5,PLAY:1}
[TRUNC] turn=61 ctx=MAIN opts=71 kept=64 dropped_types={ATTACH:5,PLAY:2}
[MULTISELECT] ctx=DISCARD min=2 max=2 generated_lens=[2] shorter_legal_exists=False shorter_missed=False
[TRUNC] turn=60 ctx=MAIN opts=66 kept=64 dropped_types={ATTACH:1,PLAY:1}
[TRUNC] turn=61 ctx=MAIN opts=72 kept=64 dropped_types={ATTACH:7,PLAY:1}
[TRUNC] turn=63 ctx=MAIN opts=73 kept=64 dropped_types={ATTACH:7,PLAY:2}
[TRUNC] turn=62 ctx=MAIN opts=70 kept=64 dropped_types={ATTACH:5,PLAY:1}
[TRUNC] turn=64 ctx=MAIN opts=71 kept=64 dropped_types={ATTACH:5,PLAY:2}
[TRUNC] turn=63 ctx=MAIN opts=74 kept=64 dropped_types={ATTACH:9,PLAY:1}
[TRUNC] turn=63 ctx=MAIN opts=74 kept=64 dropped_types={ATTACH:9,PLAY:1}
[TRUNC] turn=63 ctx=MAIN opts=74 kept=64 dropped_types={ATTACH:9,PLAY:1}
[TRUNC] turn=65 ctx=MAIN opts=75 kept=64 dropped_types={ATTACH:9,PLAY:2}
[TRUNC] turn=64 ctx=MAIN opts=87 kept=64 dropped_types={ATTACH:22,PLAY:1}
[TRUNC] turn=66 ctx=MAIN opts=88 kept=64 dropped_types={ATTACH:22,PLAY:2}
[TRUNC] turn=65 ctx=MAIN opts=76 kept=64 dropped_types={ATTACH:11,PLAY:1}
[TRUNC] turn=67 ctx=MAIN opts=77 kept=64 dropped_types={ATTACH:11,PLAY:2}
[TRUNC] turn=66 ctx=MAIN opts=92 kept=64 dropped_types={ATTACH:27,PLAY:1}
[TRUNC] turn=67 ctx=MAIN opts=78 kept=64 dropped_types={ATTACH:13,PLAY:1}
[TRUNC] turn=68 ctx=MAIN opts=97 kept=64 dropped_types={ATTACH:32,PLAY:1}
[TRUNC] turn=70 ctx=MAIN opts=98 kept=64 dropped_types={ATTACH:32,PLAY:2}
[TRUNC] turn=69 ctx=MAIN opts=80 kept=64 dropped_types={ATTACH:15,PLAY:1}
[TRUNC] turn=69 ctx=MAIN opts=80 kept=64 dropped_types={ATTACH:15,PLAY:1}
[TRUNC] turn=71 ctx=MAIN opts=81 kept=64 dropped_types={ATTACH:15,PLAY:2}
[TRUNC] turn=69 ctx=MAIN opts=80 kept=64 dropped_types={ATTACH:15,PLAY:1}
[TRUNC] turn=71 ctx=MAIN opts=81 kept=64 dropped_types={ATTACH:15,PLAY:2}
[TRUNC] turn=70 ctx=MAIN opts=115 kept=64 dropped_types={ATTACH:51}
[TRUNC] turn=72 ctx=MAIN opts=115 kept=64 dropped_types={ATTACH:51}
[TRUNC] turn=71 ctx=MAIN opts=82 kept=64 dropped_types={ATTACH:17,PLAY:1}
[TRUNC] turn=71 ctx=MAIN opts=82 kept=64 dropped_types={ATTACH:17,PLAY:1}
[TRUNC] turn=73 ctx=MAIN opts=83 kept=64 dropped_types={ATTACH:17,PLAY:2}
[TRUNC] turn=71 ctx=MAIN opts=82 kept=64 dropped_types={ATTACH:17,PLAY:1}
[TRUNC] turn=73 ctx=MAIN opts=83 kept=64 dropped_types={ATTACH:17,PLAY:2}
[TRUNC] turn=73 ctx=MAIN opts=84 kept=64 dropped_types={ATTACH:19,PLAY:1}
[TRUNC] turn=73 ctx=MAIN opts=84 kept=64 dropped_types={ATTACH:19,PLAY:1}
[TRUNC] turn=73 ctx=MAIN opts=84 kept=64 dropped_types={ATTACH:19,PLAY:1}
[TRUNC] turn=75 ctx=MAIN opts=85 kept=64 dropped_types={ATTACH:19,PLAY:2}
[TRUNC] turn=73 ctx=MAIN opts=84 kept=64 dropped_types={ATTACH:19,PLAY:1}
[TRUNC] turn=75 ctx=MAIN opts=85 kept=64 dropped_types={ATTACH:19,PLAY:2}
[TRUNC] turn=75 ctx=MAIN opts=86 kept=64 dropped_types={ATTACH:21,PLAY:1}
[TRUNC] turn=75 ctx=MAIN opts=86 kept=64 dropped_types={ATTACH:21,PLAY:1}
[TRUNC] turn=75 ctx=MAIN opts=86 kept=64 dropped_types={ATTACH:21,PLAY:1}
[TRUNC] turn=75 ctx=MAIN opts=86 kept=64 dropped_types={ATTACH:21,PLAY:1}
[TRUNC] turn=77 ctx=MAIN opts=87 kept=64 dropped_types={ATTACH:21,PLAY:2}
[TRUNC] turn=77 ctx=MAIN opts=87 kept=64 dropped_types={ATTACH:21,PLAY:2}
[TRUNC] turn=77 ctx=MAIN opts=88 kept=64 dropped_types={ATTACH:23,PLAY:1}
[TRUNC] turn=79 ctx=MAIN opts=89 kept=64 dropped_types={ATTACH:23,PLAY:2}
[TRUNC] turn=81 ctx=MAIN opts=90 kept=64 dropped_types={ATTACH:23,PLAY:3}
[TRUNC] turn=78 ctx=MAIN opts=67 kept=64 dropped_types={ATTACH:3}
[TRUNC] turn=79 ctx=MAIN opts=90 kept=64 dropped_types={ATTACH:25,PLAY:1}
[TRUNC] turn=81 ctx=MAIN opts=91 kept=64 dropped_types={ATTACH:25,PLAY:2}
[TRUNC] turn=83 ctx=MAIN opts=92 kept=64 dropped_types={ATTACH:25,PLAY:3}
[TRUNC] turn=80 ctx=MAIN opts=73 kept=64 dropped_types={ATTACH:9}
[TRUNC] turn=81 ctx=MAIN opts=92 kept=64 dropped_types={ATTACH:27,PLAY:1}
[TRUNC] turn=83 ctx=MAIN opts=93 kept=64 dropped_types={ATTACH:27,PLAY:2}
[TRUNC] turn=85 ctx=MAIN opts=94 kept=64 dropped_types={ATTACH:27,PLAY:3}
[TRUNC] turn=82 ctx=MAIN opts=79 kept=64 dropped_types={ATTACH:15}
[TRUNC] turn=83 ctx=MAIN opts=94 kept=64 dropped_types={ATTACH:29,PLAY:1}
[TRUNC] turn=85 ctx=MAIN opts=95 kept=64 dropped_types={ATTACH:29,PLAY:2}
[TRUNC] turn=87 ctx=MAIN opts=96 kept=64 dropped_types={ATTACH:29,PLAY:3}
[TRUNC] turn=84 ctx=MAIN opts=85 kept=64 dropped_types={ATTACH:21}
[TRUNC] turn=85 ctx=MAIN opts=96 kept=64 dropped_types={ATTACH:31,PLAY:1}
[TRUNC] turn=87 ctx=MAIN opts=97 kept=64 dropped_types={ATTACH:31,PLAY:2}
[TRUNC] turn=87 ctx=MAIN opts=97 kept=64 dropped_types={ATTACH:31,PLAY:2}
[TRUNC] turn=86 ctx=MAIN opts=91 kept=64 dropped_types={ATTACH:27}
[TRUNC] turn=87 ctx=MAIN opts=98 kept=64 dropped_types={ATTACH:33,PLAY:1}
[TRUNC] turn=87 ctx=MAIN opts=98 kept=64 dropped_types={ATTACH:33,PLAY:1}
[MULTISELECT] ctx=DISCARD min=2 max=2 generated_lens=[2] shorter_legal_exists=False shorter_missed=False
[TRUNC] turn=87 ctx=MAIN opts=98 kept=64 dropped_types={ATTACH:33,PLAY:1}
[TRUNC] turn=87 ctx=MAIN opts=98 kept=64 dropped_types={ATTACH:33,PLAY:1}
[TRUNC] turn=89 ctx=MAIN opts=99 kept=64 dropped_types={ATTACH:33,PLAY:2}
[TRUNC] turn=89 ctx=MAIN opts=100 kept=64 dropped_types={ATTACH:35,PLAY:1}
[TRUNC] turn=89 ctx=MAIN opts=100 kept=64 dropped_types={ATTACH:35,PLAY:1}
[TRUNC] turn=91 ctx=MAIN opts=102 kept=64 dropped_types={ATTACH:37,PLAY:1}
[TRUNC] turn=91 ctx=MAIN opts=102 kept=64 dropped_types={ATTACH:37,PLAY:1}
[TRUNC] turn=93 ctx=MAIN opts=103 kept=64 dropped_types={ATTACH:37,PLAY:2}
[TRUNC] turn=93 ctx=MAIN opts=104 kept=64 dropped_types={ATTACH:39,PLAY:1}
[TRUNC] turn=93 ctx=MAIN opts=104 kept=64 dropped_types={ATTACH:39,PLAY:1}
[TRUNC] turn=94 ctx=MAIN opts=67 kept=64 dropped_types={ATTACH:3}
[MULTISELECT] ctx=TO_HAND min=0 max=3 generated_lens=[3] shorter_legal_exists=True shorter_missed=True
[MULTISELECT] ctx=TO_HAND min=0 max=3 generated_lens=[3] shorter_legal_exists=True shorter_missed=True
[MULTISELECT] ctx=TO_HAND min=0 max=3 generated_lens=[3] shorter_legal_exists=True shorter_missed=True
[MULTISELECT] ctx=TO_HAND min=0 max=3 generated_lens=[3] shorter_legal_exists=True shorter_missed=True
[MULTISELECT] ctx=TO_HAND min=0 max=3 generated_lens=[3] shorter_legal_exists=True shorter_missed=True
[MULTISELECT] ctx=TO_HAND min=0 max=3 generated_lens=[3] shorter_legal_exists=True shorter_missed=True
[MULTISELECT] ctx=TO_HAND min=0 max=3 generated_lens=[3] shorter_legal_exists=True shorter_missed=True
[MULTISELECT] ctx=TO_HAND min=0 max=3 generated_lens=[3] shorter_legal_exists=True shorter_missed=True
[TRUNC] turn=28 ctx=MAIN opts=66 kept=64 dropped_types={ATTACH:1,PLAY:1}
[TRUNC] turn=30 ctx=MAIN opts=67 kept=64 dropped_types={ATTACH:1,PLAY:2}
[TRUNC] turn=32 ctx=MAIN opts=68 kept=64 dropped_types={ATTACH:1,PLAY:3}
[MULTISELECT] ctx=TO_HAND min=0 max=3 generated_lens=[3] shorter_legal_exists=True shorter_missed=True
[TRUNC] turn=30 ctx=MAIN opts=70 kept=64 dropped_types={ATTACH:5,PLAY:1}
[TRUNC] turn=32 ctx=MAIN opts=71 kept=64 dropped_types={ATTACH:5,PLAY:2}
[TRUNC] turn=34 ctx=MAIN opts=72 kept=64 dropped_types={ATTACH:5,PLAY:3}
[MULTISELECT] ctx=TO_HAND min=0 max=3 generated_lens=[3] shorter_legal_exists=True shorter_missed=True
[TRUNC] turn=32 ctx=MAIN opts=74 kept=64 dropped_types={ATTACH:9,PLAY:1}
[TRUNC] turn=34 ctx=MAIN opts=75 kept=64 dropped_types={ATTACH:9,PLAY:2}
[MULTISELECT] ctx=TO_HAND min=0 max=2 generated_lens=[2] shorter_legal_exists=True shorter_missed=True
[TRUNC] turn=34 ctx=MAIN opts=78 kept=64 dropped_types={ATTACH:13,PLAY:1}
[TRUNC] turn=36 ctx=MAIN opts=79 kept=64 dropped_types={ATTACH:13,PLAY:2}
[TRUNC] turn=36 ctx=MAIN opts=82 kept=64 dropped_types={ATTACH:17,PLAY:1}
[TRUNC] turn=38 ctx=MAIN opts=83 kept=64 dropped_types={ATTACH:17,PLAY:2}
[MULTISELECT] ctx=TO_HAND min=0 max=3 generated_lens=[3] shorter_legal_exists=True shorter_missed=True
[MULTISELECT] ctx=DISCARD min=2 max=2 generated_lens=[2] shorter_legal_exists=False shorter_missed=False
[MULTISELECT] ctx=TO_HAND min=0 max=3 generated_lens=[3] shorter_legal_exists=True shorter_missed=True
[MULTISELECT] ctx=DISCARD min=2 max=2 generated_lens=[2] shorter_legal_exists=False shorter_missed=False
[MULTISELECT] ctx=DISCARD min=2 max=2 generated_lens=[2] shorter_legal_exists=False shorter_missed=False
[MULTISELECT] ctx=DISCARD min=2 max=2 generated_lens=[2] shorter_legal_exists=False shorter_missed=False
[MULTISELECT] ctx=DISCARD min=2 max=2 generated_lens=[2] shorter_legal_exists=False shorter_missed=False
[MULTISELECT] ctx=DISCARD min=2 max=2 generated_lens=[2] shorter_legal_exists=False shorter_missed=False
[MULTISELECT] ctx=DISCARD min=2 max=2 generated_lens=[2] shorter_legal_exists=False shorter_missed=False
[MULTISELECT] ctx=DISCARD min=2 max=2 generated_lens=[2] shorter_legal_exists=False shorter_missed=False
[MULTISELECT] ctx=DISCARD min=2 max=2 generated_lens=[2] shorter_legal_exists=False shorter_missed=False
[MULTISELECT] ctx=DISCARD min=2 max=2 generated_lens=[2] shorter_legal_exists=False shorter_missed=False
[TRUNC] turn=38 ctx=MAIN opts=90 kept=64 dropped_types={ATTACH:25,PLAY:1}
[TRUNC] turn=40 ctx=MAIN opts=91 kept=64 dropped_types={ATTACH:25,PLAY:2}
[MULTISELECT] ctx=DISCARD min=2 max=2 generated_lens=[2] shorter_legal_exists=False shorter_missed=False
[MULTISELECT] ctx=DISCARD min=2 max=2 generated_lens=[2] shorter_legal_exists=False shorter_missed=False
[MULTISELECT] ctx=TO_HAND min=0 max=3 generated_lens=[3] shorter_legal_exists=True shorter_missed=True
[MULTISELECT] ctx=TO_HAND min=0 max=3 generated_lens=[3] shorter_legal_exists=True shorter_missed=True
[MULTISELECT] ctx=TO_HAND min=0 max=3 generated_lens=[3] shorter_legal_exists=True shorter_missed=True
[MULTISELECT] ctx=DISCARD min=2 max=2 generated_lens=[2] shorter_legal_exists=False shorter_missed=False
[MULTISELECT] ctx=TO_HAND min=0 max=3 generated_lens=[3] shorter_legal_exists=True shorter_missed=True
[MULTISELECT] ctx=DISCARD min=2 max=2 generated_lens=[2] shorter_legal_exists=False shorter_missed=False
[MULTISELECT] ctx=TO_HAND min=0 max=3 generated_lens=[3] shorter_legal_exists=True shorter_missed=True
[MULTISELECT] ctx=DISCARD min=2 max=2 generated_lens=[2] shorter_legal_exists=False shorter_missed=False
[MULTISELECT] ctx=TO_HAND min=0 max=3 generated_lens=[3] shorter_legal_exists=True shorter_missed=True
[MULTISELECT] ctx=DISCARD min=2 max=2 generated_lens=[2] shorter_legal_exists=False shorter_missed=False
[MULTISELECT] ctx=DISCARD min=2 max=2 generated_lens=[2] shorter_legal_exists=False shorter_missed=False
[MULTISELECT] ctx=DISCARD min=2 max=2 generated_lens=[2] shorter_legal_exists=False shorter_missed=False
[TRUNC] turn=64 ctx=MAIN opts=68 kept=64 dropped_types={ATTACH:2,PLAY:1,RETREAT:1}
[TRUNC] turn=64 ctx=MAIN opts=68 kept=64 dropped_types={ATTACH:2,PLAY:1,RETREAT:1}
[TRUNC] turn=66 ctx=MAIN opts=73 kept=64 dropped_types={ATTACH:7,PLAY:1,RETREAT:1}
[TRUNC] turn=66 ctx=MAIN opts=73 kept=64 dropped_types={ATTACH:7,PLAY:1,RETREAT:1}
[TRUNC] turn=68 ctx=MAIN opts=78 kept=64 dropped_types={ATTACH:12,PLAY:1,RETREAT:1}
[TRUNC] turn=68 ctx=MAIN opts=78 kept=64 dropped_types={ATTACH:12,PLAY:1,RETREAT:1}
[MULTISELECT] ctx=TO_HAND min=0 max=3 generated_lens=[3] shorter_legal_exists=True shorter_missed=True
[MULTISELECT] ctx=TO_HAND min=0 max=2 generated_lens=[2] shorter_legal_exists=True shorter_missed=True
[TRUNC] turn=70 ctx=MAIN opts=88 kept=64 dropped_types={ATTACH:22,PLAY:1,RETREAT:1}
[TRUNC] turn=72 ctx=MAIN opts=93 kept=64 dropped_types={ATTACH:27,PLAY:1,RETREAT:1}
[TRUNC] turn=74 ctx=MAIN opts=98 kept=64 dropped_types={ATTACH:32,PLAY:1,RETREAT:1}
[MULTISELECT] ctx=DISCARD min=2 max=2 generated_lens=[2] shorter_legal_exists=False shorter_missed=False
[MULTISELECT] ctx=DISCARD min=2 max=2 generated_lens=[2] shorter_legal_exists=False shorter_missed=False
[MULTISELECT] ctx=DISCARD min=2 max=2 generated_lens=[2] shorter_legal_exists=False shorter_missed=False
[MULTISELECT] ctx=DISCARD min=2 max=2 generated_lens=[2] shorter_legal_exists=False shorter_missed=False
[MULTISELECT] ctx=DISCARD min=2 max=2 generated_lens=[2] shorter_legal_exists=False shorter_missed=False
[MULTISELECT] ctx=DISCARD min=2 max=2 generated_lens=[2] shorter_legal_exists=False shorter_missed=False
[MULTISELECT] ctx=DISCARD min=2 max=2 generated_lens=[2] shorter_legal_exists=False shorter_missed=False
[MULTISELECT] ctx=DISCARD min=2 max=2 generated_lens=[2] shorter_legal_exists=False shorter_missed=False
[MULTISELECT] ctx=DISCARD min=2 max=2 generated_lens=[2] shorter_legal_exists=False shorter_missed=False
[MULTISELECT] ctx=DISCARD min=2 max=2 generated_lens=[2] shorter_legal_exists=False shorter_missed=False
[MULTISELECT] ctx=DISCARD min=2 max=2 generated_lens=[2] shorter_legal_exists=False shorter_missed=False
[MULTISELECT] ctx=TO_HAND min=0 max=2 generated_lens=[2] shorter_legal_exists=True shorter_missed=True
[MULTISELECT] ctx=TO_HAND min=0 max=2 generated_lens=[2] shorter_legal_exists=True shorter_missed=True
[TRUNC] turn=76 ctx=MAIN opts=79 kept=64 dropped_types={ATTACH:15}
[TRUNC] turn=78 ctx=MAIN opts=73 kept=64 dropped_types={ATTACH:9}
[MULTISELECT] ctx=DISCARD min=2 max=2 generated_lens=[2] shorter_legal_exists=False shorter_missed=False
[MULTISELECT] ctx=DISCARD min=2 max=2 generated_lens=[2] shorter_legal_exists=False shorter_missed=False
[MULTISELECT] ctx=DISCARD min=2 max=2 generated_lens=[2] shorter_legal_exists=False shorter_missed=False
[MULTISELECT] ctx=TO_HAND min=0 max=3 generated_lens=[3] shorter_legal_exists=True shorter_missed=True
[MULTISELECT] ctx=DISCARD min=2 max=2 generated_lens=[2] shorter_legal_exists=False shorter_missed=False
[MULTISELECT] ctx=DISCARD min=2 max=2 generated_lens=[2] shorter_legal_exists=False shorter_missed=False
[MULTISELECT] ctx=DISCARD min=2 max=2 generated_lens=[2] shorter_legal_exists=False shorter_missed=False
[MULTISELECT] ctx=DISCARD min=2 max=2 generated_lens=[2] shorter_legal_exists=False shorter_missed=False
[TRUNC] turn=92 ctx=MAIN opts=67 kept=64 dropped_types={ATTACH:3}
[MULTISELECT] ctx=DISCARD min=2 max=2 generated_lens=[2] shorter_legal_exists=False shorter_missed=False
[TRUNC] turn=94 ctx=MAIN opts=73 kept=64 dropped_types={ATTACH:9}
[MULTISELECT] ctx=DISCARD min=2 max=2 generated_lens=[2] shorter_legal_exists=False shorter_missed=False
[TRUNC] turn=96 ctx=MAIN opts=79 kept=64 dropped_types={ATTACH:15}
[MULTISELECT] ctx=DISCARD min=2 max=2 generated_lens=[2] shorter_legal_exists=False shorter_missed=False
[TRUNC] turn=98 ctx=MAIN opts=85 kept=64 dropped_types={ATTACH:21}
[MULTISELECT] ctx=DISCARD min=2 max=2 generated_lens=[2] shorter_legal_exists=False shorter_missed=False
[TRUNC] turn=100 ctx=MAIN opts=91 kept=64 dropped_types={ATTACH:27}
[MULTISELECT] ctx=DISCARD min=2 max=2 generated_lens=[2] shorter_legal_exists=False shorter_missed=False
[TRUNC] turn=102 ctx=MAIN opts=97 kept=64 dropped_types={ATTACH:33}
[MULTISELECT] ctx=DISCARD min=2 max=2 generated_lens=[2] shorter_legal_exists=False shorter_missed=False
[TRUNC] turn=104 ctx=MAIN opts=103 kept=64 dropped_types={ATTACH:39}
[MULTISELECT] ctx=DISCARD min=2 max=2 generated_lens=[2] shorter_legal_exists=False shorter_missed=False
[TRUNC] turn=106 ctx=MAIN opts=109 kept=64 dropped_types={ATTACH:45}
[MULTISELECT] ctx=DISCARD min=2 max=2 generated_lens=[2] shorter_legal_exists=False shorter_missed=False
[TRUNC] turn=108 ctx=MAIN opts=115 kept=64 dropped_types={ATTACH:51}
[MULTISELECT] ctx=DISCARD min=2 max=2 generated_lens=[2] shorter_legal_exists=False shorter_missed=False
[TRUNC] turn=110 ctx=MAIN opts=121 kept=64 dropped_types={ATTACH:57}
[MULTISELECT] ctx=DISCARD min=2 max=2 generated_lens=[2] shorter_legal_exists=False shorter_missed=False
[TRUNC] turn=112 ctx=MAIN opts=127 kept=64 dropped_types={ATTACH:63}
[MULTISELECT] ctx=DISCARD min=2 max=2 generated_lens=[2] shorter_legal_exists=False shorter_missed=False
[TRUNC] turn=114 ctx=MAIN opts=133 kept=64 dropped_types={ATTACH:69}
[MULTISELECT] ctx=DISCARD min=2 max=2 generated_lens=[2] shorter_legal_exists=False shorter_missed=False
[TRUNC] turn=116 ctx=MAIN opts=139 kept=64 dropped_types={ATTACH:75}
[TRUNC] turn=118 ctx=MAIN opts=139 kept=64 dropped_types={ATTACH:75}
[MULTISELECT] ctx=DISCARD min=2 max=2 generated_lens=[2] shorter_legal_exists=False shorter_missed=False
[TRUNC] turn=118 ctx=MAIN opts=145 kept=64 dropped_types={ATTACH:81}
[MULTISELECT] ctx=DISCARD min=2 max=2 generated_lens=[2] shorter_legal_exists=False shorter_missed=False
[TRUNC] turn=120 ctx=MAIN opts=151 kept=64 dropped_types={ATTACH:87}
[TRUNC] turn=122 ctx=MAIN opts=151 kept=64 dropped_types={ATTACH:87}
[MULTISELECT] ctx=DISCARD min=2 max=2 generated_lens=[2] shorter_legal_exists=False shorter_missed=False
[MULTISELECT] ctx=DISCARD min=2 max=2 generated_lens=[2] shorter_legal_exists=False shorter_missed=False
[TRUNC] turn=132 ctx=MAIN opts=67 kept=64 dropped_types={ATTACH:3}
[TRUNC] turn=134 ctx=MAIN opts=67 kept=64 dropped_types={ATTACH:3}
[TRUNC] turn=136 ctx=MAIN opts=67 kept=64 dropped_types={ATTACH:3}
[MULTISELECT] ctx=DISCARD min=2 max=2 generated_lens=[2] shorter_legal_exists=False shorter_missed=False
[MULTISELECT] ctx=DISCARD min=2 max=2 generated_lens=[2] shorter_legal_exists=False shorter_missed=False
[MULTISELECT] ctx=DISCARD min=2 max=2 generated_lens=[2] shorter_legal_exists=False shorter_missed=False
[TRUNC] turn=136 ctx=MAIN opts=67 kept=64 dropped_types={ATTACH:3}
[TRUNC] turn=138 ctx=MAIN opts=67 kept=64 dropped_types={ATTACH:3}
[TRUNC] turn=140 ctx=MAIN opts=67 kept=64 dropped_types={ATTACH:3}
[TRUNC] turn=137 ctx=MAIN opts=66 kept=64 dropped_types={ATTACH:1,PLAY:1}
[TRUNC] turn=138 ctx=MAIN opts=73 kept=64 dropped_types={ATTACH:9}
[TRUNC] turn=140 ctx=MAIN opts=73 kept=64 dropped_types={ATTACH:9}
[TRUNC] turn=142 ctx=MAIN opts=73 kept=64 dropped_types={ATTACH:9}
[TRUNC] turn=139 ctx=MAIN opts=68 kept=64 dropped_types={ATTACH:3,PLAY:1}
[TRUNC] turn=140 ctx=MAIN opts=79 kept=64 dropped_types={ATTACH:15}
[TRUNC] turn=142 ctx=MAIN opts=79 kept=64 dropped_types={ATTACH:15}
[TRUNC] turn=144 ctx=MAIN opts=79 kept=64 dropped_types={ATTACH:15}
[TRUNC] turn=141 ctx=MAIN opts=70 kept=64 dropped_types={ATTACH:5,PLAY:1}
[TRUNC] turn=141 ctx=MAIN opts=70 kept=64 dropped_types={ATTACH:5,PLAY:1}
[TRUNC] turn=141 ctx=MAIN opts=70 kept=64 dropped_types={ATTACH:5,PLAY:1}
[TRUNC] turn=141 ctx=MAIN opts=70 kept=64 dropped_types={ATTACH:5,PLAY:1}
[TRUNC] turn=142 ctx=MAIN opts=85 kept=64 dropped_types={ATTACH:21}
[TRUNC] turn=144 ctx=MAIN opts=85 kept=64 dropped_types={ATTACH:21}
[TRUNC] turn=146 ctx=MAIN opts=85 kept=64 dropped_types={ATTACH:21}
[TRUNC] turn=143 ctx=MAIN opts=72 kept=64 dropped_types={ATTACH:7,PLAY:1}
[TRUNC] turn=144 ctx=MAIN opts=91 kept=64 dropped_types={ATTACH:27}
[TRUNC] turn=146 ctx=MAIN opts=91 kept=64 dropped_types={ATTACH:27}
[TRUNC] turn=148 ctx=MAIN opts=91 kept=64 dropped_types={ATTACH:27}
[TRUNC] turn=145 ctx=MAIN opts=74 kept=64 dropped_types={ATTACH:9,PLAY:1}
[TRUNC] turn=146 ctx=MAIN opts=97 kept=64 dropped_types={ATTACH:33}
[TRUNC] turn=148 ctx=MAIN opts=97 kept=64 dropped_types={ATTACH:33}
[TRUNC] turn=150 ctx=MAIN opts=97 kept=64 dropped_types={ATTACH:33}
[TRUNC] turn=147 ctx=MAIN opts=76 kept=64 dropped_types={ATTACH:11,PLAY:1}
[TRUNC] turn=148 ctx=MAIN opts=103 kept=64 dropped_types={ATTACH:39}
[TRUNC] turn=150 ctx=MAIN opts=103 kept=64 dropped_types={ATTACH:39}
[TRUNC] turn=152 ctx=MAIN opts=103 kept=64 dropped_types={ATTACH:39}
[TRUNC] turn=149 ctx=MAIN opts=78 kept=64 dropped_types={ATTACH:13,PLAY:1}
[TRUNC] turn=150 ctx=MAIN opts=109 kept=64 dropped_types={ATTACH:45}
[TRUNC] turn=152 ctx=MAIN opts=109 kept=64 dropped_types={ATTACH:45}
[TRUNC] turn=151 ctx=MAIN opts=80 kept=64 dropped_types={ATTACH:15,PLAY:1}
[TRUNC] turn=152 ctx=MAIN opts=115 kept=64 dropped_types={ATTACH:51}
[TRUNC] turn=154 ctx=MAIN opts=115 kept=64 dropped_types={ATTACH:51}
[TRUNC] turn=153 ctx=MAIN opts=82 kept=64 dropped_types={ATTACH:17,PLAY:1}
[TRUNC] turn=154 ctx=MAIN opts=121 kept=64 dropped_types={ATTACH:57}
[TRUNC] turn=155 ctx=MAIN opts=84 kept=64 dropped_types={ATTACH:19,PLAY:1}
[TRUNC] turn=155 ctx=MAIN opts=84 kept=64 dropped_types={ATTACH:19,PLAY:1}
[TRUNC] turn=155 ctx=MAIN opts=84 kept=64 dropped_types={ATTACH:19,PLAY:1}
[TRUNC] turn=155 ctx=MAIN opts=84 kept=64 dropped_types={ATTACH:19,PLAY:1}
[TRUNC] turn=155 ctx=MAIN opts=84 kept=64 dropped_types={ATTACH:19,PLAY:1}
[TRUNC] turn=155 ctx=MAIN opts=84 kept=64 dropped_types={ATTACH:19,PLAY:1}
[MULTISELECT] ctx=DISCARD min=2 max=2 generated_lens=[2] shorter_legal_exists=False shorter_missed=False
[MULTISELECT] ctx=TO_HAND min=0 max=3 generated_lens=[3] shorter_legal_exists=True shorter_missed=True
[MULTISELECT] ctx=DISCARD min=2 max=2 generated_lens=[2] shorter_legal_exists=False shorter_missed=False
[MULTISELECT] ctx=TO_HAND min=0 max=3 generated_lens=[3] shorter_legal_exists=True shorter_missed=True
[MULTISELECT] ctx=DISCARD min=2 max=2 generated_lens=[2] shorter_legal_exists=False shorter_missed=False
[MULTISELECT] ctx=TO_HAND min=0 max=3 generated_lens=[3] shorter_legal_exists=True shorter_missed=True
[MULTISELECT] ctx=DISCARD min=2 max=2 generated_lens=[2] shorter_legal_exists=False shorter_missed=False
[MULTISELECT] ctx=TO_HAND min=0 max=3 generated_lens=[3] shorter_legal_exists=True shorter_missed=True
[MULTISELECT] ctx=DISCARD min=2 max=2 generated_lens=[2] shorter_legal_exists=False shorter_missed=False
[MULTISELECT] ctx=TO_HAND min=0 max=3 generated_lens=[3] shorter_legal_exists=True shorter_missed=True
[MULTISELECT] ctx=DISCARD min=2 max=2 generated_lens=[2] shorter_legal_exists=False shorter_missed=False
[MULTISELECT] ctx=TO_HAND min=0 max=3 generated_lens=[3] shorter_legal_exists=True shorter_missed=True
[MULTISELECT] ctx=DISCARD min=2 max=2 generated_lens=[2] shorter_legal_exists=False shorter_missed=False
[MULTISELECT] ctx=TO_HAND min=0 max=3 generated_lens=[3] shorter_legal_exists=True shorter_missed=True
[MULTISELECT] ctx=DISCARD min=2 max=2 generated_lens=[2] shorter_legal_exists=False shorter_missed=False
[MULTISELECT] ctx=DISCARD min=2 max=2 generated_lens=[2] shorter_legal_exists=False shorter_missed=False
[MULTISELECT] ctx=ATTACH_TO min=0 max=5 generated_lens=[5] shorter_legal_exists=True shorter_missed=True
[MULTISELECT] ctx=ATTACH_TO min=0 max=4 generated_lens=[4] shorter_legal_exists=True shorter_missed=True
[MULTISELECT] ctx=ATTACH_TO min=0 max=5 generated_lens=[5] shorter_legal_exists=True shorter_missed=True
[MULTISELECT] ctx=TO_HAND min=2 max=2 generated_lens=[2] shorter_legal_exists=False shorter_missed=False
[MULTISELECT] ctx=TO_HAND min=2 max=2 generated_lens=[2] shorter_legal_exists=False shorter_missed=False
[MULTISELECT] ctx=TO_HAND min=2 max=2 generated_lens=[2] shorter_legal_exists=False shorter_missed=False
[MULTISELECT] ctx=TO_HAND min=2 max=2 generated_lens=[2] shorter_legal_exists=False shorter_missed=False
[MULTISELECT] ctx=TO_HAND min=2 max=2 generated_lens=[2] shorter_legal_exists=False shorter_missed=False
[MULTISELECT] ctx=TO_HAND min=2 max=2 generated_lens=[2] shorter_legal_exists=False shorter_missed=False
[MULTISELECT] ctx=SETUP_BENCH_POKEMON min=0 max=5 generated_lens=[5] shorter_legal_exists=True shorter_missed=True
[MULTISELECT] ctx=SETUP_BENCH_POKEMON min=0 max=5 generated_lens=[5] shorter_legal_exists=True shorter_missed=True
[MULTISELECT] ctx=TO_HAND min=0 max=3 generated_lens=[3] shorter_legal_exists=True shorter_missed=True
[MULTISELECT] ctx=TO_HAND min=0 max=3 generated_lens=[3] shorter_legal_exists=True shorter_missed=True
[MULTISELECT] ctx=TO_HAND min=0 max=3 generated_lens=[3] shorter_legal_exists=True shorter_missed=True
[MULTISELECT] ctx=DISCARD min=2 max=2 generated_lens=[2] shorter_legal_exists=False shorter_missed=False
[MULTISELECT] ctx=DISCARD min=2 max=2 generated_lens=[2] shorter_legal_exists=False shorter_missed=False
[MULTISELECT] ctx=TO_HAND min=0 max=3 generated_lens=[3] shorter_legal_exists=True shorter_missed=True
[MULTISELECT] ctx=TO_HAND min=0 max=3 generated_lens=[3] shorter_legal_exists=True shorter_missed=True
[MULTISELECT] ctx=TO_HAND min=0 max=3 generated_lens=[3] shorter_legal_exists=True shorter_missed=True
[MULTISELECT] ctx=TO_HAND min=0 max=3 generated_lens=[3] shorter_legal_exists=True shorter_missed=True
[MULTISELECT] ctx=TO_HAND min=0 max=3 generated_lens=[3] shorter_legal_exists=True shorter_missed=True
[MULTISELECT] ctx=TO_HAND min=0 max=3 generated_lens=[3] shorter_legal_exists=True shorter_missed=True
[MULTISELECT] ctx=TO_BENCH min=0 max=2 generated_lens=[2] shorter_legal_exists=True shorter_missed=True
[MULTISELECT] ctx=TO_HAND min=0 max=3 generated_lens=[3] shorter_legal_exists=True shorter_missed=True
[MULTISELECT] ctx=TO_HAND min=0 max=3 generated_lens=[3] shorter_legal_exists=True shorter_missed=True
[MULTISELECT] ctx=TO_BENCH min=0 max=2 generated_lens=[2] shorter_legal_exists=True shorter_missed=True
[MULTISELECT] ctx=TO_BENCH min=0 max=2 generated_lens=[2] shorter_legal_exists=True shorter_missed=True
[MULTISELECT] ctx=TO_BENCH min=0 max=2 generated_lens=[2] shorter_legal_exists=True shorter_missed=True
[MULTISELECT] ctx=ATTACH_TO min=0 max=5 generated_lens=[5] shorter_legal_exists=True shorter_missed=True
[MULTISELECT] ctx=TO_BENCH min=0 max=2 generated_lens=[2] shorter_legal_exists=True shorter_missed=True
[MULTISELECT] ctx=ATTACH_TO min=0 max=4 generated_lens=[4] shorter_legal_exists=True shorter_missed=True
[MULTISELECT] ctx=TO_BENCH min=0 max=2 generated_lens=[2] shorter_legal_exists=True shorter_missed=True
[MULTISELECT] ctx=ATTACH_TO min=0 max=5 generated_lens=[5] shorter_legal_exists=True shorter_missed=True
[MULTISELECT] ctx=ATTACH_TO min=0 max=5 generated_lens=[5] shorter_legal_exists=True shorter_missed=True
[MULTISELECT] ctx=ATTACH_TO min=0 max=5 generated_lens=[5] shorter_legal_exists=True shorter_missed=True
[MULTISELECT] ctx=ATTACH_TO min=0 max=5 generated_lens=[5] shorter_legal_exists=True shorter_missed=True
[MULTISELECT] ctx=TO_HAND min=0 max=3 generated_lens=[3] shorter_legal_exists=True shorter_missed=True
[MULTISELECT] ctx=TO_HAND min=0 max=3 generated_lens=[3] shorter_legal_exists=True shorter_missed=True
[MULTISELECT] ctx=DISCARD min=2 max=2 generated_lens=[2] shorter_legal_exists=False shorter_missed=False
[MULTISELECT] ctx=DISCARD min=2 max=2 generated_lens=[2] shorter_legal_exists=False shorter_missed=False
[TRUNC] turn=21 ctx=MAIN opts=68 kept=64 dropped_types={ABILITY:1,ATTACH:3}
[TRUNC] turn=21 ctx=MAIN opts=68 kept=64 dropped_types={ABILITY:1,ATTACH:3}
[TRUNC] turn=21 ctx=MAIN opts=68 kept=64 dropped_types={ABILITY:1,ATTACH:3}
[TRUNC] turn=21 ctx=MAIN opts=68 kept=64 dropped_types={ABILITY:1,ATTACH:3}
[TRUNC] turn=21 ctx=MAIN opts=68 kept=64 dropped_types={ABILITY:1,ATTACH:3}
[TRUNC] turn=21 ctx=MAIN opts=68 kept=64 dropped_types={ABILITY:1,ATTACH:3}
[TRUNC] turn=21 ctx=MAIN opts=68 kept=64 dropped_types={ABILITY:1,ATTACH:3}
[TRUNC] turn=21 ctx=MAIN opts=68 kept=64 dropped_types={ABILITY:1,ATTACH:3}
[TRUNC] turn=21 ctx=MAIN opts=68 kept=64 dropped_types={ABILITY:1,ATTACH:3}
[TRUNC] turn=21 ctx=MAIN opts=68 kept=64 dropped_types={ABILITY:1,ATTACH:3}
[TRUNC] turn=21 ctx=MAIN opts=67 kept=64 dropped_types={ATTACH:3}
[TRUNC] turn=21 ctx=MAIN opts=67 kept=64 dropped_types={ATTACH:3}
[TRUNC] turn=21 ctx=MAIN opts=67 kept=64 dropped_types={ATTACH:3}
[TRUNC] turn=23 ctx=MAIN opts=73 kept=64 dropped_types={ATTACH:9}
[TRUNC] turn=23 ctx=MAIN opts=75 kept=64 dropped_types={ATTACH:10,RETREAT:1}
[TRUNC] turn=23 ctx=MAIN opts=75 kept=64 dropped_types={ATTACH:10,RETREAT:1}
[MULTISELECT] ctx=DISCARD_ENERGY_CARD min=0 max=2 generated_lens=[2] shorter_legal_exists=True shorter_missed=True
[MULTISELECT] ctx=DISCARD_ENERGY_CARD min=0 max=2 generated_lens=[2] shorter_legal_exists=True shorter_missed=True
[MULTISELECT] ctx=DISCARD min=2 max=2 generated_lens=[2] shorter_legal_exists=False shorter_missed=False
[MULTISELECT] ctx=DISCARD min=2 max=2 generated_lens=[2] shorter_legal_exists=False shorter_missed=False
[MULTISELECT] ctx=DISCARD_ENERGY_CARD min=0 max=2 generated_lens=[2] shorter_legal_exists=True shorter_missed=True
[MULTISELECT] ctx=DISCARD min=2 max=2 generated_lens=[2] shorter_legal_exists=False shorter_missed=False
[MULTISELECT] ctx=DISCARD_ENERGY_CARD min=0 max=2 generated_lens=[2] shorter_legal_exists=True shorter_missed=True
[MULTISELECT] ctx=TO_HAND min=0 max=2 generated_lens=[2] shorter_legal_exists=True shorter_missed=True
[MULTISELECT] ctx=TO_HAND min=0 max=2 generated_lens=[2] shorter_legal_exists=True shorter_missed=True
[MULTISELECT] ctx=DISCARD_ENERGY_CARD min=0 max=2 generated_lens=[2] shorter_legal_exists=True shorter_missed=True
[MULTISELECT] ctx=DISCARD_ENERGY_CARD min=0 max=2 generated_lens=[2] shorter_legal_exists=True shorter_missed=True
[MULTISELECT] ctx=DISCARD_ENERGY_CARD min=0 max=2 generated_lens=[2] shorter_legal_exists=True shorter_missed=True
[MULTISELECT] ctx=DISCARD_ENERGY_CARD min=0 max=2 generated_lens=[2] shorter_legal_exists=True shorter_missed=True
[MULTISELECT] ctx=DISCARD min=2 max=2 generated_lens=[2] shorter_legal_exists=False shorter_missed=False
[MULTISELECT] ctx=DISCARD min=2 max=2 generated_lens=[2] shorter_legal_exists=False shorter_missed=False
[MULTISELECT] ctx=DISCARD min=2 max=2 generated_lens=[2] shorter_legal_exists=False shorter_missed=False
[MULTISELECT] ctx=DISCARD min=2 max=2 generated_lens=[2] shorter_legal_exists=False shorter_missed=False
[MULTISELECT] ctx=DISCARD min=2 max=2 generated_lens=[2] shorter_legal_exists=False shorter_missed=False
[MULTISELECT] ctx=DISCARD min=2 max=2 generated_lens=[2] shorter_legal_exists=False shorter_missed=False
[MULTISELECT] ctx=TO_HAND min=2 max=2 generated_lens=[2] shorter_legal_exists=False shorter_missed=False
[MULTISELECT] ctx=TO_HAND min=2 max=2 generated_lens=[2] shorter_legal_exists=False shorter_missed=False
[MULTISELECT] ctx=TO_HAND min=2 max=2 generated_lens=[2] shorter_legal_exists=False shorter_missed=False
[TRUNC] turn=37 ctx=MAIN opts=79 kept=64 dropped_types={ATTACH:13,PLAY:1,RETREAT:1}
[TRUNC] turn=37 ctx=MAIN opts=79 kept=64 dropped_types={ATTACH:13,PLAY:1,RETREAT:1}
[MULTISELECT] ctx=TO_HAND min=2 max=2 generated_lens=[2] shorter_legal_exists=False shorter_missed=False
[MULTISELECT] ctx=TO_HAND min=2 max=2 generated_lens=[2] shorter_legal_exists=False shorter_missed=False
[MULTISELECT] ctx=TO_HAND min=2 max=2 generated_lens=[2] shorter_legal_exists=False shorter_missed=False
[TRUNC] turn=39 ctx=MAIN opts=94 kept=64 dropped_types={ATTACH:28,PLAY:1,RETREAT:1}
[TRUNC] turn=39 ctx=MAIN opts=94 kept=64 dropped_types={ATTACH:28,PLAY:1,RETREAT:1}
[TRUNC] turn=39 ctx=MAIN opts=94 kept=64 dropped_types={ATTACH:28,PLAY:1,RETREAT:1}
[TRUNC] turn=39 ctx=MAIN opts=94 kept=64 dropped_types={ATTACH:28,PLAY:1,RETREAT:1}
[MULTISELECT] ctx=SETUP_BENCH_POKEMON min=0 max=5 generated_lens=[5] shorter_legal_exists=True shorter_missed=True
[MULTISELECT] ctx=DISCARD min=2 max=2 generated_lens=[2] shorter_legal_exists=False shorter_missed=False
[MULTISELECT] ctx=DISCARD min=2 max=2 generated_lens=[2] shorter_legal_exists=False shorter_missed=False
[MULTISELECT] ctx=DISCARD min=2 max=2 generated_lens=[2] shorter_legal_exists=False shorter_missed=False
[MULTISELECT] ctx=DISCARD min=2 max=2 generated_lens=[2] shorter_legal_exists=False shorter_missed=False
[MULTISELECT] ctx=TO_HAND min=0 max=3 generated_lens=[3] shorter_legal_exists=True shorter_missed=True
[MULTISELECT] ctx=TO_HAND min=0 max=3 generated_lens=[3] shorter_legal_exists=True shorter_missed=True
[MULTISELECT] ctx=TO_HAND min=0 max=3 generated_lens=[3] shorter_legal_exists=True shorter_missed=True
[MULTISELECT] ctx=TO_HAND min=0 max=2 generated_lens=[2] shorter_legal_exists=True shorter_missed=True
[TRUNC] turn=24 ctx=MAIN opts=67 kept=64 dropped_types={ATTACH:3}
[TRUNC] turn=26 ctx=MAIN opts=73 kept=64 dropped_types={ATTACH:9}
[TRUNC] turn=28 ctx=MAIN opts=73 kept=64 dropped_types={ATTACH:9}
[TRUNC] turn=28 ctx=MAIN opts=73 kept=64 dropped_types={ATTACH:9}
[TRUNC] turn=28 ctx=MAIN opts=73 kept=64 dropped_types={ATTACH:9}
[TRUNC] turn=30 ctx=MAIN opts=73 kept=64 dropped_types={ATTACH:9}
[TRUNC] turn=30 ctx=MAIN opts=73 kept=64 dropped_types={ATTACH:9}
[TRUNC] turn=32 ctx=MAIN opts=79 kept=64 dropped_types={ATTACH:15}
[TRUNC] turn=34 ctx=MAIN opts=73 kept=64 dropped_types={ATTACH:9}
[TRUNC] turn=34 ctx=MAIN opts=85 kept=64 dropped_types={ATTACH:21}
[TRUNC] turn=36 ctx=MAIN opts=91 kept=64 dropped_types={ATTACH:27}
[TRUNC] turn=38 ctx=MAIN opts=85 kept=64 dropped_types={ATTACH:21}
[TRUNC] turn=38 ctx=MAIN opts=97 kept=64 dropped_types={ATTACH:33}
[TRUNC] turn=40 ctx=MAIN opts=91 kept=64 dropped_types={ATTACH:27}
[MULTISELECT] ctx=DISCARD min=2 max=2 generated_lens=[2] shorter_legal_exists=False shorter_missed=False
[MULTISELECT] ctx=DISCARD min=2 max=2 generated_lens=[2] shorter_legal_exists=False shorter_missed=False
[TRUNC] turn=40 ctx=MAIN opts=91 kept=64 dropped_types={ATTACH:27}
[TRUNC] turn=42 ctx=MAIN opts=85 kept=64 dropped_types={ATTACH:21}
[MULTISELECT] ctx=DISCARD min=2 max=2 generated_lens=[2] shorter_legal_exists=False shorter_missed=False
[MULTISELECT] ctx=DISCARD min=2 max=2 generated_lens=[2] shorter_legal_exists=False shorter_missed=False
[TRUNC] turn=42 ctx=MAIN opts=79 kept=64 dropped_types={ATTACH:15}
[TRUNC] turn=42 ctx=MAIN opts=79 kept=64 dropped_types={ATTACH:15}
[TRUNC] turn=42 ctx=MAIN opts=79 kept=64 dropped_types={ATTACH:15}
[TRUNC] turn=42 ctx=MAIN opts=79 kept=64 dropped_types={ATTACH:15}
[TRUNC] turn=42 ctx=MAIN opts=79 kept=64 dropped_types={ATTACH:15}
[TRUNC] turn=42 ctx=MAIN opts=79 kept=64 dropped_types={ATTACH:15}
[TRUNC] turn=44 ctx=MAIN opts=85 kept=64 dropped_types={ATTACH:21}
[TRUNC] turn=44 ctx=MAIN opts=85 kept=64 dropped_types={ATTACH:21}
[TRUNC] turn=44 ctx=MAIN opts=85 kept=64 dropped_types={ATTACH:21}
[MULTISELECT] ctx=DISCARD min=2 max=2 generated_lens=[2] shorter_legal_exists=False shorter_missed=False
[MULTISELECT] ctx=DISCARD min=2 max=2 generated_lens=[2] shorter_legal_exists=False shorter_missed=False
[TRUNC] turn=56 ctx=MAIN opts=67 kept=64 dropped_types={ATTACH:3}
[TRUNC] turn=58 ctx=MAIN opts=73 kept=64 dropped_types={ATTACH:9}
[TRUNC] turn=60 ctx=MAIN opts=79 kept=64 dropped_types={ATTACH:15}
[TRUNC] turn=62 ctx=MAIN opts=85 kept=64 dropped_types={ATTACH:21}
[MULTISELECT] ctx=DISCARD min=2 max=2 generated_lens=[2] shorter_legal_exists=False shorter_missed=False
[MULTISELECT] ctx=DISCARD min=2 max=2 generated_lens=[2] shorter_legal_exists=False shorter_missed=False
[TRUNC] turn=64 ctx=MAIN opts=79 kept=64 dropped_types={ATTACH:15}
[TRUNC] turn=66 ctx=MAIN opts=85 kept=64 dropped_types={ATTACH:21}
[TRUNC] turn=68 ctx=MAIN opts=91 kept=64 dropped_types={ATTACH:27}
[TRUNC] turn=70 ctx=MAIN opts=97 kept=64 dropped_types={ATTACH:33}
[TRUNC] turn=72 ctx=MAIN opts=91 kept=64 dropped_types={ATTACH:27}
[TRUNC] turn=72 ctx=MAIN opts=103 kept=64 dropped_types={ATTACH:39}
[TRUNC] turn=72 ctx=MAIN opts=103 kept=64 dropped_types={ATTACH:39}
[TRUNC] turn=74 ctx=MAIN opts=109 kept=64 dropped_types={ATTACH:45}
[TRUNC] turn=74 ctx=MAIN opts=109 kept=64 dropped_types={ATTACH:45}
[TRUNC] turn=74 ctx=MAIN opts=109 kept=64 dropped_types={ATTACH:45}
[TRUNC] turn=74 ctx=MAIN opts=109 kept=64 dropped_types={ATTACH:45}
[TRUNC] turn=74 ctx=MAIN opts=109 kept=64 dropped_types={ATTACH:45}
[TRUNC] turn=74 ctx=MAIN opts=109 kept=64 dropped_types={ATTACH:45}
[TRUNC] turn=74 ctx=MAIN opts=109 kept=64 dropped_types={ATTACH:45}
[TRUNC] turn=74 ctx=MAIN opts=109 kept=64 dropped_types={ATTACH:45}
[TRUNC] turn=74 ctx=MAIN opts=109 kept=64 dropped_types={ATTACH:45}
[TRUNC] turn=74 ctx=MAIN opts=109 kept=64 dropped_types={ATTACH:45}
[TRUNC] turn=74 ctx=MAIN opts=109 kept=64 dropped_types={ATTACH:45}
[TRUNC] turn=74 ctx=MAIN opts=109 kept=64 dropped_types={ATTACH:45}
[TRUNC] turn=74 ctx=MAIN opts=109 kept=64 dropped_types={ATTACH:45}
[TRUNC] turn=74 ctx=MAIN opts=109 kept=64 dropped_types={ATTACH:45}
[TRUNC] turn=74 ctx=MAIN opts=109 kept=64 dropped_types={ATTACH:45}
[TRUNC] turn=74 ctx=MAIN opts=109 kept=64 dropped_types={ATTACH:45}
[TRUNC] turn=74 ctx=MAIN opts=109 kept=64 dropped_types={ATTACH:45}
[MULTISELECT] ctx=DISCARD min=2 max=2 generated_lens=[2] shorter_legal_exists=False shorter_missed=False
[MULTISELECT] ctx=DISCARD min=2 max=2 generated_lens=[2] shorter_legal_exists=False shorter_missed=False
[TRUNC] turn=74 ctx=MAIN opts=109 kept=64 dropped_types={ATTACH:45}
[TRUNC] turn=74 ctx=MAIN opts=109 kept=64 dropped_types={ATTACH:45}
[TRUNC] turn=74 ctx=MAIN opts=109 kept=64 dropped_types={ATTACH:45}
[TRUNC] turn=74 ctx=MAIN opts=109 kept=64 dropped_types={ATTACH:45}
[TRUNC] turn=74 ctx=MAIN opts=109 kept=64 dropped_types={ATTACH:45}
[TRUNC] turn=74 ctx=MAIN opts=109 kept=64 dropped_types={ATTACH:45}
[TRUNC] turn=74 ctx=MAIN opts=109 kept=64 dropped_types={ATTACH:45}
[TRUNC] turn=74 ctx=MAIN opts=109 kept=64 dropped_types={ATTACH:45}
[TRUNC] turn=74 ctx=MAIN opts=109 kept=64 dropped_types={ATTACH:45}
[TRUNC] turn=76 ctx=MAIN opts=109 kept=64 dropped_types={ATTACH:45}
[TRUNC] turn=76 ctx=MAIN opts=109 kept=64 dropped_types={ATTACH:45}
[TRUNC] turn=76 ctx=MAIN opts=109 kept=64 dropped_types={ATTACH:45}
[MULTISELECT] ctx=DISCARD min=2 max=2 generated_lens=[2] shorter_legal_exists=False shorter_missed=False
[TRUNC] turn=76 ctx=MAIN opts=109 kept=64 dropped_types={ATTACH:45}
[MULTISELECT] ctx=DISCARD min=2 max=2 generated_lens=[2] shorter_legal_exists=False shorter_missed=False
[TRUNC] turn=76 ctx=MAIN opts=109 kept=64 dropped_types={ATTACH:45}
[TRUNC] turn=76 ctx=MAIN opts=109 kept=64 dropped_types={ATTACH:45}
[TRUNC] turn=76 ctx=MAIN opts=109 kept=64 dropped_types={ATTACH:45}
[TRUNC] turn=76 ctx=MAIN opts=109 kept=64 dropped_types={ATTACH:45}
[TRUNC] turn=76 ctx=MAIN opts=109 kept=64 dropped_types={ATTACH:45}
[TRUNC] turn=76 ctx=MAIN opts=109 kept=64 dropped_types={ATTACH:45}
[TRUNC] turn=76 ctx=MAIN opts=109 kept=64 dropped_types={ATTACH:45}
[TRUNC] turn=76 ctx=MAIN opts=109 kept=64 dropped_types={ATTACH:45}
[TRUNC] turn=76 ctx=MAIN opts=109 kept=64 dropped_types={ATTACH:45}
[TRUNC] turn=76 ctx=MAIN opts=109 kept=64 dropped_types={ATTACH:45}
[TRUNC] turn=76 ctx=MAIN opts=109 kept=64 dropped_types={ATTACH:45}
[TRUNC] turn=76 ctx=MAIN opts=109 kept=64 dropped_types={ATTACH:45}
[TRUNC] turn=76 ctx=MAIN opts=109 kept=64 dropped_types={ATTACH:45}
[TRUNC] turn=76 ctx=MAIN opts=109 kept=64 dropped_types={ATTACH:45}
[TRUNC] turn=76 ctx=MAIN opts=109 kept=64 dropped_types={ATTACH:45}
[MULTISELECT] ctx=TO_HAND min=0 max=2 generated_lens=[2] shorter_legal_exists=True shorter_missed=True
[TRUNC] turn=78 ctx=MAIN opts=79 kept=64 dropped_types={ATTACH:15}
[MULTISELECT] ctx=DISCARD min=2 max=2 generated_lens=[2] shorter_legal_exists=False shorter_missed=False
[TRUNC] turn=78 ctx=MAIN opts=79 kept=64 dropped_types={ATTACH:15}
[MULTISELECT] ctx=DISCARD min=2 max=2 generated_lens=[2] shorter_legal_exists=False shorter_missed=False
[TRUNC] turn=78 ctx=MAIN opts=79 kept=64 dropped_types={ATTACH:15}
[TRUNC] turn=78 ctx=MAIN opts=79 kept=64 dropped_types={ATTACH:15}
[TRUNC] turn=78 ctx=MAIN opts=79 kept=64 dropped_types={ATTACH:15}
[TRUNC] turn=78 ctx=MAIN opts=79 kept=64 dropped_types={ATTACH:15}
[TRUNC] turn=78 ctx=MAIN opts=79 kept=64 dropped_types={ATTACH:15}
[TRUNC] turn=78 ctx=MAIN opts=79 kept=64 dropped_types={ATTACH:15}
[MULTISELECT] ctx=DISCARD min=2 max=2 generated_lens=[2] shorter_legal_exists=False shorter_missed=False
[MULTISELECT] ctx=SETUP_BENCH_POKEMON min=0 max=5 generated_lens=[5] shorter_legal_exists=True shorter_missed=True
[MULTISELECT] ctx=SETUP_BENCH_POKEMON min=0 max=5 generated_lens=[5] shorter_legal_exists=True shorter_missed=True
[MULTISELECT] ctx=TO_HAND min=0 max=3 generated_lens=[3] shorter_legal_exists=True shorter_missed=True
[MULTISELECT] ctx=DISCARD min=2 max=2 generated_lens=[2] shorter_legal_exists=False shorter_missed=False
[MULTISELECT] ctx=TO_HAND min=0 max=3 generated_lens=[3] shorter_legal_exists=True shorter_missed=True
[MULTISELECT] ctx=DISCARD min=2 max=2 generated_lens=[2] shorter_legal_exists=False shorter_missed=False
[MULTISELECT] ctx=DISCARD min=2 max=2 generated_lens=[2] shorter_legal_exists=False shorter_missed=False
[MULTISELECT] ctx=DISCARD min=2 max=2 generated_lens=[2] shorter_legal_exists=False shorter_missed=False
[MULTISELECT] ctx=DISCARD min=2 max=2 generated_lens=[2] shorter_legal_exists=False shorter_missed=False
[MULTISELECT] ctx=TO_HAND min=0 max=3 generated_lens=[3] shorter_legal_exists=True shorter_missed=True
[MULTISELECT] ctx=TO_HAND min=0 max=3 generated_lens=[3] shorter_legal_exists=True shorter_missed=True
[MULTISELECT] ctx=TO_HAND min=0 max=3 generated_lens=[3] shorter_legal_exists=True shorter_missed=True
[MULTISELECT] ctx=DISCARD min=2 max=2 generated_lens=[2] shorter_legal_exists=False shorter_missed=False
[MULTISELECT] ctx=DISCARD min=2 max=2 generated_lens=[2] shorter_legal_exists=False shorter_missed=False
[MULTISELECT] ctx=DISCARD min=2 max=2 generated_lens=[2] shorter_legal_exists=False shorter_missed=False
[MULTISELECT] ctx=DISCARD min=2 max=2 generated_lens=[2] shorter_legal_exists=False shorter_missed=False
[MULTISELECT] ctx=DISCARD min=2 max=2 generated_lens=[2] shorter_legal_exists=False shorter_missed=False
[MULTISELECT] ctx=DISCARD min=2 max=2 generated_lens=[2] shorter_legal_exists=False shorter_missed=False
[MULTISELECT] ctx=TO_HAND min=0 max=2 generated_lens=[2] shorter_legal_exists=True shorter_missed=True
[MULTISELECT] ctx=TO_HAND min=0 max=2 generated_lens=[2] shorter_legal_exists=True shorter_missed=True
[MULTISELECT] ctx=TO_HAND min=0 max=2 generated_lens=[2] shorter_legal_exists=True shorter_missed=True
[MULTISELECT] ctx=TO_HAND min=0 max=2 generated_lens=[2] shorter_legal_exists=True shorter_missed=True
[TRUNC] turn=47 ctx=MAIN opts=67 kept=64 dropped_types={ATTACH:3}
[TRUNC] turn=47 ctx=MAIN opts=67 kept=64 dropped_types={ATTACH:3}
[TRUNC] turn=49 ctx=MAIN opts=73 kept=64 dropped_types={ATTACH:9}
[TRUNC] turn=49 ctx=MAIN opts=73 kept=64 dropped_types={ATTACH:9}
[TRUNC] turn=51 ctx=MAIN opts=79 kept=64 dropped_types={ATTACH:15}
[TRUNC] turn=51 ctx=MAIN opts=79 kept=64 dropped_types={ATTACH:15}
[TRUNC] turn=53 ctx=MAIN opts=85 kept=64 dropped_types={ATTACH:21}
[TRUNC] turn=53 ctx=MAIN opts=85 kept=64 dropped_types={ATTACH:21}
[TRUNC] turn=55 ctx=MAIN opts=91 kept=64 dropped_types={ATTACH:27}
[TRUNC] turn=55 ctx=MAIN opts=91 kept=64 dropped_types={ATTACH:27}
[TRUNC] turn=57 ctx=MAIN opts=97 kept=64 dropped_types={ATTACH:33}
[TRUNC] turn=57 ctx=MAIN opts=97 kept=64 dropped_types={ATTACH:33}
[TRUNC] turn=57 ctx=MAIN opts=97 kept=64 dropped_types={ATTACH:33}
[TRUNC] turn=57 ctx=MAIN opts=97 kept=64 dropped_types={ATTACH:33}
[TRUNC] turn=57 ctx=MAIN opts=97 kept=64 dropped_types={ATTACH:33}
[MULTISELECT] ctx=DISCARD min=2 max=2 generated_lens=[2] shorter_legal_exists=False shorter_missed=False
[TRUNC] turn=57 ctx=MAIN opts=97 kept=64 dropped_types={ATTACH:33}
[MULTISELECT] ctx=DISCARD min=2 max=2 generated_lens=[2] shorter_legal_exists=False shorter_missed=False
[TRUNC] turn=57 ctx=MAIN opts=97 kept=64 dropped_types={ATTACH:33}
[MULTISELECT] ctx=DISCARD min=2 max=2 generated_lens=[2] shorter_legal_exists=False shorter_missed=False
[TRUNC] turn=57 ctx=MAIN opts=97 kept=64 dropped_types={ATTACH:33}
[TRUNC] turn=57 ctx=MAIN opts=97 kept=64 dropped_types={ATTACH:33}
[TRUNC] turn=57 ctx=MAIN opts=97 kept=64 dropped_types={ATTACH:33}
[TRUNC] turn=57 ctx=MAIN opts=97 kept=64 dropped_types={ATTACH:33}
[TRUNC] turn=57 ctx=MAIN opts=97 kept=64 dropped_types={ATTACH:33}
[TRUNC] turn=57 ctx=MAIN opts=97 kept=64 dropped_types={ATTACH:33}
[TRUNC] turn=57 ctx=MAIN opts=97 kept=64 dropped_types={ATTACH:33}
[TRUNC] turn=57 ctx=MAIN opts=97 kept=64 dropped_types={ATTACH:33}
[TRUNC] turn=57 ctx=MAIN opts=97 kept=64 dropped_types={ATTACH:33}
[TRUNC] turn=57 ctx=MAIN opts=97 kept=64 dropped_types={ATTACH:33}
[TRUNC] turn=57 ctx=MAIN opts=97 kept=64 dropped_types={ATTACH:33}
[TRUNC] turn=57 ctx=MAIN opts=97 kept=64 dropped_types={ATTACH:33}
[TRUNC] turn=57 ctx=MAIN opts=97 kept=64 dropped_types={ATTACH:33}
[TRUNC] turn=57 ctx=MAIN opts=67 kept=64 dropped_types={EVOLVE:3}
[TRUNC] turn=59 ctx=MAIN opts=73 kept=64 dropped_types={ATTACH:6,EVOLVE:3}
[TRUNC] turn=59 ctx=MAIN opts=103 kept=64 dropped_types={ATTACH:39}
[TRUNC] turn=59 ctx=MAIN opts=103 kept=64 dropped_types={ATTACH:39}
[TRUNC] turn=59 ctx=MAIN opts=103 kept=64 dropped_types={ATTACH:39}
[TRUNC] turn=59 ctx=MAIN opts=103 kept=64 dropped_types={ATTACH:39}
[TRUNC] turn=61 ctx=MAIN opts=103 kept=64 dropped_types={ATTACH:39}
[TRUNC] turn=59 ctx=MAIN opts=67 kept=64 dropped_types={EVOLVE:3}
[TRUNC] turn=61 ctx=MAIN opts=67 kept=64 dropped_types={EVOLVE:3}
[TRUNC] turn=61 ctx=MAIN opts=109 kept=64 dropped_types={ATTACH:45}
[TRUNC] turn=61 ctx=MAIN opts=73 kept=64 dropped_types={ATTACH:6,EVOLVE:3}
[TRUNC] turn=63 ctx=MAIN opts=73 kept=64 dropped_types={ATTACH:6,EVOLVE:2,PLAY:1}
[TRUNC] turn=61 ctx=MAIN opts=72 kept=64 dropped_types={ATTACH:6,EVOLVE:2}
[TRUNC] turn=63 ctx=MAIN opts=115 kept=64 dropped_types={ATTACH:51}
[TRUNC] turn=63 ctx=MAIN opts=115 kept=64 dropped_types={ATTACH:51}
[TRUNC] turn=63 ctx=MAIN opts=78 kept=64 dropped_types={ATTACH:12,EVOLVE:2}
[MULTISELECT] ctx=SETUP_BENCH_POKEMON min=0 max=5 generated_lens=[5] shorter_legal_exists=True shorter_missed=True
[MULTISELECT] ctx=SETUP_BENCH_POKEMON min=0 max=5 generated_lens=[5] shorter_legal_exists=True shorter_missed=True
[MULTISELECT] ctx=SETUP_BENCH_POKEMON min=0 max=5 generated_lens=[5] shorter_legal_exists=True shorter_missed=True
[MULTISELECT] ctx=SETUP_BENCH_POKEMON min=0 max=5 generated_lens=[5] shorter_legal_exists=True shorter_missed=True
[MULTISELECT] ctx=SETUP_BENCH_POKEMON min=0 max=2 generated_lens=[2] shorter_legal_exists=True shorter_missed=True
[MULTISELECT] ctx=DISCARD min=2 max=2 generated_lens=[2] shorter_legal_exists=False shorter_missed=False
[MULTISELECT] ctx=DISCARD min=2 max=2 generated_lens=[2] shorter_legal_exists=False shorter_missed=False
[MULTISELECT] ctx=DISCARD min=2 max=2 generated_lens=[2] shorter_legal_exists=False shorter_missed=False
[MULTISELECT] ctx=DISCARD min=2 max=2 generated_lens=[2] shorter_legal_exists=False shorter_missed=False
[MULTISELECT] ctx=DISCARD min=2 max=2 generated_lens=[2] shorter_legal_exists=False shorter_missed=False
[MULTISELECT] ctx=DISCARD min=2 max=2 generated_lens=[2] shorter_legal_exists=False shorter_missed=False
[MULTISELECT] ctx=DISCARD min=2 max=2 generated_lens=[2] shorter_legal_exists=False shorter_missed=False
[MULTISELECT] ctx=DISCARD min=2 max=2 generated_lens=[2] shorter_legal_exists=False shorter_missed=False
[MULTISELECT] ctx=DISCARD min=2 max=2 generated_lens=[2] shorter_legal_exists=False shorter_missed=False
[MULTISELECT] ctx=TO_HAND min=0 max=3 generated_lens=[3] shorter_legal_exists=True shorter_missed=True
[MULTISELECT] ctx=DISCARD min=2 max=2 generated_lens=[2] shorter_legal_exists=False shorter_missed=False
[MULTISELECT] ctx=DISCARD min=2 max=2 generated_lens=[2] shorter_legal_exists=False shorter_missed=False
[MULTISELECT] ctx=DISCARD min=2 max=2 generated_lens=[2] shorter_legal_exists=False shorter_missed=False
[MULTISELECT] ctx=DISCARD min=2 max=2 generated_lens=[2] shorter_legal_exists=False shorter_missed=False
[MULTISELECT] ctx=DISCARD min=2 max=2 generated_lens=[2] shorter_legal_exists=False shorter_missed=False
[TRUNC] turn=35 ctx=MAIN opts=70 kept=64 dropped_types={ATTACH:6}
[TRUNC] turn=35 ctx=MAIN opts=70 kept=64 dropped_types={ATTACH:6}
[TRUNC] turn=35 ctx=MAIN opts=70 kept=64 dropped_types={ATTACH:6}
[MULTISELECT] ctx=DISCARD min=2 max=2 generated_lens=[2] shorter_legal_exists=False shorter_missed=False
[MULTISELECT] ctx=DISCARD min=2 max=2 generated_lens=[2] shorter_legal_exists=False shorter_missed=False
[MULTISELECT] ctx=DISCARD min=2 max=2 generated_lens=[2] shorter_legal_exists=False shorter_missed=False
[MULTISELECT] ctx=DISCARD min=2 max=2 generated_lens=[2] shorter_legal_exists=False shorter_missed=False
[MULTISELECT] ctx=DISCARD min=2 max=2 generated_lens=[2] shorter_legal_exists=False shorter_missed=False
[TRUNC] turn=39 ctx=MAIN opts=74 kept=64 dropped_types={ATTACH:9,PLAY:1}
[TRUNC] turn=39 ctx=MAIN opts=76 kept=64 dropped_types={ATTACH:12}
[TRUNC] turn=39 ctx=MAIN opts=76 kept=64 dropped_types={ATTACH:12}
[TRUNC] turn=39 ctx=MAIN opts=76 kept=64 dropped_types={ATTACH:12}
[MULTISELECT] ctx=TO_HAND min=0 max=3 generated_lens=[3] shorter_legal_exists=True shorter_missed=True
[MULTISELECT] ctx=TO_HAND min=0 max=3 generated_lens=[3] shorter_legal_exists=True shorter_missed=True
[MULTISELECT] ctx=TO_HAND min=0 max=3 generated_lens=[3] shorter_legal_exists=True shorter_missed=True
[MULTISELECT] ctx=TO_HAND min=0 max=3 generated_lens=[3] shorter_legal_exists=True shorter_missed=True
[MULTISELECT] ctx=TO_HAND min=0 max=3 generated_lens=[3] shorter_legal_exists=True shorter_missed=True
[TRUNC] turn=56 ctx=MAIN opts=65 kept=64 dropped_types={PLAY:1}
[TRUNC] turn=58 ctx=MAIN opts=68 kept=64 dropped_types={ATTACH:3,PLAY:1}
[TRUNC] turn=60 ctx=MAIN opts=71 kept=64 dropped_types={ATTACH:6,PLAY:1}
[TRUNC] turn=62 ctx=MAIN opts=74 kept=64 dropped_types={ATTACH:9,PLAY:1}
[TRUNC] turn=64 ctx=MAIN opts=77 kept=64 dropped_types={ATTACH:12,PLAY:1}
[TRUNC] turn=66 ctx=MAIN opts=80 kept=64 dropped_types={ATTACH:15,PLAY:1}
[TRUNC] turn=68 ctx=MAIN opts=83 kept=64 dropped_types={ATTACH:18,PLAY:1}
[MULTISELECT] ctx=DISCARD min=2 max=2 generated_lens=[2] shorter_legal_exists=False shorter_missed=False
[MULTISELECT] ctx=DISCARD min=2 max=2 generated_lens=[2] shorter_legal_exists=False shorter_missed=False
[TRUNC] turn=70 ctx=MAIN opts=77 kept=64 dropped_types={ATTACH:12,PLAY:1}
[TRUNC] turn=72 ctx=MAIN opts=133 kept=64 dropped_types={ATTACH:69}
[TRUNC] turn=74 ctx=MAIN opts=139 kept=64 dropped_types={ATTACH:75}
[MULTISELECT] ctx=DISCARD min=2 max=2 generated_lens=[2] shorter_legal_exists=False shorter_missed=False
[MULTISELECT] ctx=DISCARD min=2 max=2 generated_lens=[2] shorter_legal_exists=False shorter_missed=False
[MULTISELECT] ctx=TO_HAND min=0 max=3 generated_lens=[3] shorter_legal_exists=True shorter_missed=True
[TRUNC] turn=76 ctx=MAIN opts=121 kept=64 dropped_types={ATTACH:57}
[TRUNC] turn=77 ctx=MAIN opts=70 kept=64 dropped_types={ATTACH:6}
[TRUNC] turn=78 ctx=MAIN opts=121 kept=64 dropped_types={ATTACH:57}
[TRUNC] turn=79 ctx=MAIN opts=73 kept=64 dropped_types={ATTACH:9}
[MULTISELECT] ctx=DISCARD min=2 max=2 generated_lens=[2] shorter_legal_exists=False shorter_missed=False
[TRUNC] turn=80 ctx=MAIN opts=127 kept=64 dropped_types={ATTACH:63}
[TRUNC] turn=82 ctx=MAIN opts=127 kept=64 dropped_types={ATTACH:63}
[TRUNC] turn=81 ctx=MAIN opts=76 kept=64 dropped_types={ATTACH:12}
[TRUNC] turn=82 ctx=MAIN opts=133 kept=64 dropped_types={ATTACH:69}
[TRUNC] turn=82 ctx=MAIN opts=133 kept=64 dropped_types={ATTACH:69}
[TRUNC] turn=82 ctx=MAIN opts=133 kept=64 dropped_types={ATTACH:69}
[TRUNC] turn=82 ctx=MAIN opts=133 kept=64 dropped_types={ATTACH:69}
[TRUNC] turn=82 ctx=MAIN opts=133 kept=64 dropped_types={ATTACH:69}
[TRUNC] turn=83 ctx=MAIN opts=76 kept=64 dropped_types={ATTACH:12}
[TRUNC] turn=84 ctx=MAIN opts=133 kept=64 dropped_types={ATTACH:69}
[TRUNC] turn=86 ctx=MAIN opts=133 kept=64 dropped_types={ATTACH:69}
[TRUNC] turn=85 ctx=MAIN opts=79 kept=64 dropped_types={ATTACH:15}
[TRUNC] turn=86 ctx=MAIN opts=139 kept=64 dropped_types={ATTACH:75}
[TRUNC] turn=88 ctx=MAIN opts=139 kept=64 dropped_types={ATTACH:75}
[TRUNC] turn=87 ctx=MAIN opts=82 kept=64 dropped_types={ATTACH:18}
[TRUNC] turn=89 ctx=MAIN opts=82 kept=64 dropped_types={ATTACH:18}
[TRUNC] turn=91 ctx=MAIN opts=85 kept=64 dropped_types={ATTACH:21}
[TRUNC] turn=93 ctx=MAIN opts=88 kept=64 dropped_types={ATTACH:24}
[TRUNC] turn=94 ctx=MAIN opts=67 kept=64 dropped_types={ATTACH:3}
[TRUNC] turn=96 ctx=MAIN opts=67 kept=64 dropped_types={ATTACH:3}
[TRUNC] turn=95 ctx=MAIN opts=91 kept=64 dropped_types={ATTACH:27}
[TRUNC] turn=96 ctx=MAIN opts=73 kept=64 dropped_types={ATTACH:9}
[TRUNC] turn=98 ctx=MAIN opts=73 kept=64 dropped_types={ATTACH:9}
[TRUNC] turn=100 ctx=MAIN opts=73 kept=64 dropped_types={ATTACH:9}
[TRUNC] turn=97 ctx=MAIN opts=94 kept=64 dropped_types={ATTACH:30}
[TRUNC] turn=99 ctx=MAIN opts=65 kept=64 dropped_types={PLAY:1}
[TRUNC] turn=98 ctx=MAIN opts=79 kept=64 dropped_types={ATTACH:15}
[TRUNC] turn=98 ctx=MAIN opts=79 kept=64 dropped_types={ATTACH:15}
[TRUNC] turn=98 ctx=MAIN opts=79 kept=64 dropped_types={ATTACH:15}
[TRUNC] turn=98 ctx=MAIN opts=79 kept=64 dropped_types={ATTACH:15}
[TRUNC] turn=98 ctx=MAIN opts=79 kept=64 dropped_types={ATTACH:15}
[TRUNC] turn=98 ctx=MAIN opts=79 kept=64 dropped_types={ATTACH:15}
[TRUNC] turn=98 ctx=MAIN opts=79 kept=64 dropped_types={ATTACH:15}
[TRUNC] turn=98 ctx=MAIN opts=79 kept=64 dropped_types={ATTACH:15}
[TRUNC] turn=98 ctx=MAIN opts=79 kept=64 dropped_types={ATTACH:15}
[TRUNC] turn=98 ctx=MAIN opts=79 kept=64 dropped_types={ATTACH:15}
[TRUNC] turn=99 ctx=MAIN opts=126 kept=64 dropped_types={ATTACH:61,PLAY:1}
[TRUNC] turn=100 ctx=MAIN opts=85 kept=64 dropped_types={ATTACH:21}
[TRUNC] turn=101 ctx=MAIN opts=130 kept=64 dropped_types={ATTACH:65,PLAY:1}
[TRUNC] turn=102 ctx=MAIN opts=91 kept=64 dropped_types={ATTACH:27}
[TRUNC] turn=103 ctx=MAIN opts=134 kept=64 dropped_types={ATTACH:69,PLAY:1}
[TRUNC] turn=104 ctx=MAIN opts=97 kept=64 dropped_types={ATTACH:33}
[TRUNC] turn=105 ctx=MAIN opts=138 kept=64 dropped_types={ATTACH:73,PLAY:1}
[TRUNC] turn=106 ctx=MAIN opts=103 kept=64 dropped_types={ATTACH:39}
[TRUNC] turn=106 ctx=MAIN opts=103 kept=64 dropped_types={ATTACH:39}
[TRUNC] turn=108 ctx=MAIN opts=109 kept=64 dropped_types={ATTACH:45}
[TRUNC] turn=110 ctx=MAIN opts=115 kept=64 dropped_types={ATTACH:51}
[TRUNC] turn=112 ctx=MAIN opts=121 kept=64 dropped_types={ATTACH:57}
[TRUNC] turn=114 ctx=MAIN opts=127 kept=64 dropped_types={ATTACH:63}
[TRUNC] turn=116 ctx=MAIN opts=133 kept=64 dropped_types={ATTACH:69}
[TRUNC] turn=118 ctx=MAIN opts=139 kept=64 dropped_types={ATTACH:75}
[TRUNC] turn=120 ctx=MAIN opts=145 kept=64 dropped_types={ATTACH:81}
[MULTISELECT] ctx=SETUP_BENCH_POKEMON min=0 max=2 generated_lens=[2] shorter_legal_exists=True shorter_missed=True
[MULTISELECT] ctx=SETUP_BENCH_POKEMON min=0 max=5 generated_lens=[5] shorter_legal_exists=True shorter_missed=True
[MULTISELECT] ctx=SETUP_BENCH_POKEMON min=0 max=2 generated_lens=[2] shorter_legal_exists=True shorter_missed=True
[MULTISELECT] ctx=SETUP_BENCH_POKEMON min=0 max=5 generated_lens=[5] shorter_legal_exists=True shorter_missed=True
[MULTISELECT] ctx=TO_HAND min=0 max=3 generated_lens=[3] shorter_legal_exists=True shorter_missed=True
[MULTISELECT] ctx=TO_HAND min=0 max=3 generated_lens=[3] shorter_legal_exists=True shorter_missed=True
[MULTISELECT] ctx=TO_HAND min=0 max=3 generated_lens=[3] shorter_legal_exists=True shorter_missed=True
[MULTISELECT] ctx=TO_HAND min=0 max=3 generated_lens=[3] shorter_legal_exists=True shorter_missed=True
[MULTISELECT] ctx=TO_HAND min=0 max=3 generated_lens=[3] shorter_legal_exists=True shorter_missed=True
[MULTISELECT] ctx=DISCARD min=2 max=2 generated_lens=[2] shorter_legal_exists=False shorter_missed=False
[MULTISELECT] ctx=DISCARD min=2 max=2 generated_lens=[2] shorter_legal_exists=False shorter_missed=False
[MULTISELECT] ctx=DISCARD min=2 max=2 generated_lens=[2] shorter_legal_exists=False shorter_missed=False
[MULTISELECT] ctx=TO_HAND min=0 max=3 generated_lens=[3] shorter_legal_exists=True shorter_missed=True
[MULTISELECT] ctx=DISCARD min=2 max=2 generated_lens=[2] shorter_legal_exists=False shorter_missed=False
[MULTISELECT] ctx=TO_HAND min=0 max=3 generated_lens=[3] shorter_legal_exists=True shorter_missed=True
[MULTISELECT] ctx=DISCARD min=2 max=2 generated_lens=[2] shorter_legal_exists=False shorter_missed=False
[MULTISELECT] ctx=DISCARD min=2 max=2 generated_lens=[2] shorter_legal_exists=False shorter_missed=False
[MULTISELECT] ctx=TO_HAND min=0 max=3 generated_lens=[3] shorter_legal_exists=True shorter_missed=True
[MULTISELECT] ctx=TO_HAND min=0 max=3 generated_lens=[3] shorter_legal_exists=True shorter_missed=True
[MULTISELECT] ctx=DISCARD min=2 max=2 generated_lens=[2] shorter_legal_exists=False shorter_missed=False
[MULTISELECT] ctx=DISCARD min=2 max=2 generated_lens=[2] shorter_legal_exists=False shorter_missed=False
[MULTISELECT] ctx=DISCARD min=2 max=2 generated_lens=[2] shorter_legal_exists=False shorter_missed=False
[MULTISELECT] ctx=DISCARD min=2 max=2 generated_lens=[2] shorter_legal_exists=False shorter_missed=False
[MULTISELECT] ctx=DISCARD min=2 max=2 generated_lens=[2] shorter_legal_exists=False shorter_missed=False
[MULTISELECT] ctx=DISCARD min=2 max=2 generated_lens=[2] shorter_legal_exists=False shorter_missed=False
[MULTISELECT] ctx=DISCARD min=2 max=2 generated_lens=[2] shorter_legal_exists=False shorter_missed=False
[MULTISELECT] ctx=DISCARD min=2 max=2 generated_lens=[2] shorter_legal_exists=False shorter_missed=False
[MULTISELECT] ctx=DISCARD min=2 max=2 generated_lens=[2] shorter_legal_exists=False shorter_missed=False
[MULTISELECT] ctx=DISCARD min=2 max=2 generated_lens=[2] shorter_legal_exists=False shorter_missed=False
[MULTISELECT] ctx=DISCARD min=2 max=2 generated_lens=[2] shorter_legal_exists=False shorter_missed=False
[MULTISELECT] ctx=TO_HAND min=0 max=2 generated_lens=[2] shorter_legal_exists=True shorter_missed=True
[MULTISELECT] ctx=DISCARD min=2 max=2 generated_lens=[2] shorter_legal_exists=False shorter_missed=False
[MULTISELECT] ctx=TO_HAND min=0 max=2 generated_lens=[2] shorter_legal_exists=True shorter_missed=True
[MULTISELECT] ctx=DISCARD min=2 max=2 generated_lens=[2] shorter_legal_exists=False shorter_missed=False
[MULTISELECT] ctx=DISCARD min=2 max=2 generated_lens=[2] shorter_legal_exists=False shorter_missed=False
[MULTISELECT] ctx=DISCARD min=2 max=2 generated_lens=[2] shorter_legal_exists=False shorter_missed=False
[MULTISELECT] ctx=TO_HAND min=0 max=2 generated_lens=[2] shorter_legal_exists=True shorter_missed=True
[MULTISELECT] ctx=TO_HAND min=0 max=2 generated_lens=[2] shorter_legal_exists=True shorter_missed=True
[MULTISELECT] ctx=TO_HAND min=0 max=2 generated_lens=[2] shorter_legal_exists=True shorter_missed=True
[MULTISELECT] ctx=SETUP_BENCH_POKEMON min=0 max=5 generated_lens=[5] shorter_legal_exists=True shorter_missed=True
[MULTISELECT] ctx=SETUP_BENCH_POKEMON min=0 max=5 generated_lens=[5] shorter_legal_exists=True shorter_missed=True
[MULTISELECT] ctx=DISCARD min=2 max=2 generated_lens=[2] shorter_legal_exists=False shorter_missed=False
[MULTISELECT] ctx=DISCARD min=2 max=2 generated_lens=[2] shorter_legal_exists=False shorter_missed=False
[MULTISELECT] ctx=TO_DECK min=2 max=2 generated_lens=[2] shorter_legal_exists=False shorter_missed=False
[MULTISELECT] ctx=TO_DECK min=2 max=2 generated_lens=[2] shorter_legal_exists=False shorter_missed=False
[MULTISELECT] ctx=DISCARD min=2 max=2 generated_lens=[2] shorter_legal_exists=False shorter_missed=False
[MULTISELECT] ctx=DISCARD min=2 max=2 generated_lens=[2] shorter_legal_exists=False shorter_missed=False
[MULTISELECT] ctx=DISCARD min=2 max=2 generated_lens=[2] shorter_legal_exists=False shorter_missed=False
[MULTISELECT] ctx=DISCARD min=2 max=2 generated_lens=[2] shorter_legal_exists=False shorter_missed=False
[MULTISELECT] ctx=DISCARD min=2 max=2 generated_lens=[2] shorter_legal_exists=False shorter_missed=False
[MULTISELECT] ctx=TO_HAND min=0 max=3 generated_lens=[3] shorter_legal_exists=True shorter_missed=True
[MULTISELECT] ctx=TO_HAND min=0 max=3 generated_lens=[3] shorter_legal_exists=True shorter_missed=True
[MULTISELECT] ctx=TO_HAND min=0 max=3 generated_lens=[3] shorter_legal_exists=True shorter_missed=True
[MULTISELECT] ctx=DISCARD min=2 max=2 generated_lens=[2] shorter_legal_exists=False shorter_missed=False
[MULTISELECT] ctx=DISCARD min=2 max=2 generated_lens=[2] shorter_legal_exists=False shorter_missed=False
[MULTISELECT] ctx=DISCARD min=2 max=2 generated_lens=[2] shorter_legal_exists=False shorter_missed=False
[MULTISELECT] ctx=TO_HAND min=0 max=2 generated_lens=[2] shorter_legal_exists=True shorter_missed=True
[MULTISELECT] ctx=TO_HAND min=0 max=3 generated_lens=[3] shorter_legal_exists=True shorter_missed=True
[MULTISELECT] ctx=TO_HAND min=0 max=2 generated_lens=[2] shorter_legal_exists=True shorter_missed=True
[MULTISELECT] ctx=TO_HAND min=0 max=2 generated_lens=[2] shorter_legal_exists=True shorter_missed=True
[MULTISELECT] ctx=TO_HAND min=0 max=3 generated_lens=[3] shorter_legal_exists=True shorter_missed=True
[MULTISELECT] ctx=TO_HAND min=0 max=2 generated_lens=[2] shorter_legal_exists=True shorter_missed=True
[MULTISELECT] ctx=TO_HAND min=0 max=2 generated_lens=[2] shorter_legal_exists=True shorter_missed=True
[TRUNC] turn=40 ctx=MAIN opts=67 kept=64 dropped_types={ATTACH:3}
[TRUNC] turn=42 ctx=MAIN opts=73 kept=64 dropped_types={ATTACH:9}
[TRUNC] turn=44 ctx=MAIN opts=79 kept=64 dropped_types={ATTACH:15}
[TRUNC] turn=46 ctx=MAIN opts=79 kept=64 dropped_types={ATTACH:15}
[TRUNC] turn=48 ctx=MAIN opts=85 kept=64 dropped_types={ATTACH:21}
[TRUNC] turn=50 ctx=MAIN opts=91 kept=64 dropped_types={ATTACH:27}
[TRUNC] turn=52 ctx=MAIN opts=91 kept=64 dropped_types={ATTACH:27}
[TRUNC] turn=54 ctx=MAIN opts=91 kept=64 dropped_types={ATTACH:27}
[TRUNC] turn=56 ctx=MAIN opts=97 kept=64 dropped_types={ATTACH:33}
[TRUNC] turn=58 ctx=MAIN opts=103 kept=64 dropped_types={ATTACH:39}
[TRUNC] turn=60 ctx=MAIN opts=109 kept=64 dropped_types={ATTACH:45}
[TRUNC] turn=62 ctx=MAIN opts=115 kept=64 dropped_types={ATTACH:51}
[TRUNC] turn=62 ctx=MAIN opts=65 kept=64 dropped_types={ATTACH:1}
[TRUNC] turn=64 ctx=MAIN opts=66 kept=64 dropped_types={ATTACH:1,PLAY:1}
[TRUNC] turn=64 ctx=MAIN opts=121 kept=64 dropped_types={ATTACH:57}
[TRUNC] turn=64 ctx=MAIN opts=121 kept=64 dropped_types={ATTACH:57}
[TRUNC] turn=64 ctx=MAIN opts=71 kept=64 dropped_types={ATTACH:7}
[TRUNC] turn=66 ctx=MAIN opts=72 kept=64 dropped_types={ATTACH:7,PLAY:1}
[TRUNC] turn=66 ctx=MAIN opts=127 kept=64 dropped_types={ATTACH:63}
[TRUNC] turn=66 ctx=MAIN opts=71 kept=64 dropped_types={ATTACH:7}
[TRUNC] turn=68 ctx=MAIN opts=76 kept=64 dropped_types={ATTACH:12}
[TRUNC] turn=68 ctx=MAIN opts=133 kept=64 dropped_types={ATTACH:69}
[TRUNC] turn=68 ctx=MAIN opts=70 kept=64 dropped_types={ATTACH:6}
[MULTISELECT] ctx=SETUP_BENCH_POKEMON min=0 max=3 generated_lens=[3] shorter_legal_exists=True shorter_missed=True
[MULTISELECT] ctx=SETUP_BENCH_POKEMON min=0 max=2 generated_lens=[2] shorter_legal_exists=True shorter_missed=True
[MULTISELECT] ctx=SETUP_BENCH_POKEMON min=0 max=2 generated_lens=[2] shorter_legal_exists=True shorter_missed=True
[MULTISELECT] ctx=TO_HAND min=0 max=3 generated_lens=[3] shorter_legal_exists=True shorter_missed=True
[MULTISELECT] ctx=SETUP_BENCH_POKEMON min=0 max=2 generated_lens=[2] shorter_legal_exists=True shorter_missed=True
[MULTISELECT] ctx=TO_HAND min=0 max=3 generated_lens=[3] shorter_legal_exists=True shorter_missed=True
[MULTISELECT] ctx=TO_HAND min=0 max=3 generated_lens=[3] shorter_legal_exists=True shorter_missed=True
[MULTISELECT] ctx=TO_HAND min=0 max=3 generated_lens=[3] shorter_legal_exists=True shorter_missed=True
[MULTISELECT] ctx=TO_HAND min=0 max=3 generated_lens=[3] shorter_legal_exists=True shorter_missed=True
[MULTISELECT] ctx=TO_HAND min=0 max=3 generated_lens=[3] shorter_legal_exists=True shorter_missed=True
[MULTISELECT] ctx=TO_HAND min=0 max=3 generated_lens=[3] shorter_legal_exists=True shorter_missed=True
[MULTISELECT] ctx=TO_HAND min=0 max=3 generated_lens=[3] shorter_legal_exists=True shorter_missed=True
[MULTISELECT] ctx=TO_HAND min=0 max=3 generated_lens=[3] shorter_legal_exists=True shorter_missed=True
[MULTISELECT] ctx=TO_HAND min=0 max=3 generated_lens=[3] shorter_legal_exists=True shorter_missed=True
[MULTISELECT] ctx=TO_HAND min=0 max=3 generated_lens=[3] shorter_legal_exists=True shorter_missed=True
[MULTISELECT] ctx=DISCARD min=2 max=2 generated_lens=[2] shorter_legal_exists=False shorter_missed=False
[MULTISELECT] ctx=DISCARD min=2 max=2 generated_lens=[2] shorter_legal_exists=False shorter_missed=False
[MULTISELECT] ctx=DISCARD min=2 max=2 generated_lens=[2] shorter_legal_exists=False shorter_missed=False
[MULTISELECT] ctx=TO_HAND min=0 max=3 generated_lens=[3] shorter_legal_exists=True shorter_missed=True
[MULTISELECT] ctx=DISCARD min=2 max=2 generated_lens=[2] shorter_legal_exists=False shorter_missed=False
[MULTISELECT] ctx=TO_HAND min=0 max=3 generated_lens=[3] shorter_legal_exists=True shorter_missed=True
[MULTISELECT] ctx=DISCARD min=2 max=2 generated_lens=[2] shorter_legal_exists=False shorter_missed=False
[MULTISELECT] ctx=TO_HAND min=0 max=3 generated_lens=[3] shorter_legal_exists=True shorter_missed=True
[MULTISELECT] ctx=DISCARD min=2 max=2 generated_lens=[2] shorter_legal_exists=False shorter_missed=False
[TRUNC] turn=18 ctx=MAIN opts=67 kept=64 dropped_types={ATTACH:3}
[MULTISELECT] ctx=TO_HAND min=0 max=3 generated_lens=[3] shorter_legal_exists=True shorter_missed=True
[MULTISELECT] ctx=DISCARD min=2 max=2 generated_lens=[2] shorter_legal_exists=False shorter_missed=False
[MULTISELECT] ctx=TO_HAND min=0 max=3 generated_lens=[3] shorter_legal_exists=True shorter_missed=True
[MULTISELECT] ctx=DISCARD min=2 max=2 generated_lens=[2] shorter_legal_exists=False shorter_missed=False
[TRUNC] turn=20 ctx=MAIN opts=67 kept=64 dropped_types={ATTACH:3}
[MULTISELECT] ctx=TO_HAND min=0 max=3 generated_lens=[3] shorter_legal_exists=True shorter_missed=True
[TRUNC] turn=22 ctx=MAIN opts=73 kept=64 dropped_types={ATTACH:9}
[MULTISELECT] ctx=TO_HAND min=0 max=3 generated_lens=[3] shorter_legal_exists=True shorter_missed=True
[MULTISELECT] ctx=DISCARD min=2 max=2 generated_lens=[2] shorter_legal_exists=False shorter_missed=False
[MULTISELECT] ctx=DISCARD min=2 max=2 generated_lens=[2] shorter_legal_exists=False shorter_missed=False
[MULTISELECT] ctx=DISCARD min=2 max=2 generated_lens=[2] shorter_legal_exists=False shorter_missed=False
[TRUNC] turn=24 ctx=MAIN opts=79 kept=64 dropped_types={ATTACH:15}
[MULTISELECT] ctx=DISCARD min=2 max=2 generated_lens=[2] shorter_legal_exists=False shorter_missed=False
[TRUNC] turn=26 ctx=MAIN opts=85 kept=64 dropped_types={ATTACH:21}
[MULTISELECT] ctx=DISCARD min=2 max=2 generated_lens=[2] shorter_legal_exists=False shorter_missed=False
[MULTISELECT] ctx=DISCARD min=2 max=2 generated_lens=[2] shorter_legal_exists=False shorter_missed=False
[MULTISELECT] ctx=DISCARD min=2 max=2 generated_lens=[2] shorter_legal_exists=False shorter_missed=False
[MULTISELECT] ctx=DISCARD min=2 max=2 generated_lens=[2] shorter_legal_exists=False shorter_missed=False
[TRUNC] turn=28 ctx=MAIN opts=79 kept=64 dropped_types={ATTACH:15}
[TRUNC] turn=28 ctx=MAIN opts=79 kept=64 dropped_types={ATTACH:15}
[TRUNC] turn=28 ctx=MAIN opts=79 kept=64 dropped_types={ATTACH:15}
[TRUNC] turn=28 ctx=MAIN opts=79 kept=64 dropped_types={ATTACH:15}
[TRUNC] turn=28 ctx=MAIN opts=79 kept=64 dropped_types={ATTACH:15}
[MULTISELECT] ctx=DISCARD min=2 max=2 generated_lens=[2] shorter_legal_exists=False shorter_missed=False
[MULTISELECT] ctx=DISCARD min=2 max=2 generated_lens=[2] shorter_legal_exists=False shorter_missed=False
[MULTISELECT] ctx=DISCARD min=2 max=2 generated_lens=[2] shorter_legal_exists=False shorter_missed=False
[MULTISELECT] ctx=DISCARD min=2 max=2 generated_lens=[2] shorter_legal_exists=False shorter_missed=False
[MULTISELECT] ctx=DISCARD min=2 max=2 generated_lens=[2] shorter_legal_exists=False shorter_missed=False
[MULTISELECT] ctx=DISCARD min=2 max=2 generated_lens=[2] shorter_legal_exists=False shorter_missed=False
[MULTISELECT] ctx=DISCARD min=2 max=2 generated_lens=[2] shorter_legal_exists=False shorter_missed=False
[MULTISELECT] ctx=DISCARD min=2 max=2 generated_lens=[2] shorter_legal_exists=False shorter_missed=False
[MULTISELECT] ctx=TO_HAND min=0 max=2 generated_lens=[2] shorter_legal_exists=True shorter_missed=True
[MULTISELECT] ctx=DISCARD min=2 max=2 generated_lens=[2] shorter_legal_exists=False shorter_missed=False
[MULTISELECT] ctx=DISCARD min=2 max=2 generated_lens=[2] shorter_legal_exists=False shorter_missed=False
[MULTISELECT] ctx=DISCARD min=2 max=2 generated_lens=[2] shorter_legal_exists=False shorter_missed=False
[MULTISELECT] ctx=DISCARD min=2 max=2 generated_lens=[2] shorter_legal_exists=False shorter_missed=False
[MULTISELECT] ctx=DISCARD min=2 max=2 generated_lens=[2] shorter_legal_exists=False shorter_missed=False
[MULTISELECT] ctx=DISCARD min=2 max=2 generated_lens=[2] shorter_legal_exists=False shorter_missed=False
[MULTISELECT] ctx=DISCARD min=2 max=2 generated_lens=[2] shorter_legal_exists=False shorter_missed=False
[MULTISELECT] ctx=TO_DECK min=2 max=2 generated_lens=[2] shorter_legal_exists=False shorter_missed=False
[MULTISELECT] ctx=TO_DECK min=2 max=2 generated_lens=[2] shorter_legal_exists=False shorter_missed=False
[MULTISELECT] ctx=DISCARD_ENERGY_CARD min=0 max=2 generated_lens=[2] shorter_legal_exists=True shorter_missed=True
[MULTISELECT] ctx=TO_HAND min=0 max=3 generated_lens=[3] shorter_legal_exists=True shorter_missed=True
[MULTISELECT] ctx=DISCARD_ENERGY_CARD min=0 max=2 generated_lens=[2] shorter_legal_exists=True shorter_missed=True
[MULTISELECT] ctx=TO_HAND min=0 max=2 generated_lens=[2] shorter_legal_exists=True shorter_missed=True
[MULTISELECT] ctx=TO_HAND min=0 max=2 generated_lens=[2] shorter_legal_exists=True shorter_missed=True
[MULTISELECT] ctx=TO_HAND min=0 max=2 generated_lens=[2] shorter_legal_exists=True shorter_missed=True
[MULTISELECT] ctx=TO_HAND min=0 max=2 generated_lens=[2] shorter_legal_exists=True shorter_missed=True
[TRUNC] turn=43 ctx=MAIN opts=66 kept=64 dropped_types={PLAY:1,RETREAT:1}
[TRUNC] turn=43 ctx=MAIN opts=66 kept=64 dropped_types={PLAY:1,RETREAT:1}
[MULTISELECT] ctx=TO_HAND min=0 max=2 generated_lens=[2] shorter_legal_exists=True shorter_missed=True
[MULTISELECT] ctx=TO_HAND min=0 max=2 generated_lens=[2] shorter_legal_exists=True shorter_missed=True
[TRUNC] turn=43 ctx=MAIN opts=66 kept=64 dropped_types={PLAY:1,RETREAT:1}
[TRUNC] turn=43 ctx=MAIN opts=66 kept=64 dropped_types={PLAY:1,RETREAT:1}
[TRUNC] turn=43 ctx=MAIN opts=66 kept=64 dropped_types={PLAY:1,RETREAT:1}
[TRUNC] turn=43 ctx=MAIN opts=66 kept=64 dropped_types={PLAY:1,RETREAT:1}
[TRUNC] turn=43 ctx=MAIN opts=66 kept=64 dropped_types={PLAY:1,RETREAT:1}
[TRUNC] turn=43 ctx=MAIN opts=66 kept=64 dropped_types={PLAY:1,RETREAT:1}
[TRUNC] turn=45 ctx=MAIN opts=69 kept=64 dropped_types={ATTACH:3,PLAY:1,RETREAT:1}
[TRUNC] turn=45 ctx=MAIN opts=69 kept=64 dropped_types={ATTACH:3,PLAY:1,RETREAT:1}
[TRUNC] turn=45 ctx=MAIN opts=69 kept=64 dropped_types={ATTACH:3,PLAY:1,RETREAT:1}
[TRUNC] turn=47 ctx=MAIN opts=72 kept=64 dropped_types={ATTACH:6,PLAY:1,RETREAT:1}
[TRUNC] turn=47 ctx=MAIN opts=72 kept=64 dropped_types={ATTACH:6,PLAY:1,RETREAT:1}
[MULTISELECT] ctx=SETUP_BENCH_POKEMON min=0 max=2 generated_lens=[2] shorter_legal_exists=True shorter_missed=True
[MULTISELECT] ctx=SETUP_BENCH_POKEMON min=0 max=2 generated_lens=[2] shorter_legal_exists=True shorter_missed=True
[MULTISELECT] ctx=TO_HAND min=0 max=3 generated_lens=[3] shorter_legal_exists=True shorter_missed=True
[MULTISELECT] ctx=SETUP_BENCH_POKEMON min=0 max=2 generated_lens=[2] shorter_legal_exists=True shorter_missed=True
[MULTISELECT] ctx=DISCARD min=2 max=2 generated_lens=[2] shorter_legal_exists=False shorter_missed=False
[MULTISELECT] ctx=DISCARD min=2 max=2 generated_lens=[2] shorter_legal_exists=False shorter_missed=False
[MULTISELECT] ctx=DISCARD min=2 max=2 generated_lens=[2] shorter_legal_exists=False shorter_missed=False
[MULTISELECT] ctx=DISCARD min=2 max=2 generated_lens=[2] shorter_legal_exists=False shorter_missed=False
[MULTISELECT] ctx=DISCARD min=2 max=2 generated_lens=[2] shorter_legal_exists=False shorter_missed=False
[MULTISELECT] ctx=DISCARD min=2 max=2 generated_lens=[2] shorter_legal_exists=False shorter_missed=False
[MULTISELECT] ctx=DISCARD min=2 max=2 generated_lens=[2] shorter_legal_exists=False shorter_missed=False
[MULTISELECT] ctx=DISCARD min=2 max=2 generated_lens=[2] shorter_legal_exists=False shorter_missed=False
[MULTISELECT] ctx=DISCARD min=2 max=2 generated_lens=[2] shorter_legal_exists=False shorter_missed=False
[MULTISELECT] ctx=DISCARD min=2 max=2 generated_lens=[2] shorter_legal_exists=False shorter_missed=False
[MULTISELECT] ctx=DISCARD min=2 max=2 generated_lens=[2] shorter_legal_exists=False shorter_missed=False
[MULTISELECT] ctx=DISCARD min=2 max=2 generated_lens=[2] shorter_legal_exists=False shorter_missed=False
[MULTISELECT] ctx=DISCARD min=2 max=2 generated_lens=[2] shorter_legal_exists=False shorter_missed=False
[MULTISELECT] ctx=TO_HAND min=0 max=3 generated_lens=[3] shorter_legal_exists=True shorter_missed=True
[MULTISELECT] ctx=DISCARD min=2 max=2 generated_lens=[2] shorter_legal_exists=False shorter_missed=False
[MULTISELECT] ctx=DISCARD min=2 max=2 generated_lens=[2] shorter_legal_exists=False shorter_missed=False
[MULTISELECT] ctx=DISCARD min=2 max=2 generated_lens=[2] shorter_legal_exists=False shorter_missed=False
[MULTISELECT] ctx=DISCARD min=2 max=2 generated_lens=[2] shorter_legal_exists=False shorter_missed=False
[MULTISELECT] ctx=DISCARD min=2 max=2 generated_lens=[2] shorter_legal_exists=False shorter_missed=False
[TRUNC] turn=33 ctx=MAIN opts=65 kept=64 dropped_types={PLAY:1}
[MULTISELECT] ctx=DISCARD min=2 max=2 generated_lens=[2] shorter_legal_exists=False shorter_missed=False
[MULTISELECT] ctx=DISCARD min=2 max=2 generated_lens=[2] shorter_legal_exists=False shorter_missed=False
[TRUNC] turn=35 ctx=MAIN opts=68 kept=64 dropped_types={ATTACH:3,PLAY:1}
[MULTISELECT] ctx=DISCARD min=2 max=2 generated_lens=[2] shorter_legal_exists=False shorter_missed=False
[TRUNC] turn=35 ctx=MAIN opts=68 kept=64 dropped_types={ATTACH:3,PLAY:1}
[MULTISELECT] ctx=DISCARD min=2 max=2 generated_lens=[2] shorter_legal_exists=False shorter_missed=False
[MULTISELECT] ctx=DISCARD min=2 max=2 generated_lens=[2] shorter_legal_exists=False shorter_missed=False
[TRUNC] turn=37 ctx=MAIN opts=71 kept=64 dropped_types={ATTACH:6,PLAY:1}
[MULTISELECT] ctx=DISCARD min=2 max=2 generated_lens=[2] shorter_legal_exists=False shorter_missed=False
[MULTISELECT] ctx=DISCARD min=2 max=2 generated_lens=[2] shorter_legal_exists=False shorter_missed=False
[TRUNC] turn=39 ctx=MAIN opts=74 kept=64 dropped_types={ATTACH:9,PLAY:1}
[MULTISELECT] ctx=DISCARD min=2 max=2 generated_lens=[2] shorter_legal_exists=False shorter_missed=False
[MULTISELECT] ctx=DISCARD min=2 max=2 generated_lens=[2] shorter_legal_exists=False shorter_missed=False
[MULTISELECT] ctx=DISCARD min=2 max=2 generated_lens=[2] shorter_legal_exists=False shorter_missed=False
[TRUNC] turn=41 ctx=MAIN opts=77 kept=64 dropped_types={ATTACH:12,PLAY:1}
[MULTISELECT] ctx=DISCARD min=2 max=2 generated_lens=[2] shorter_legal_exists=False shorter_missed=False
[MULTISELECT] ctx=DISCARD min=2 max=2 generated_lens=[2] shorter_legal_exists=False shorter_missed=False
[MULTISELECT] ctx=DISCARD min=2 max=2 generated_lens=[2] shorter_legal_exists=False shorter_missed=False
[TRUNC] turn=43 ctx=MAIN opts=80 kept=64 dropped_types={ATTACH:15,PLAY:1}
[MULTISELECT] ctx=DISCARD min=2 max=2 generated_lens=[2] shorter_legal_exists=False shorter_missed=False
[MULTISELECT] ctx=DISCARD min=2 max=2 generated_lens=[2] shorter_legal_exists=False shorter_missed=False
[TRUNC] turn=43 ctx=MAIN opts=80 kept=64 dropped_types={ATTACH:15,PLAY:1}
[TRUNC] turn=43 ctx=MAIN opts=80 kept=64 dropped_types={ATTACH:15,PLAY:1}
[MULTISELECT] ctx=DISCARD min=2 max=2 generated_lens=[2] shorter_legal_exists=False shorter_missed=False
[TRUNC] turn=43 ctx=MAIN opts=80 kept=64 dropped_types={ATTACH:15,PLAY:1}
[MULTISELECT] ctx=DISCARD min=2 max=2 generated_lens=[2] shorter_legal_exists=False shorter_missed=False
[TRUNC] turn=43 ctx=MAIN opts=80 kept=64 dropped_types={ATTACH:15,PLAY:1}
[MULTISELECT] ctx=DISCARD min=2 max=2 generated_lens=[2] shorter_legal_exists=False shorter_missed=False
[TRUNC] turn=43 ctx=MAIN opts=80 kept=64 dropped_types={ATTACH:15,PLAY:1}
[TRUNC] turn=43 ctx=MAIN opts=80 kept=64 dropped_types={ATTACH:15,PLAY:1}
[TRUNC] turn=43 ctx=MAIN opts=80 kept=64 dropped_types={ATTACH:15,PLAY:1}
[TRUNC] turn=43 ctx=MAIN opts=80 kept=64 dropped_types={ATTACH:15,PLAY:1}
[TRUNC] turn=43 ctx=MAIN opts=80 kept=64 dropped_types={ATTACH:15,PLAY:1}
[MULTISELECT] ctx=DISCARD min=2 max=2 generated_lens=[2] shorter_legal_exists=False shorter_missed=False
[TRUNC] turn=43 ctx=MAIN opts=80 kept=64 dropped_types={ATTACH:15,PLAY:1}
[MULTISELECT] ctx=DISCARD min=2 max=2 generated_lens=[2] shorter_legal_exists=False shorter_missed=False
[TRUNC] turn=43 ctx=MAIN opts=80 kept=64 dropped_types={ATTACH:15,PLAY:1}
[TRUNC] turn=43 ctx=MAIN opts=80 kept=64 dropped_types={ATTACH:15,PLAY:1}
[TRUNC] turn=43 ctx=MAIN opts=80 kept=64 dropped_types={ATTACH:15,PLAY:1}
[TRUNC] turn=43 ctx=MAIN opts=80 kept=64 dropped_types={ATTACH:15,PLAY:1}
[TRUNC] turn=43 ctx=MAIN opts=80 kept=64 dropped_types={ATTACH:15,PLAY:1}
[TRUNC] turn=43 ctx=MAIN opts=80 kept=64 dropped_types={ATTACH:15,PLAY:1}
[TRUNC] turn=43 ctx=MAIN opts=80 kept=64 dropped_types={ATTACH:15,PLAY:1}
[TRUNC] turn=45 ctx=MAIN opts=81 kept=64 dropped_types={ATTACH:15,PLAY:2}
[MULTISELECT] ctx=TO_HAND min=0 max=3 generated_lens=[3] shorter_legal_exists=True shorter_missed=True
[MULTISELECT] ctx=TO_HAND min=0 max=3 generated_lens=[3] shorter_legal_exists=True shorter_missed=True
[MULTISELECT] ctx=TO_HAND min=0 max=3 generated_lens=[3] shorter_legal_exists=True shorter_missed=True
[MULTISELECT] ctx=TO_HAND min=0 max=3 generated_lens=[3] shorter_legal_exists=True shorter_missed=True
[MULTISELECT] ctx=TO_HAND min=0 max=3 generated_lens=[3] shorter_legal_exists=True shorter_missed=True
[MULTISELECT] ctx=TO_HAND min=0 max=3 generated_lens=[3] shorter_legal_exists=True shorter_missed=True
[MULTISELECT] ctx=DISCARD min=2 max=2 generated_lens=[2] shorter_legal_exists=False shorter_missed=False
[MULTISELECT] ctx=DISCARD min=2 max=2 generated_lens=[2] shorter_legal_exists=False shorter_missed=False
[MULTISELECT] ctx=DISCARD min=2 max=2 generated_lens=[2] shorter_legal_exists=False shorter_missed=False
[MULTISELECT] ctx=DISCARD min=2 max=2 generated_lens=[2] shorter_legal_exists=False shorter_missed=False
[MULTISELECT] ctx=DISCARD min=2 max=2 generated_lens=[2] shorter_legal_exists=False shorter_missed=False
[MULTISELECT] ctx=DISCARD min=2 max=2 generated_lens=[2] shorter_legal_exists=False shorter_missed=False
[MULTISELECT] ctx=DISCARD min=2 max=2 generated_lens=[2] shorter_legal_exists=False shorter_missed=False
[TRUNC] turn=65 ctx=MAIN opts=67 kept=64 dropped_types={ATTACH:2,PLAY:1}
[TRUNC] turn=67 ctx=MAIN opts=68 kept=64 dropped_types={ATTACH:2,PLAY:2}
[TRUNC] turn=67 ctx=MAIN opts=72 kept=64 dropped_types={ATTACH:7,PLAY:1}
[MULTISELECT] ctx=DISCARD min=2 max=2 generated_lens=[2] shorter_legal_exists=False shorter_missed=False
[MULTISELECT] ctx=DISCARD min=2 max=2 generated_lens=[2] shorter_legal_exists=False shorter_missed=False
[TRUNC] turn=67 ctx=MAIN opts=72 kept=64 dropped_types={ATTACH:7,PLAY:1}
[TRUNC] turn=67 ctx=MAIN opts=72 kept=64 dropped_types={ATTACH:7,PLAY:1}
[TRUNC] turn=69 ctx=MAIN opts=73 kept=64 dropped_types={ATTACH:7,PLAY:2}
[TRUNC] turn=69 ctx=MAIN opts=73 kept=64 dropped_types={ATTACH:7,PLAY:2}
[TRUNC] turn=69 ctx=MAIN opts=77 kept=64 dropped_types={ATTACH:12,PLAY:1}
[TRUNC] turn=71 ctx=MAIN opts=78 kept=64 dropped_types={ATTACH:12,PLAY:2}
[TRUNC] turn=73 ctx=MAIN opts=79 kept=64 dropped_types={ATTACH:12,PLAY:3}
[TRUNC] turn=71 ctx=MAIN opts=82 kept=64 dropped_types={ATTACH:17,PLAY:1}
[TRUNC] turn=73 ctx=MAIN opts=83 kept=64 dropped_types={ATTACH:17,PLAY:2}
[TRUNC] turn=73 ctx=MAIN opts=87 kept=64 dropped_types={ATTACH:22,PLAY:1}
[TRUNC] turn=75 ctx=MAIN opts=88 kept=64 dropped_types={ATTACH:22,PLAY:2}
[TRUNC] turn=75 ctx=MAIN opts=88 kept=64 dropped_types={ATTACH:22,PLAY:2}
[TRUNC] turn=75 ctx=MAIN opts=92 kept=64 dropped_types={ATTACH:27,PLAY:1}
[TRUNC] turn=77 ctx=MAIN opts=93 kept=64 dropped_types={ATTACH:27,PLAY:2}
[TRUNC] turn=79 ctx=MAIN opts=94 kept=64 dropped_types={ATTACH:27,PLAY:3}
[MULTISELECT] ctx=TO_HAND min=0 max=3 generated_lens=[3] shorter_legal_exists=True shorter_missed=True
[TRUNC] turn=77 ctx=MAIN opts=97 kept=64 dropped_types={ATTACH:32,PLAY:1}
[TRUNC] turn=77 ctx=MAIN opts=97 kept=64 dropped_types={ATTACH:32,PLAY:1}
[MULTISELECT] ctx=TO_HAND min=0 max=3 generated_lens=[3] shorter_legal_exists=True shorter_missed=True
[TRUNC] turn=77 ctx=MAIN opts=97 kept=64 dropped_types={ATTACH:32,PLAY:1}
[TRUNC] turn=77 ctx=MAIN opts=97 kept=64 dropped_types={ATTACH:32,PLAY:1}
[TRUNC] turn=78 ctx=MAIN opts=70 kept=64 dropped_types={ATTACH:5,PLAY:1}
[TRUNC] turn=78 ctx=MAIN opts=70 kept=64 dropped_types={ATTACH:5,PLAY:1}
[TRUNC] turn=80 ctx=MAIN opts=71 kept=64 dropped_types={ATTACH:5,PLAY:2}
[TRUNC] turn=79 ctx=MAIN opts=102 kept=64 dropped_types={ATTACH:37,PLAY:1}
[TRUNC] turn=79 ctx=MAIN opts=102 kept=64 dropped_types={ATTACH:37,PLAY:1}
[TRUNC] turn=79 ctx=MAIN opts=102 kept=64 dropped_types={ATTACH:37,PLAY:1}
[TRUNC] turn=79 ctx=MAIN opts=102 kept=64 dropped_types={ATTACH:37,PLAY:1}
[TRUNC] turn=79 ctx=MAIN opts=102 kept=64 dropped_types={ATTACH:37,PLAY:1}
[MULTISELECT] ctx=TO_HAND min=0 max=2 generated_lens=[2] shorter_legal_exists=True shorter_missed=True
[TRUNC] turn=79 ctx=MAIN opts=102 kept=64 dropped_types={ATTACH:37,PLAY:1}
[TRUNC] turn=79 ctx=MAIN opts=102 kept=64 dropped_types={ATTACH:37,PLAY:1}
[TRUNC] turn=79 ctx=MAIN opts=102 kept=64 dropped_types={ATTACH:37,PLAY:1}
[TRUNC] turn=79 ctx=MAIN opts=102 kept=64 dropped_types={ATTACH:37,PLAY:1}
[TRUNC] turn=79 ctx=MAIN opts=102 kept=64 dropped_types={ATTACH:37,PLAY:1}
[TRUNC] turn=79 ctx=MAIN opts=102 kept=64 dropped_types={ATTACH:37,PLAY:1}
[TRUNC] turn=79 ctx=MAIN opts=102 kept=64 dropped_types={ATTACH:37,PLAY:1}
[MULTISELECT] ctx=TO_HAND min=0 max=2 generated_lens=[2] shorter_legal_exists=True shorter_missed=True
[MULTISELECT] ctx=TO_HAND min=0 max=2 generated_lens=[2] shorter_legal_exists=True shorter_missed=True
[TRUNC] turn=79 ctx=MAIN opts=102 kept=64 dropped_types={ATTACH:37,PLAY:1}
[TRUNC] turn=79 ctx=MAIN opts=102 kept=64 dropped_types={ATTACH:37,PLAY:1}
[TRUNC] turn=79 ctx=MAIN opts=102 kept=64 dropped_types={ATTACH:37,PLAY:1}
[TRUNC] turn=79 ctx=MAIN opts=102 kept=64 dropped_types={ATTACH:37,PLAY:1}
[TRUNC] turn=79 ctx=MAIN opts=102 kept=64 dropped_types={ATTACH:37,PLAY:1}
[TRUNC] turn=80 ctx=MAIN opts=85 kept=64 dropped_types={ATTACH:21}
[TRUNC] turn=80 ctx=MAIN opts=85 kept=64 dropped_types={ATTACH:21}
[TRUNC] turn=80 ctx=MAIN opts=85 kept=64 dropped_types={ATTACH:21}
[TRUNC] turn=81 ctx=MAIN opts=107 kept=64 dropped_types={ATTACH:42,PLAY:1}
[TRUNC] turn=81 ctx=MAIN opts=107 kept=64 dropped_types={ATTACH:42,PLAY:1}
[TRUNC] turn=82 ctx=MAIN opts=85 kept=64 dropped_types={ATTACH:21}
[TRUNC] turn=83 ctx=MAIN opts=112 kept=64 dropped_types={ATTACH:47,PLAY:1}
[TRUNC] turn=83 ctx=MAIN opts=112 kept=64 dropped_types={ATTACH:47,PLAY:1}
[TRUNC] turn=84 ctx=MAIN opts=85 kept=64 dropped_types={ATTACH:21}
[TRUNC] turn=85 ctx=MAIN opts=117 kept=64 dropped_types={ATTACH:52,PLAY:1}
[TRUNC] turn=85 ctx=MAIN opts=117 kept=64 dropped_types={ATTACH:52,PLAY:1}
[TRUNC] turn=86 ctx=MAIN opts=85 kept=64 dropped_types={ATTACH:21}
[TRUNC] turn=86 ctx=MAIN opts=85 kept=64 dropped_types={ATTACH:21}
[TRUNC] turn=86 ctx=MAIN opts=85 kept=64 dropped_types={ATTACH:21}
[TRUNC] turn=86 ctx=MAIN opts=85 kept=64 dropped_types={ATTACH:21}
[TRUNC] turn=87 ctx=MAIN opts=117 kept=64 dropped_types={ATTACH:52,PLAY:1}
[TRUNC] turn=87 ctx=MAIN opts=117 kept=64 dropped_types={ATTACH:52,PLAY:1}
[TRUNC] turn=87 ctx=MAIN opts=117 kept=64 dropped_types={ATTACH:52,PLAY:1}
[TRUNC] turn=87 ctx=MAIN opts=117 kept=64 dropped_types={ATTACH:52,PLAY:1}
[TRUNC] turn=87 ctx=MAIN opts=117 kept=64 dropped_types={ATTACH:52,PLAY:1}
[TRUNC] turn=87 ctx=MAIN opts=117 kept=64 dropped_types={ATTACH:52,PLAY:1}
[TRUNC] turn=87 ctx=MAIN opts=117 kept=64 dropped_types={ATTACH:52,PLAY:1}
[TRUNC] turn=87 ctx=MAIN opts=117 kept=64 dropped_types={ATTACH:52,PLAY:1}
[TRUNC] turn=87 ctx=MAIN opts=117 kept=64 dropped_types={ATTACH:52,PLAY:1}
[TRUNC] turn=89 ctx=MAIN opts=118 kept=64 dropped_types={ATTACH:52,PLAY:2}
[TRUNC] turn=89 ctx=MAIN opts=122 kept=64 dropped_types={ATTACH:57,PLAY:1}
[TRUNC] turn=89 ctx=MAIN opts=122 kept=64 dropped_types={ATTACH:57,PLAY:1}
[TRUNC] turn=91 ctx=MAIN opts=123 kept=64 dropped_types={ATTACH:57,PLAY:2}
[TRUNC] turn=91 ctx=MAIN opts=127 kept=64 dropped_types={ATTACH:62,PLAY:1}
[TRUNC] turn=91 ctx=MAIN opts=127 kept=64 dropped_types={ATTACH:62,PLAY:1}
[TRUNC] turn=91 ctx=MAIN opts=127 kept=64 dropped_types={ATTACH:62,PLAY:1}
[TRUNC] turn=93 ctx=MAIN opts=132 kept=64 dropped_types={ATTACH:67,PLAY:1}
[TRUNC] turn=93 ctx=MAIN opts=132 kept=64 dropped_types={ATTACH:67,PLAY:1}
[TRUNC] turn=93 ctx=MAIN opts=132 kept=64 dropped_types={ATTACH:67,PLAY:1}
[TRUNC] turn=93 ctx=MAIN opts=132 kept=64 dropped_types={ATTACH:67,PLAY:1}
[MULTISELECT] ctx=DISCARD_ENERGY_CARD min=0 max=2 generated_lens=[2] shorter_legal_exists=True shorter_missed=True
[TRUNC] turn=95 ctx=MAIN opts=137 kept=64 dropped_types={ATTACH:72,PLAY:1}
[MULTISELECT] ctx=DISCARD_ENERGY_CARD min=0 max=2 generated_lens=[2] shorter_legal_exists=True shorter_missed=True
[MULTISELECT] ctx=DISCARD_ENERGY_CARD min=0 max=2 generated_lens=[2] shorter_legal_exists=True shorter_missed=True
[MULTISELECT] ctx=DISCARD_ENERGY_CARD min=0 max=2 generated_lens=[2] shorter_legal_exists=True shorter_missed=True
=== DIAG_DUMP_BEGIN ===
DIAG_GAMES=1
TRUNC_TOTAL_NODES=1139
TRUNC_FIRED=103
TRUNC_FIRE_RATE=9.04%
TRUNC_OPTCOUNT_HIST=1-8:292|9-16:237|17-32:269|33-64:238|65-128:98|129-256:5|257+:0
TRUNC_FIRE_RATE_BY_TURN=1-2:0.00%(0/39)|3-5:0.00%(0/20)|6+:9.54%(103/1080)
TRUNC_DROPPED_BY_TYPE=ATTACH:3034,PLAY:110
TRUNC_DROPPED_CRITICAL=0
TRUNC_DROPPED_CRITICAL_STATUS=PASS
MULTISELECT_FIXED_LEN=min=0,max=2:nodes=10,shorter_legal=10,shorter_generated=0,shorter_missed=10|min=0,max=3:nodes=10,shorter_legal=10,shorter_generated=0,shorter_missed=10|min=2,max=2:nodes=47,shorter_legal=0,shorter_generated=0,shorter_missed=0
MULTISELECT_SHORTER_MISSED=20
MULTISELECT_CTX_HIST=DISCARD:47,DISCARD_ENERGY_CARD:4,SETUP_BENCH_POKEMON:3,TO_HAND:13
GAME_LENGTH_HIST=1-15:0|16-25:0|26-40:0|41-60:0|61+:1
WIN_BY_CAUSE=DECK_OUT:W=1,L=1,D=0
TURN_NODE_DIST=1-2:3.42%(39/1139)|3-5:1.76%(20/1139)|6+:94.82%(1080/1139)
SEARCH_MAX_DEPTH=5
SEARCH_MEAN_DEPTH=1.6740
PRIZE_REWARD_REACHED=0.00%(0/192)
STALL_DRAW_PASS_TURNS=77
STALL_SHUFFLE_WITH_RESOURCES=6
MISSED_ATTACH=87
SHAPING_BREAKDOWN=BOARD_DECK_DIFF:0.011615|DAMAGE_PRESSURE:0.000948|DISRUPTION:0.000105|ENERGY_DENIAL:0.000000|ITEM_LOCK_PENALTY:0.000000|KO_BONUS:0.000000|PARALYSIS:0.000000|PRIZE_DIFF:0.000351|SLEEP:0.000000
=== DIAG_DUMP_END ===
[MULTISELECT] ctx=SETUP_BENCH_POKEMON min=0 max=5 generated_lens=[5] shorter_legal_exists=True shorter_missed=True
[MULTISELECT] ctx=SETUP_BENCH_POKEMON min=0 max=5 generated_lens=[5] shorter_legal_exists=True shorter_missed=True
[MULTISELECT] ctx=SETUP_BENCH_POKEMON min=0 max=5 generated_lens=[5] shorter_legal_exists=True shorter_missed=True
[MULTISELECT] ctx=SETUP_BENCH_POKEMON min=0 max=2 generated_lens=[2] shorter_legal_exists=True shorter_missed=True
[MULTISELECT] ctx=SETUP_BENCH_POKEMON min=0 max=2 generated_lens=[2] shorter_legal_exists=True shorter_missed=True
[MULTISELECT] ctx=SETUP_BENCH_POKEMON min=0 max=2 generated_lens=[2] shorter_legal_exists=True shorter_missed=True
[MULTISELECT] ctx=TO_HAND min=0 max=3 generated_lens=[3] shorter_legal_exists=True shorter_missed=True
[MULTISELECT] ctx=TO_HAND min=0 max=3 generated_lens=[3] shorter_legal_exists=True shorter_missed=True
[MULTISELECT] ctx=DISCARD min=2 max=2 generated_lens=[2] shorter_legal_exists=False shorter_missed=False
[MULTISELECT] ctx=TO_HAND min=0 max=3 generated_lens=[3] shorter_legal_exists=True shorter_missed=True
[MULTISELECT] ctx=DISCARD min=2 max=2 generated_lens=[2] shorter_legal_exists=False shorter_missed=False
[MULTISELECT] ctx=TO_HAND min=0 max=3 generated_lens=[3] shorter_legal_exists=True shorter_missed=True
[MULTISELECT] ctx=DISCARD min=2 max=2 generated_lens=[2] shorter_legal_exists=False shorter_missed=False
[MULTISELECT] ctx=TO_HAND min=0 max=3 generated_lens=[3] shorter_legal_exists=True shorter_missed=True
[MULTISELECT] ctx=DISCARD min=2 max=2 generated_lens=[2] shorter_legal_exists=False shorter_missed=False
[MULTISELECT] ctx=TO_HAND min=0 max=3 generated_lens=[3] shorter_legal_exists=True shorter_missed=True
[MULTISELECT] ctx=DISCARD min=2 max=2 generated_lens=[2] shorter_legal_exists=False shorter_missed=False
[MULTISELECT] ctx=TO_HAND min=0 max=3 generated_lens=[3] shorter_legal_exists=True shorter_missed=True
[MULTISELECT] ctx=DISCARD min=2 max=2 generated_lens=[2] shorter_legal_exists=False shorter_missed=False
[MULTISELECT] ctx=TO_HAND min=0 max=3 generated_lens=[3] shorter_legal_exists=True shorter_missed=True
[MULTISELECT] ctx=DISCARD min=2 max=2 generated_lens=[2] shorter_legal_exists=False shorter_missed=False
[MULTISELECT] ctx=TO_HAND min=0 max=3 generated_lens=[3] shorter_legal_exists=True shorter_missed=True
[MULTISELECT] ctx=DISCARD min=2 max=2 generated_lens=[2] shorter_legal_exists=False shorter_missed=False
[MULTISELECT] ctx=DISCARD min=2 max=2 generated_lens=[2] shorter_legal_exists=False shorter_missed=False
[MULTISELECT] ctx=TO_HAND min=0 max=3 generated_lens=[3] shorter_legal_exists=True shorter_missed=True
[MULTISELECT] ctx=TO_HAND min=0 max=3 generated_lens=[3] shorter_legal_exists=True shorter_missed=True
[MULTISELECT] ctx=DISCARD min=2 max=2 generated_lens=[2] shorter_legal_exists=False shorter_missed=False
[MULTISELECT] ctx=TO_HAND min=0 max=3 generated_lens=[3] shorter_legal_exists=True shorter_missed=True
[MULTISELECT] ctx=DISCARD min=2 max=2 generated_lens=[2] shorter_legal_exists=False shorter_missed=False
[MULTISELECT] ctx=DISCARD min=2 max=2 generated_lens=[2] shorter_legal_exists=False shorter_missed=False
[MULTISELECT] ctx=TO_HAND min=0 max=3 generated_lens=[3] shorter_legal_exists=True shorter_missed=True
[MULTISELECT] ctx=TO_HAND min=0 max=3 generated_lens=[3] shorter_legal_exists=True shorter_missed=True
[MULTISELECT] ctx=DISCARD min=2 max=2 generated_lens=[2] shorter_legal_exists=False shorter_missed=False
[MULTISELECT] ctx=TO_HAND min=0 max=3 generated_lens=[3] shorter_legal_exists=True shorter_missed=True
[MULTISELECT] ctx=TO_HAND min=0 max=3 generated_lens=[3] shorter_legal_exists=True shorter_missed=True
[MULTISELECT] ctx=DISCARD min=2 max=2 generated_lens=[2] shorter_legal_exists=False shorter_missed=False
[MULTISELECT] ctx=DISCARD min=2 max=2 generated_lens=[2] shorter_legal_exists=False shorter_missed=False
[MULTISELECT] ctx=DISCARD min=2 max=2 generated_lens=[2] shorter_legal_exists=False shorter_missed=False
[MULTISELECT] ctx=DISCARD min=2 max=2 generated_lens=[2] shorter_legal_exists=False shorter_missed=False
[MULTISELECT] ctx=DISCARD min=2 max=2 generated_lens=[2] shorter_legal_exists=False shorter_missed=False
[MULTISELECT] ctx=DISCARD min=2 max=2 generated_lens=[2] shorter_legal_exists=False shorter_missed=False
[MULTISELECT] ctx=DISCARD min=2 max=2 generated_lens=[2] shorter_legal_exists=False shorter_missed=False
[MULTISELECT] ctx=DISCARD min=2 max=2 generated_lens=[2] shorter_legal_exists=False shorter_missed=False
[MULTISELECT] ctx=TO_HAND min=0 max=3 generated_lens=[3] shorter_legal_exists=True shorter_missed=True
[MULTISELECT] ctx=TO_HAND min=0 max=3 generated_lens=[3] shorter_legal_exists=True shorter_missed=True
[MULTISELECT] ctx=DISCARD min=2 max=2 generated_lens=[2] shorter_legal_exists=False shorter_missed=False
[MULTISELECT] ctx=DISCARD min=2 max=2 generated_lens=[2] shorter_legal_exists=False shorter_missed=False
[MULTISELECT] ctx=TO_HAND min=0 max=3 generated_lens=[3] shorter_legal_exists=True shorter_missed=True
[MULTISELECT] ctx=DISCARD min=2 max=2 generated_lens=[2] shorter_legal_exists=False shorter_missed=False
[MULTISELECT] ctx=DISCARD min=2 max=2 generated_lens=[2] shorter_legal_exists=False shorter_missed=False
[MULTISELECT] ctx=TO_HAND min=0 max=3 generated_lens=[3] shorter_legal_exists=True shorter_missed=True
[MULTISELECT] ctx=TO_HAND min=0 max=3 generated_lens=[3] shorter_legal_exists=True shorter_missed=True
[MULTISELECT] ctx=TO_HAND min=0 max=2 generated_lens=[2] shorter_legal_exists=True shorter_missed=True
[MULTISELECT] ctx=TO_HAND min=0 max=2 generated_lens=[2] shorter_legal_exists=True shorter_missed=True
[MULTISELECT] ctx=TO_HAND min=0 max=3 generated_lens=[3] shorter_legal_exists=True shorter_missed=True
[MULTISELECT] ctx=TO_HAND min=0 max=3 generated_lens=[3] shorter_legal_exists=True shorter_missed=True
[MULTISELECT] ctx=DISCARD min=2 max=2 generated_lens=[2] shorter_legal_exists=False shorter_missed=False
[MULTISELECT] ctx=DISCARD min=2 max=2 generated_lens=[2] shorter_legal_exists=False shorter_missed=False
[MULTISELECT] ctx=DISCARD min=2 max=2 generated_lens=[2] shorter_legal_exists=False shorter_missed=False
[MULTISELECT] ctx=DISCARD min=2 max=2 generated_lens=[2] shorter_legal_exists=False shorter_missed=False
[MULTISELECT] ctx=DISCARD min=2 max=2 generated_lens=[2] shorter_legal_exists=False shorter_missed=False
[MULTISELECT] ctx=DISCARD min=2 max=2 generated_lens=[2] shorter_legal_exists=False shorter_missed=False
[MULTISELECT] ctx=DISCARD min=2 max=2 generated_lens=[2] shorter_legal_exists=False shorter_missed=False
[MULTISELECT] ctx=DISCARD min=2 max=2 generated_lens=[2] shorter_legal_exists=False shorter_missed=False
=== DIAG_DUMP_BEGIN ===
DIAG_GAMES=1
TRUNC_TOTAL_NODES=690
TRUNC_FIRED=0
TRUNC_FIRE_RATE=0.00%
TRUNC_OPTCOUNT_HIST=1-8:258|9-16:152|17-32:209|33-64:71|65-128:0|129-256:0|257+:0
TRUNC_FIRE_RATE_BY_TURN=1-2:0.00%(0/44)|3-5:0.00%(0/24)|6+:0.00%(0/622)
TRUNC_DROPPED_BY_TYPE=NONE
TRUNC_DROPPED_CRITICAL=0
TRUNC_DROPPED_CRITICAL_STATUS=PASS
MULTISELECT_FIXED_LEN=min=0,max=2:nodes=5,shorter_legal=5,shorter_generated=0,shorter_missed=5|min=0,max=3:nodes=23,shorter_legal=23,shorter_generated=0,shorter_missed=23|min=0,max=5:nodes=3,shorter_legal=3,shorter_generated=0,shorter_missed=3|min=2,max=2:nodes=33,shorter_legal=0,shorter_generated=0,shorter_missed=0
MULTISELECT_SHORTER_MISSED=31
MULTISELECT_CTX_HIST=DISCARD:33,SETUP_BENCH_POKEMON:6,TO_HAND:25
GAME_LENGTH_HIST=1-15:0|16-25:0|26-40:0|41-60:1|61+:0
WIN_BY_CAUSE=NO_ACTIVE:W=1,L=1,D=0
TURN_NODE_DIST=1-2:6.38%(44/690)|3-5:3.48%(24/690)|6+:90.14%(622/690)
SEARCH_MAX_DEPTH=5
SEARCH_MEAN_DEPTH=1.5069
PRIZE_REWARD_REACHED=1.72%(2/116)
STALL_DRAW_PASS_TURNS=39
STALL_SHUFFLE_WITH_RESOURCES=4
MISSED_ATTACH=44
SHAPING_BREAKDOWN=BOARD_DECK_DIFF:0.014768|DAMAGE_PRESSURE:0.001826|DISRUPTION:0.000130|ENERGY_DENIAL:0.000145|ITEM_LOCK_PENALTY:0.000000|KO_BONUS:0.000000|PARALYSIS:0.000000|PRIZE_DIFF:0.001993|SLEEP:0.000000
=== DIAG_DUMP_END ===
[MULTISELECT] ctx=SETUP_BENCH_POKEMON min=0 max=2 generated_lens=[2] shorter_legal_exists=True shorter_missed=True
[MULTISELECT] ctx=SETUP_BENCH_POKEMON min=0 max=2 generated_lens=[2] shorter_legal_exists=True shorter_missed=True
[MULTISELECT] ctx=DISCARD min=2 max=2 generated_lens=[2] shorter_legal_exists=False shorter_missed=False
[MULTISELECT] ctx=DISCARD min=2 max=2 generated_lens=[2] shorter_legal_exists=False shorter_missed=False
[MULTISELECT] ctx=DISCARD min=2 max=2 generated_lens=[2] shorter_legal_exists=False shorter_missed=False
[MULTISELECT] ctx=DISCARD min=2 max=2 generated_lens=[2] shorter_legal_exists=False shorter_missed=False
[MULTISELECT] ctx=DISCARD min=2 max=2 generated_lens=[2] shorter_legal_exists=False shorter_missed=False
[MULTISELECT] ctx=DISCARD min=2 max=2 generated_lens=[2] shorter_legal_exists=False shorter_missed=False
[MULTISELECT] ctx=DISCARD min=2 max=2 generated_lens=[2] shorter_legal_exists=False shorter_missed=False
[MULTISELECT] ctx=DISCARD min=2 max=2 generated_lens=[2] shorter_legal_exists=False shorter_missed=False
[MULTISELECT] ctx=DISCARD min=2 max=2 generated_lens=[2] shorter_legal_exists=False shorter_missed=False
[MULTISELECT] ctx=DISCARD min=2 max=2 generated_lens=[2] shorter_legal_exists=False shorter_missed=False
[MULTISELECT] ctx=TO_HAND min=0 max=3 generated_lens=[3] shorter_legal_exists=True shorter_missed=True
[MULTISELECT] ctx=TO_HAND min=0 max=3 generated_lens=[3] shorter_legal_exists=True shorter_missed=True
[MULTISELECT] ctx=TO_HAND min=0 max=2 generated_lens=[2] shorter_legal_exists=True shorter_missed=True
[MULTISELECT] ctx=DISCARD min=2 max=2 generated_lens=[2] shorter_legal_exists=False shorter_missed=False
[MULTISELECT] ctx=DISCARD min=2 max=2 generated_lens=[2] shorter_legal_exists=False shorter_missed=False
[MULTISELECT] ctx=DISCARD min=2 max=2 generated_lens=[2] shorter_legal_exists=False shorter_missed=False
[MULTISELECT] ctx=DISCARD min=2 max=2 generated_lens=[2] shorter_legal_exists=False shorter_missed=False
[MULTISELECT] ctx=DISCARD min=2 max=2 generated_lens=[2] shorter_legal_exists=False shorter_missed=False
[MULTISELECT] ctx=DISCARD min=2 max=2 generated_lens=[2] shorter_legal_exists=False shorter_missed=False
[MULTISELECT] ctx=TO_HAND min=0 max=2 generated_lens=[2] shorter_legal_exists=True shorter_missed=True
[MULTISELECT] ctx=TO_HAND min=0 max=3 generated_lens=[3] shorter_legal_exists=True shorter_missed=True
[MULTISELECT] ctx=TO_HAND min=0 max=3 generated_lens=[3] shorter_legal_exists=True shorter_missed=True
[MULTISELECT] ctx=TO_HAND min=0 max=3 generated_lens=[3] shorter_legal_exists=True shorter_missed=True
[MULTISELECT] ctx=TO_HAND min=0 max=3 generated_lens=[3] shorter_legal_exists=True shorter_missed=True
[MULTISELECT] ctx=DISCARD min=2 max=2 generated_lens=[2] shorter_legal_exists=False shorter_missed=False
[MULTISELECT] ctx=DISCARD min=2 max=2 generated_lens=[2] shorter_legal_exists=False shorter_missed=False
[MULTISELECT] ctx=DISCARD_ENERGY_CARD min=0 max=2 generated_lens=[2] shorter_legal_exists=True shorter_missed=True
[MULTISELECT] ctx=DISCARD min=2 max=2 generated_lens=[2] shorter_legal_exists=False shorter_missed=False
[MULTISELECT] ctx=TO_HAND min=0 max=2 generated_lens=[2] shorter_legal_exists=True shorter_missed=True
[MULTISELECT] ctx=TO_HAND min=0 max=2 generated_lens=[2] shorter_legal_exists=True shorter_missed=True
[MULTISELECT] ctx=DISCARD min=2 max=2 generated_lens=[2] shorter_legal_exists=False shorter_missed=False
[MULTISELECT] ctx=DISCARD min=2 max=2 generated_lens=[2] shorter_legal_exists=False shorter_missed=False
[MULTISELECT] ctx=DISCARD min=2 max=2 generated_lens=[2] shorter_legal_exists=False shorter_missed=False
[MULTISELECT] ctx=DISCARD min=2 max=2 generated_lens=[2] shorter_legal_exists=False shorter_missed=False
[MULTISELECT] ctx=DISCARD_ENERGY_CARD min=0 max=2 generated_lens=[2] shorter_legal_exists=True shorter_missed=True
[MULTISELECT] ctx=DISCARD min=2 max=2 generated_lens=[2] shorter_legal_exists=False shorter_missed=False
[MULTISELECT] ctx=DISCARD_ENERGY_CARD min=0 max=2 generated_lens=[2] shorter_legal_exists=True shorter_missed=True
[MULTISELECT] ctx=DISCARD_ENERGY_CARD min=0 max=2 generated_lens=[2] shorter_legal_exists=True shorter_missed=True
=== DIAG_DUMP_BEGIN ===
DIAG_GAMES=1
TRUNC_TOTAL_NODES=830
TRUNC_FIRED=0
TRUNC_FIRE_RATE=0.00%
TRUNC_OPTCOUNT_HIST=1-8:476|9-16:95|17-32:166|33-64:93|65-128:0|129-256:0|257+:0
TRUNC_FIRE_RATE_BY_TURN=1-2:0.00%(0/27)|3-5:0.00%(0/23)|6+:0.00%(0/780)
TRUNC_DROPPED_BY_TYPE=NONE
TRUNC_DROPPED_CRITICAL=0
TRUNC_DROPPED_CRITICAL_STATUS=PASS
MULTISELECT_FIXED_LEN=min=0,max=2:nodes=10,shorter_legal=10,shorter_generated=0,shorter_missed=10|min=0,max=3:nodes=6,shorter_legal=6,shorter_generated=0,shorter_missed=6|min=2,max=2:nodes=24,shorter_legal=0,shorter_generated=0,shorter_missed=0
MULTISELECT_SHORTER_MISSED=16
MULTISELECT_CTX_HIST=DISCARD:24,DISCARD_ENERGY_CARD:4,SETUP_BENCH_POKEMON:2,TO_HAND:10
GAME_LENGTH_HIST=1-15:0|16-25:0|26-40:0|41-60:1|61+:0
WIN_BY_CAUSE=DECK_OUT:W=1,L=1,D=0
TURN_NODE_DIST=1-2:3.25%(27/830)|3-5:2.77%(23/830)|6+:93.98%(780/830)
SEARCH_MAX_DEPTH=5
SEARCH_MEAN_DEPTH=1.6386
PRIZE_REWARD_REACHED=0.00%(0/140)
STALL_DRAW_PASS_TURNS=28
STALL_SHUFFLE_WITH_RESOURCES=2
MISSED_ATTACH=33
SHAPING_BREAKDOWN=BOARD_DECK_DIFF:0.039940|DAMAGE_PRESSURE:0.000000|DISRUPTION:0.000181|ENERGY_DENIAL:0.000000|ITEM_LOCK_PENALTY:0.000000|KO_BONUS:0.000000|PARALYSIS:0.000000|PRIZE_DIFF:0.000361|SLEEP:0.000000
=== DIAG_DUMP_END ===
[MULTISELECT] ctx=SETUP_BENCH_POKEMON min=0 max=5 generated_lens=[5] shorter_legal_exists=True shorter_missed=True
[MULTISELECT] ctx=SETUP_BENCH_POKEMON min=0 max=5 generated_lens=[5] shorter_legal_exists=True shorter_missed=True
[TRUNC] turn=55 ctx=MAIN opts=65 kept=64 dropped_types={PLAY:1}
[TRUNC] turn=57 ctx=MAIN opts=66 kept=64 dropped_types={PLAY:2}
[TRUNC] turn=56 ctx=MAIN opts=65 kept=64 dropped_types={PLAY:1}
[TRUNC] turn=58 ctx=MAIN opts=66 kept=64 dropped_types={PLAY:2}
[TRUNC] turn=55 ctx=MAIN opts=66 kept=64 dropped_types={ATTACH:1,PLAY:1}
[TRUNC] turn=57 ctx=MAIN opts=67 kept=64 dropped_types={ATTACH:1,PLAY:2}
[TRUNC] turn=56 ctx=MAIN opts=66 kept=64 dropped_types={ATTACH:1,PLAY:1}
[TRUNC] turn=58 ctx=MAIN opts=67 kept=64 dropped_types={ATTACH:1,PLAY:2}
[TRUNC] turn=60 ctx=MAIN opts=68 kept=64 dropped_types={ATTACH:1,PLAY:3}
[TRUNC] turn=57 ctx=MAIN opts=68 kept=64 dropped_types={ATTACH:3,PLAY:1}
[TRUNC] turn=59 ctx=MAIN opts=69 kept=64 dropped_types={ATTACH:3,PLAY:2}
[TRUNC] turn=61 ctx=MAIN opts=70 kept=64 dropped_types={ATTACH:3,PLAY:3}
[TRUNC] turn=58 ctx=MAIN opts=68 kept=64 dropped_types={ATTACH:3,PLAY:1}
[TRUNC] turn=60 ctx=MAIN opts=69 kept=64 dropped_types={ATTACH:3,PLAY:2}
[TRUNC] turn=59 ctx=MAIN opts=70 kept=64 dropped_types={ATTACH:5,PLAY:1}
[TRUNC] turn=60 ctx=MAIN opts=70 kept=64 dropped_types={ATTACH:5,PLAY:1}
[TRUNC] turn=62 ctx=MAIN opts=71 kept=64 dropped_types={ATTACH:5,PLAY:2}
[TRUNC] turn=64 ctx=MAIN opts=72 kept=64 dropped_types={ATTACH:5,PLAY:3}
[TRUNC] turn=61 ctx=MAIN opts=72 kept=64 dropped_types={ATTACH:7,PLAY:1}
[TRUNC] turn=62 ctx=MAIN opts=72 kept=64 dropped_types={ATTACH:7,PLAY:1}
[TRUNC] turn=64 ctx=MAIN opts=73 kept=64 dropped_types={ATTACH:7,PLAY:2}
[TRUNC] turn=66 ctx=MAIN opts=74 kept=64 dropped_types={ATTACH:7,PLAY:3}
[TRUNC] turn=63 ctx=MAIN opts=74 kept=64 dropped_types={ATTACH:9,PLAY:1}
[TRUNC] turn=64 ctx=MAIN opts=74 kept=64 dropped_types={ATTACH:9,PLAY:1}
[TRUNC] turn=66 ctx=MAIN opts=75 kept=64 dropped_types={ATTACH:9,PLAY:2}
[TRUNC] turn=68 ctx=MAIN opts=76 kept=64 dropped_types={ATTACH:9,PLAY:3}
[TRUNC] turn=65 ctx=MAIN opts=76 kept=64 dropped_types={ATTACH:11,PLAY:1}
[TRUNC] turn=66 ctx=MAIN opts=76 kept=64 dropped_types={ATTACH:11,PLAY:1}
[TRUNC] turn=68 ctx=MAIN opts=77 kept=64 dropped_types={ATTACH:11,PLAY:2}
[TRUNC] turn=70 ctx=MAIN opts=78 kept=64 dropped_types={ATTACH:11,PLAY:3}
[TRUNC] turn=67 ctx=MAIN opts=78 kept=64 dropped_types={ATTACH:13,PLAY:1}
[TRUNC] turn=68 ctx=MAIN opts=78 kept=64 dropped_types={ATTACH:13,PLAY:1}
[TRUNC] turn=70 ctx=MAIN opts=79 kept=64 dropped_types={ATTACH:13,PLAY:2}
[TRUNC] turn=69 ctx=MAIN opts=80 kept=64 dropped_types={ATTACH:15,PLAY:1}
[TRUNC] turn=70 ctx=MAIN opts=80 kept=64 dropped_types={ATTACH:15,PLAY:1}
[TRUNC] turn=72 ctx=MAIN opts=81 kept=64 dropped_types={ATTACH:15,PLAY:2}
[TRUNC] turn=74 ctx=MAIN opts=82 kept=64 dropped_types={ATTACH:15,PLAY:3}
[TRUNC] turn=71 ctx=MAIN opts=82 kept=64 dropped_types={ATTACH:17,PLAY:1}
[TRUNC] turn=72 ctx=MAIN opts=82 kept=64 dropped_types={ATTACH:17,PLAY:1}
[TRUNC] turn=74 ctx=MAIN opts=83 kept=64 dropped_types={ATTACH:17,PLAY:2}
[TRUNC] turn=76 ctx=MAIN opts=84 kept=64 dropped_types={ATTACH:17,PLAY:3}
[TRUNC] turn=73 ctx=MAIN opts=84 kept=64 dropped_types={ATTACH:19,PLAY:1}
[TRUNC] turn=74 ctx=MAIN opts=84 kept=64 dropped_types={ATTACH:19,PLAY:1}
[TRUNC] turn=76 ctx=MAIN opts=85 kept=64 dropped_types={ATTACH:19,PLAY:2}
[TRUNC] turn=75 ctx=MAIN opts=86 kept=64 dropped_types={ATTACH:21,PLAY:1}
[TRUNC] turn=76 ctx=MAIN opts=86 kept=64 dropped_types={ATTACH:21,PLAY:1}
[TRUNC] turn=78 ctx=MAIN opts=87 kept=64 dropped_types={ATTACH:21,PLAY:2}
[TRUNC] turn=77 ctx=MAIN opts=88 kept=64 dropped_types={ATTACH:23,PLAY:1}
[TRUNC] turn=78 ctx=MAIN opts=88 kept=64 dropped_types={ATTACH:23,PLAY:1}
[TRUNC] turn=80 ctx=MAIN opts=89 kept=64 dropped_types={ATTACH:23,PLAY:2}
[TRUNC] turn=79 ctx=MAIN opts=90 kept=64 dropped_types={ATTACH:25,PLAY:1}
[TRUNC] turn=80 ctx=MAIN opts=90 kept=64 dropped_types={ATTACH:25,PLAY:1}
[TRUNC] turn=82 ctx=MAIN opts=91 kept=64 dropped_types={ATTACH:25,PLAY:2}
[TRUNC] turn=81 ctx=MAIN opts=92 kept=64 dropped_types={ATTACH:27,PLAY:1}
[TRUNC] turn=82 ctx=MAIN opts=92 kept=64 dropped_types={ATTACH:27,PLAY:1}
[TRUNC] turn=84 ctx=MAIN opts=93 kept=64 dropped_types={ATTACH:27,PLAY:2}
[TRUNC] turn=83 ctx=MAIN opts=94 kept=64 dropped_types={ATTACH:29,PLAY:1}
[TRUNC] turn=84 ctx=MAIN opts=94 kept=64 dropped_types={ATTACH:29,PLAY:1}
[TRUNC] turn=86 ctx=MAIN opts=95 kept=64 dropped_types={ATTACH:29,PLAY:2}
[TRUNC] turn=85 ctx=MAIN opts=96 kept=64 dropped_types={ATTACH:31,PLAY:1}
[TRUNC] turn=86 ctx=MAIN opts=96 kept=64 dropped_types={ATTACH:31,PLAY:1}
[TRUNC] turn=88 ctx=MAIN opts=97 kept=64 dropped_types={ATTACH:31,PLAY:2}
[TRUNC] turn=87 ctx=MAIN opts=98 kept=64 dropped_types={ATTACH:33,PLAY:1}
[TRUNC] turn=88 ctx=MAIN opts=98 kept=64 dropped_types={ATTACH:33,PLAY:1}
[TRUNC] turn=90 ctx=MAIN opts=99 kept=64 dropped_types={ATTACH:33,PLAY:2}
[TRUNC] turn=89 ctx=MAIN opts=100 kept=64 dropped_types={ATTACH:35,PLAY:1}
[TRUNC] turn=90 ctx=MAIN opts=100 kept=64 dropped_types={ATTACH:35,PLAY:1}
[TRUNC] turn=92 ctx=MAIN opts=101 kept=64 dropped_types={ATTACH:35,PLAY:2}
[TRUNC] turn=91 ctx=MAIN opts=102 kept=64 dropped_types={ATTACH:37,PLAY:1}
[TRUNC] turn=92 ctx=MAIN opts=102 kept=64 dropped_types={ATTACH:37,PLAY:1}
[TRUNC] turn=94 ctx=MAIN opts=103 kept=64 dropped_types={ATTACH:37,PLAY:2}
[TRUNC] turn=93 ctx=MAIN opts=104 kept=64 dropped_types={ATTACH:39,PLAY:1}
[TRUNC] turn=94 ctx=MAIN opts=104 kept=64 dropped_types={ATTACH:39,PLAY:1}
=== DIAG_DUMP_BEGIN ===
DIAG_GAMES=1
TRUNC_TOTAL_NODES=584
TRUNC_FIRED=73
TRUNC_FIRE_RATE=12.50%
TRUNC_OPTCOUNT_HIST=1-8:92|9-16:58|17-32:154|33-64:207|65-128:73|129-256:0|257+:0
TRUNC_FIRE_RATE_BY_TURN=1-2:0.00%(0/25)|3-5:0.00%(0/20)|6+:13.54%(73/539)
TRUNC_DROPPED_BY_TYPE=ATTACH:1233,PLAY:112
TRUNC_DROPPED_CRITICAL=0
TRUNC_DROPPED_CRITICAL_STATUS=PASS
MULTISELECT_FIXED_LEN=min=0,max=5:nodes=2,shorter_legal=2,shorter_generated=0,shorter_missed=2
MULTISELECT_SHORTER_MISSED=2
MULTISELECT_CTX_HIST=SETUP_BENCH_POKEMON:2
GAME_LENGTH_HIST=1-15:0|16-25:0|26-40:0|41-60:0|61+:1
WIN_BY_CAUSE=DECK_OUT:W=1,L=1,D=0
TURN_NODE_DIST=1-2:4.28%(25/584)|3-5:3.42%(20/584)|6+:92.29%(539/584)
SEARCH_MAX_DEPTH=5
SEARCH_MEAN_DEPTH=2.5919
PRIZE_REWARD_REACHED=0.00%(0/99)
STALL_DRAW_PASS_TURNS=98
STALL_SHUFFLE_WITH_RESOURCES=0
MISSED_ATTACH=94
SHAPING_BREAKDOWN=BOARD_DECK_DIFF:0.001010|DAMAGE_PRESSURE:0.000000|DISRUPTION:0.000257|ENERGY_DENIAL:0.000000|ITEM_LOCK_PENALTY:0.000000|KO_BONUS:0.000000|PARALYSIS:0.000000|PRIZE_DIFF:-0.000514|SLEEP:0.000000
=== DIAG_DUMP_END ===
[MULTISELECT] ctx=SETUP_BENCH_POKEMON min=0 max=5 generated_lens=[5] shorter_legal_exists=True shorter_missed=True
[MULTISELECT] ctx=SETUP_BENCH_POKEMON min=0 max=5 generated_lens=[5] shorter_legal_exists=True shorter_missed=True
[MULTISELECT] ctx=SETUP_BENCH_POKEMON min=0 max=2 generated_lens=[2] shorter_legal_exists=True shorter_missed=True
=== DIAG_DUMP_BEGIN ===
DIAG_GAMES=1
TRUNC_TOTAL_NODES=563
TRUNC_FIRED=0
TRUNC_FIRE_RATE=0.00%
TRUNC_OPTCOUNT_HIST=1-8:103|9-16:111|17-32:246|33-64:103|65-128:0|129-256:0|257+:0
TRUNC_FIRE_RATE_BY_TURN=1-2:0.00%(0/26)|3-5:0.00%(0/13)|6+:0.00%(0/524)
TRUNC_DROPPED_BY_TYPE=NONE
TRUNC_DROPPED_CRITICAL=0
TRUNC_DROPPED_CRITICAL_STATUS=PASS
MULTISELECT_FIXED_LEN=min=0,max=2:nodes=1,shorter_legal=1,shorter_generated=0,shorter_missed=1|min=0,max=5:nodes=2,shorter_legal=2,shorter_generated=0,shorter_missed=2
MULTISELECT_SHORTER_MISSED=3
MULTISELECT_CTX_HIST=SETUP_BENCH_POKEMON:3
GAME_LENGTH_HIST=1-15:0|16-25:0|26-40:0|41-60:0|61+:1
WIN_BY_CAUSE=DECK_OUT:W=1,L=1,D=0
TURN_NODE_DIST=1-2:4.62%(26/563)|3-5:2.31%(13/563)|6+:93.07%(524/563)
SEARCH_MAX_DEPTH=5
SEARCH_MEAN_DEPTH=2.4821
PRIZE_REWARD_REACHED=0.00%(0/95)
STALL_DRAW_PASS_TURNS=95
STALL_SHUFFLE_WITH_RESOURCES=0
MISSED_ATTACH=91
SHAPING_BREAKDOWN=BOARD_DECK_DIFF:0.001190|DAMAGE_PRESSURE:0.000000|DISRUPTION:0.000266|ENERGY_DENIAL:0.000000|ITEM_LOCK_PENALTY:0.000000|KO_BONUS:0.000000|PARALYSIS:0.000000|PRIZE_DIFF:0.000000|SLEEP:0.000000
=== DIAG_DUMP_END ===
[MULTISELECT] ctx=SETUP_BENCH_POKEMON min=0 max=2 generated_lens=[2] shorter_legal_exists=True shorter_missed=True
[MULTISELECT] ctx=SETUP_BENCH_POKEMON min=0 max=2 generated_lens=[2] shorter_legal_exists=True shorter_missed=True
[MULTISELECT] ctx=TO_BENCH min=0 max=2 generated_lens=[2] shorter_legal_exists=True shorter_missed=True
[MULTISELECT] ctx=TO_BENCH min=0 max=2 generated_lens=[2] shorter_legal_exists=True shorter_missed=True
[MULTISELECT] ctx=TO_BENCH min=0 max=2 generated_lens=[2] shorter_legal_exists=True shorter_missed=True
[MULTISELECT] ctx=ATTACH_TO min=0 max=5 generated_lens=[5] shorter_legal_exists=True shorter_missed=True
[MULTISELECT] ctx=ATTACH_TO min=0 max=4 generated_lens=[4] shorter_legal_exists=True shorter_missed=True
[MULTISELECT] ctx=ATTACH_TO min=0 max=4 generated_lens=[4] shorter_legal_exists=True shorter_missed=True
[MULTISELECT] ctx=ATTACH_TO min=0 max=4 generated_lens=[4] shorter_legal_exists=True shorter_missed=True
[MULTISELECT] ctx=ATTACH_TO min=0 max=4 generated_lens=[4] shorter_legal_exists=True shorter_missed=True
[MULTISELECT] ctx=ATTACH_TO min=0 max=5 generated_lens=[5] shorter_legal_exists=True shorter_missed=True
[MULTISELECT] ctx=ATTACH_TO min=0 max=5 generated_lens=[5] shorter_legal_exists=True shorter_missed=True
[MULTISELECT] ctx=ATTACH_TO min=0 max=2 generated_lens=[2] shorter_legal_exists=True shorter_missed=True
[MULTISELECT] ctx=ATTACH_TO min=0 max=2 generated_lens=[2] shorter_legal_exists=True shorter_missed=True
[MULTISELECT] ctx=ATTACH_TO min=0 max=4 generated_lens=[4] shorter_legal_exists=True shorter_missed=True
[MULTISELECT] ctx=ATTACH_TO min=0 max=2 generated_lens=[2] shorter_legal_exists=True shorter_missed=True
[MULTISELECT] ctx=ATTACH_TO min=0 max=5 generated_lens=[5] shorter_legal_exists=True shorter_missed=True
[MULTISELECT] ctx=ATTACH_TO min=0 max=5 generated_lens=[5] shorter_legal_exists=True shorter_missed=True
[MULTISELECT] ctx=ATTACH_TO min=0 max=5 generated_lens=[5] shorter_legal_exists=True shorter_missed=True
[MULTISELECT] ctx=ATTACH_TO min=0 max=4 generated_lens=[4] shorter_legal_exists=True shorter_missed=True
[MULTISELECT] ctx=ATTACH_TO min=0 max=5 generated_lens=[5] shorter_legal_exists=True shorter_missed=True
[MULTISELECT] ctx=TO_BENCH min=0 max=2 generated_lens=[2] shorter_legal_exists=True shorter_missed=True
[MULTISELECT] ctx=TO_HAND min=2 max=2 generated_lens=[2] shorter_legal_exists=False shorter_missed=False
[MULTISELECT] ctx=TO_HAND min=2 max=2 generated_lens=[2] shorter_legal_exists=False shorter_missed=False
[MULTISELECT] ctx=TO_HAND min=2 max=2 generated_lens=[2] shorter_legal_exists=False shorter_missed=False
[MULTISELECT] ctx=TO_HAND min=2 max=2 generated_lens=[2] shorter_legal_exists=False shorter_missed=False
[MULTISELECT] ctx=TO_HAND min=2 max=2 generated_lens=[2] shorter_legal_exists=False shorter_missed=False
[MULTISELECT] ctx=TO_HAND min=2 max=2 generated_lens=[2] shorter_legal_exists=False shorter_missed=False
[MULTISELECT] ctx=TO_HAND min=2 max=2 generated_lens=[2] shorter_legal_exists=False shorter_missed=False
[MULTISELECT] ctx=TO_HAND min=2 max=2 generated_lens=[2] shorter_legal_exists=False shorter_missed=False
[MULTISELECT] ctx=TO_HAND min=2 max=2 generated_lens=[2] shorter_legal_exists=False shorter_missed=False
[MULTISELECT] ctx=TO_HAND min=2 max=2 generated_lens=[2] shorter_legal_exists=False shorter_missed=False
[MULTISELECT] ctx=TO_HAND min=2 max=2 generated_lens=[2] shorter_legal_exists=False shorter_missed=False
[MULTISELECT] ctx=TO_HAND min=2 max=2 generated_lens=[2] shorter_legal_exists=False shorter_missed=False
[MULTISELECT] ctx=TO_HAND min=2 max=2 generated_lens=[2] shorter_legal_exists=False shorter_missed=False
[MULTISELECT] ctx=TO_HAND min=2 max=2 generated_lens=[2] shorter_legal_exists=False shorter_missed=False
[MULTISELECT] ctx=TO_HAND min=2 max=2 generated_lens=[2] shorter_legal_exists=False shorter_missed=False
[MULTISELECT] ctx=TO_HAND min=2 max=2 generated_lens=[2] shorter_legal_exists=False shorter_missed=False
[MULTISELECT] ctx=TO_HAND min=2 max=2 generated_lens=[2] shorter_legal_exists=False shorter_missed=False
[MULTISELECT] ctx=TO_HAND min=2 max=2 generated_lens=[2] shorter_legal_exists=False shorter_missed=False
[MULTISELECT] ctx=TO_BENCH min=0 max=2 generated_lens=[2] shorter_legal_exists=True shorter_missed=True
[MULTISELECT] ctx=TO_BENCH min=0 max=2 generated_lens=[2] shorter_legal_exists=True shorter_missed=True
[MULTISELECT] ctx=TO_BENCH min=0 max=2 generated_lens=[2] shorter_legal_exists=True shorter_missed=True
[MULTISELECT] ctx=TO_BENCH min=0 max=2 generated_lens=[2] shorter_legal_exists=True shorter_missed=True
[MULTISELECT] ctx=TO_BENCH min=0 max=2 generated_lens=[2] shorter_legal_exists=True shorter_missed=True
[MULTISELECT] ctx=TO_BENCH min=0 max=2 generated_lens=[2] shorter_legal_exists=True shorter_missed=True
[MULTISELECT] ctx=ATTACH_TO min=0 max=4 generated_lens=[4] shorter_legal_exists=True shorter_missed=True
[MULTISELECT] ctx=ATTACH_TO min=0 max=4 generated_lens=[4] shorter_legal_exists=True shorter_missed=True
[MULTISELECT] ctx=ATTACH_TO min=0 max=3 generated_lens=[3] shorter_legal_exists=True shorter_missed=True
[MULTISELECT] ctx=ATTACH_TO min=0 max=4 generated_lens=[4] shorter_legal_exists=True shorter_missed=True
[MULTISELECT] ctx=DISCARD min=3 max=3 generated_lens=[3] shorter_legal_exists=False shorter_missed=False
[MULTISELECT] ctx=DISCARD min=3 max=3 generated_lens=[3] shorter_legal_exists=False shorter_missed=False
[MULTISELECT] ctx=SKILL_ORDER min=2 max=2 generated_lens=[2] shorter_legal_exists=False shorter_missed=False
[MULTISELECT] ctx=SKILL_ORDER min=2 max=2 generated_lens=[2] shorter_legal_exists=False shorter_missed=False
[MULTISELECT] ctx=SKILL_ORDER min=2 max=2 generated_lens=[2] shorter_legal_exists=False shorter_missed=False
[MULTISELECT] ctx=SKILL_ORDER min=2 max=2 generated_lens=[2] shorter_legal_exists=False shorter_missed=False
[MULTISELECT] ctx=SKILL_ORDER min=2 max=2 generated_lens=[2] shorter_legal_exists=False shorter_missed=False
[MULTISELECT] ctx=SKILL_ORDER min=2 max=2 generated_lens=[2] shorter_legal_exists=False shorter_missed=False
[MULTISELECT] ctx=SKILL_ORDER min=2 max=2 generated_lens=[2] shorter_legal_exists=False shorter_missed=False
[MULTISELECT] ctx=SKILL_ORDER min=2 max=2 generated_lens=[2] shorter_legal_exists=False shorter_missed=False
[MULTISELECT] ctx=SKILL_ORDER min=2 max=2 generated_lens=[2] shorter_legal_exists=False shorter_missed=False
[MULTISELECT] ctx=SKILL_ORDER min=2 max=2 generated_lens=[2] shorter_legal_exists=False shorter_missed=False
[MULTISELECT] ctx=SKILL_ORDER min=2 max=2 generated_lens=[2] shorter_legal_exists=False shorter_missed=False
[MULTISELECT] ctx=SKILL_ORDER min=2 max=2 generated_lens=[2] shorter_legal_exists=False shorter_missed=False
[MULTISELECT] ctx=SKILL_ORDER min=2 max=2 generated_lens=[2] shorter_legal_exists=False shorter_missed=False
[MULTISELECT] ctx=SKILL_ORDER min=2 max=2 generated_lens=[2] shorter_legal_exists=False shorter_missed=False
[MULTISELECT] ctx=SKILL_ORDER min=2 max=2 generated_lens=[2] shorter_legal_exists=False shorter_missed=False
[MULTISELECT] ctx=SKILL_ORDER min=2 max=2 generated_lens=[2] shorter_legal_exists=False shorter_missed=False
[MULTISELECT] ctx=SKILL_ORDER min=2 max=2 generated_lens=[2] shorter_legal_exists=False shorter_missed=False
[MULTISELECT] ctx=SKILL_ORDER min=2 max=2 generated_lens=[2] shorter_legal_exists=False shorter_missed=False
[MULTISELECT] ctx=SKILL_ORDER min=2 max=2 generated_lens=[2] shorter_legal_exists=False shorter_missed=False
[MULTISELECT] ctx=SKILL_ORDER min=2 max=2 generated_lens=[2] shorter_legal_exists=False shorter_missed=False
[MULTISELECT] ctx=SKILL_ORDER min=2 max=2 generated_lens=[2] shorter_legal_exists=False shorter_missed=False
[MULTISELECT] ctx=SKILL_ORDER min=2 max=2 generated_lens=[2] shorter_legal_exists=False shorter_missed=False
[MULTISELECT] ctx=SKILL_ORDER min=2 max=2 generated_lens=[2] shorter_legal_exists=False shorter_missed=False
[MULTISELECT] ctx=SKILL_ORDER min=3 max=3 generated_lens=[3] shorter_legal_exists=False shorter_missed=False
[MULTISELECT] ctx=SKILL_ORDER min=3 max=3 generated_lens=[3] shorter_legal_exists=False shorter_missed=False
[MULTISELECT] ctx=SKILL_ORDER min=3 max=3 generated_lens=[3] shorter_legal_exists=False shorter_missed=False
=== DIAG_DUMP_BEGIN ===
DIAG_GAMES=1
TRUNC_TOTAL_NODES=988
TRUNC_FIRED=0
TRUNC_FIRE_RATE=0.00%
TRUNC_OPTCOUNT_HIST=1-8:690|9-16:174|17-32:96|33-64:28|65-128:0|129-256:0|257+:0
TRUNC_FIRE_RATE_BY_TURN=1-2:0.00%(0/63)|3-5:0.00%(0/164)|6+:0.00%(0/761)
TRUNC_DROPPED_BY_TYPE=NONE
TRUNC_DROPPED_CRITICAL=0
TRUNC_DROPPED_CRITICAL_STATUS=PASS
MULTISELECT_FIXED_LEN=min=0,max=2:nodes=15,shorter_legal=15,shorter_generated=0,shorter_missed=15|min=0,max=3:nodes=1,shorter_legal=1,shorter_generated=0,shorter_missed=1|min=0,max=4:nodes=9,shorter_legal=9,shorter_generated=0,shorter_missed=9|min=0,max=5:nodes=7,shorter_legal=7,shorter_generated=0,shorter_missed=7|min=2,max=2:nodes=41,shorter_legal=0,shorter_generated=0,shorter_missed=0|min=3,max=3:nodes=5,shorter_legal=0,shorter_generated=0,shorter_missed=0
MULTISELECT_SHORTER_MISSED=32
MULTISELECT_CTX_HIST=ATTACH_TO:20,DISCARD:2,SETUP_BENCH_POKEMON:2,SKILL_ORDER:26,TO_BENCH:10,TO_HAND:18
GAME_LENGTH_HIST=1-15:0|16-25:1|26-40:0|41-60:0|61+:0
WIN_BY_CAUSE=PRIZE:W=1,L=1,D=0
TURN_NODE_DIST=1-2:6.38%(63/988)|3-5:16.60%(164/988)|6+:77.02%(761/988)
SEARCH_MAX_DEPTH=5
SEARCH_MEAN_DEPTH=2.0587
PRIZE_REWARD_REACHED=4.79%(8/167)
STALL_DRAW_PASS_TURNS=7
STALL_SHUFFLE_WITH_RESOURCES=6
MISSED_ATTACH=6
SHAPING_BREAKDOWN=BOARD_DECK_DIFF:0.005617|DAMAGE_PRESSURE:0.007783|DISRUPTION:0.000182|ENERGY_DENIAL:0.002126|ITEM_LOCK_PENALTY:-0.002551|KO_BONUS:0.001417|PARALYSIS:0.000000|PRIZE_DIFF:0.002834|SLEEP:0.000000
=== DIAG_DUMP_END ===
[MULTISELECT] ctx=TO_BENCH min=0 max=2 generated_lens=[2] shorter_legal_exists=True shorter_missed=True
[MULTISELECT] ctx=TO_BENCH min=0 max=2 generated_lens=[2] shorter_legal_exists=True shorter_missed=True
[MULTISELECT] ctx=TO_BENCH min=0 max=2 generated_lens=[2] shorter_legal_exists=True shorter_missed=True
[MULTISELECT] ctx=TO_BENCH min=0 max=2 generated_lens=[2] shorter_legal_exists=True shorter_missed=True
[MULTISELECT] ctx=TO_BENCH min=0 max=2 generated_lens=[2] shorter_legal_exists=True shorter_missed=True
[MULTISELECT] ctx=ATTACH_TO min=0 max=5 generated_lens=[5] shorter_legal_exists=True shorter_missed=True
[MULTISELECT] ctx=ATTACH_TO min=0 max=5 generated_lens=[5] shorter_legal_exists=True shorter_missed=True
[MULTISELECT] ctx=ATTACH_TO min=0 max=5 generated_lens=[5] shorter_legal_exists=True shorter_missed=True
[MULTISELECT] ctx=DISCARD min=3 max=3 generated_lens=[3] shorter_legal_exists=False shorter_missed=False
[MULTISELECT] ctx=DISCARD min=3 max=3 generated_lens=[3] shorter_legal_exists=False shorter_missed=False
[MULTISELECT] ctx=DISCARD min=3 max=3 generated_lens=[3] shorter_legal_exists=False shorter_missed=False
[MULTISELECT] ctx=DISCARD min=3 max=3 generated_lens=[3] shorter_legal_exists=False shorter_missed=False
[MULTISELECT] ctx=TO_BENCH min=0 max=2 generated_lens=[2] shorter_legal_exists=True shorter_missed=True
[MULTISELECT] ctx=TO_BENCH min=0 max=2 generated_lens=[2] shorter_legal_exists=True shorter_missed=True
[MULTISELECT] ctx=TO_BENCH min=0 max=2 generated_lens=[2] shorter_legal_exists=True shorter_missed=True
[MULTISELECT] ctx=TO_BENCH min=0 max=2 generated_lens=[2] shorter_legal_exists=True shorter_missed=True
[MULTISELECT] ctx=TO_BENCH min=0 max=2 generated_lens=[2] shorter_legal_exists=True shorter_missed=True
[MULTISELECT] ctx=TO_BENCH min=0 max=2 generated_lens=[2] shorter_legal_exists=True shorter_missed=True
[MULTISELECT] ctx=TO_BENCH min=0 max=2 generated_lens=[2] shorter_legal_exists=True shorter_missed=True
[MULTISELECT] ctx=ATTACH_TO min=0 max=4 generated_lens=[4] shorter_legal_exists=True shorter_missed=True
[MULTISELECT] ctx=ATTACH_TO min=0 max=3 generated_lens=[3] shorter_legal_exists=True shorter_missed=True
[MULTISELECT] ctx=ATTACH_TO min=0 max=5 generated_lens=[5] shorter_legal_exists=True shorter_missed=True
[MULTISELECT] ctx=ATTACH_TO min=0 max=5 generated_lens=[5] shorter_legal_exists=True shorter_missed=True
[MULTISELECT] ctx=ATTACH_TO min=0 max=3 generated_lens=[3] shorter_legal_exists=True shorter_missed=True
[MULTISELECT] ctx=ATTACH_TO min=0 max=4 generated_lens=[4] shorter_legal_exists=True shorter_missed=True
[MULTISELECT] ctx=ATTACH_TO min=0 max=5 generated_lens=[5] shorter_legal_exists=True shorter_missed=True
[MULTISELECT] ctx=TO_BENCH min=0 max=2 generated_lens=[2] shorter_legal_exists=True shorter_missed=True
[MULTISELECT] ctx=TO_BENCH min=0 max=2 generated_lens=[2] shorter_legal_exists=True shorter_missed=True
[MULTISELECT] ctx=TO_HAND min=2 max=2 generated_lens=[2] shorter_legal_exists=False shorter_missed=False
[MULTISELECT] ctx=TO_HAND min=2 max=2 generated_lens=[2] shorter_legal_exists=False shorter_missed=False
[MULTISELECT] ctx=TO_HAND min=2 max=2 generated_lens=[2] shorter_legal_exists=False shorter_missed=False
[MULTISELECT] ctx=TO_HAND min=2 max=2 generated_lens=[2] shorter_legal_exists=False shorter_missed=False
[MULTISELECT] ctx=TO_HAND min=2 max=2 generated_lens=[2] shorter_legal_exists=False shorter_missed=False
=== DIAG_DUMP_BEGIN ===
DIAG_GAMES=1
TRUNC_TOTAL_NODES=720
TRUNC_FIRED=0
TRUNC_FIRE_RATE=0.00%
TRUNC_OPTCOUNT_HIST=1-8:474|9-16:202|17-32:44|33-64:0|65-128:0|129-256:0|257+:0
TRUNC_FIRE_RATE_BY_TURN=1-2:0.00%(0/39)|3-5:0.00%(0/258)|6+:0.00%(0/423)
TRUNC_DROPPED_BY_TYPE=NONE
TRUNC_DROPPED_CRITICAL=0
TRUNC_DROPPED_CRITICAL_STATUS=PASS
MULTISELECT_FIXED_LEN=min=0,max=2:nodes=14,shorter_legal=14,shorter_generated=0,shorter_missed=14|min=0,max=3:nodes=2,shorter_legal=2,shorter_generated=0,shorter_missed=2|min=0,max=4:nodes=2,shorter_legal=2,shorter_generated=0,shorter_missed=2|min=0,max=5:nodes=6,shorter_legal=6,shorter_generated=0,shorter_missed=6|min=2,max=2:nodes=5,shorter_legal=0,shorter_generated=0,shorter_missed=0|min=3,max=3:nodes=4,shorter_legal=0,shorter_generated=0,shorter_missed=0
MULTISELECT_SHORTER_MISSED=24
MULTISELECT_CTX_HIST=ATTACH_TO:10,DISCARD:4,TO_BENCH:14,TO_HAND:5
GAME_LENGTH_HIST=1-15:1|16-25:0|26-40:0|41-60:0|61+:0
WIN_BY_CAUSE=PRIZE:W=1,L=1,D=0
TURN_NODE_DIST=1-2:5.42%(39/720)|3-5:35.83%(258/720)|6+:58.75%(423/720)
SEARCH_MAX_DEPTH=5
SEARCH_MEAN_DEPTH=2.1398
PRIZE_REWARD_REACHED=13.82%(17/123)
STALL_DRAW_PASS_TURNS=11
STALL_SHUFFLE_WITH_RESOURCES=5
MISSED_ATTACH=9
SHAPING_BREAKDOWN=BOARD_DECK_DIFF:0.020778|DAMAGE_PRESSURE:0.013556|DISRUPTION:0.000208|ENERGY_DENIAL:0.003542|ITEM_LOCK_PENALTY:-0.003000|KO_BONUS:0.004722|PARALYSIS:0.000000|PRIZE_DIFF:-0.002778|SLEEP:0.000000
=== DIAG_DUMP_END ===
[MULTISELECT] ctx=SETUP_BENCH_POKEMON min=0 max=5 generated_lens=[5] shorter_legal_exists=True shorter_missed=True
[MULTISELECT] ctx=SETUP_BENCH_POKEMON min=0 max=5 generated_lens=[5] shorter_legal_exists=True shorter_missed=True
[MULTISELECT] ctx=SETUP_BENCH_POKEMON min=0 max=5 generated_lens=[5] shorter_legal_exists=True shorter_missed=True
[MULTISELECT] ctx=DISCARD min=2 max=2 generated_lens=[2] shorter_legal_exists=False shorter_missed=False
[MULTISELECT] ctx=DISCARD min=2 max=2 generated_lens=[2] shorter_legal_exists=False shorter_missed=False
[MULTISELECT] ctx=DISCARD min=2 max=2 generated_lens=[2] shorter_legal_exists=False shorter_missed=False
[MULTISELECT] ctx=DISCARD min=2 max=2 generated_lens=[2] shorter_legal_exists=False shorter_missed=False
[MULTISELECT] ctx=DISCARD min=2 max=2 generated_lens=[2] shorter_legal_exists=False shorter_missed=False
[MULTISELECT] ctx=DISCARD min=2 max=2 generated_lens=[2] shorter_legal_exists=False shorter_missed=False
[MULTISELECT] ctx=DISCARD min=2 max=2 generated_lens=[2] shorter_legal_exists=False shorter_missed=False
[MULTISELECT] ctx=DISCARD min=2 max=2 generated_lens=[2] shorter_legal_exists=False shorter_missed=False
[MULTISELECT] ctx=DISCARD min=2 max=2 generated_lens=[2] shorter_legal_exists=False shorter_missed=False
[MULTISELECT] ctx=DISCARD min=2 max=2 generated_lens=[2] shorter_legal_exists=False shorter_missed=False
[MULTISELECT] ctx=DISCARD min=2 max=2 generated_lens=[2] shorter_legal_exists=False shorter_missed=False
[MULTISELECT] ctx=DISCARD min=2 max=2 generated_lens=[2] shorter_legal_exists=False shorter_missed=False
[MULTISELECT] ctx=DISCARD min=2 max=2 generated_lens=[2] shorter_legal_exists=False shorter_missed=False
[MULTISELECT] ctx=DISCARD min=2 max=2 generated_lens=[2] shorter_legal_exists=False shorter_missed=False
[MULTISELECT] ctx=DISCARD min=2 max=2 generated_lens=[2] shorter_legal_exists=False shorter_missed=False
[MULTISELECT] ctx=DISCARD min=2 max=2 generated_lens=[2] shorter_legal_exists=False shorter_missed=False
=== DIAG_DUMP_BEGIN ===
DIAG_GAMES=1
TRUNC_TOTAL_NODES=1057
TRUNC_FIRED=0
TRUNC_FIRE_RATE=0.00%
TRUNC_OPTCOUNT_HIST=1-8:550|9-16:260|17-32:184|33-64:63|65-128:0|129-256:0|257+:0
TRUNC_FIRE_RATE_BY_TURN=1-2:0.00%(0/32)|3-5:0.00%(0/23)|6+:0.00%(0/1002)
TRUNC_DROPPED_BY_TYPE=NONE
TRUNC_DROPPED_CRITICAL=0
TRUNC_DROPPED_CRITICAL_STATUS=PASS
MULTISELECT_FIXED_LEN=min=0,max=5:nodes=3,shorter_legal=3,shorter_generated=0,shorter_missed=3|min=2,max=2:nodes=16,shorter_legal=0,shorter_generated=0,shorter_missed=0
MULTISELECT_SHORTER_MISSED=3
MULTISELECT_CTX_HIST=DISCARD:16,SETUP_BENCH_POKEMON:3
GAME_LENGTH_HIST=1-15:0|16-25:0|26-40:0|41-60:0|61+:1
WIN_BY_CAUSE=DECK_OUT:W=1,L=1,D=0
TURN_NODE_DIST=1-2:3.03%(32/1057)|3-5:2.18%(23/1057)|6+:94.80%(1002/1057)
SEARCH_MAX_DEPTH=5
SEARCH_MEAN_DEPTH=1.6809
PRIZE_REWARD_REACHED=0.00%(0/178)
STALL_DRAW_PASS_TURNS=66
STALL_SHUFFLE_WITH_RESOURCES=9
MISSED_ATTACH=64
SHAPING_BREAKDOWN=BOARD_DECK_DIFF:0.009120|DAMAGE_PRESSURE:0.000000|DISRUPTION:0.000227|ENERGY_DENIAL:0.000000|ITEM_LOCK_PENALTY:0.000000|KO_BONUS:0.000000|PARALYSIS:0.000000|PRIZE_DIFF:0.000000|SLEEP:0.000000
=== DIAG_DUMP_END ===
[MULTISELECT] ctx=SETUP_BENCH_POKEMON min=0 max=5 generated_lens=[5] shorter_legal_exists=True shorter_missed=True
[MULTISELECT] ctx=SETUP_BENCH_POKEMON min=0 max=5 generated_lens=[5] shorter_legal_exists=True shorter_missed=True
[MULTISELECT] ctx=SETUP_BENCH_POKEMON min=0 max=5 generated_lens=[5] shorter_legal_exists=True shorter_missed=True
[MULTISELECT] ctx=SETUP_BENCH_POKEMON min=0 max=3 generated_lens=[3] shorter_legal_exists=True shorter_missed=True
[MULTISELECT] ctx=SETUP_BENCH_POKEMON min=0 max=3 generated_lens=[3] shorter_legal_exists=True shorter_missed=True
[MULTISELECT] ctx=SETUP_BENCH_POKEMON min=0 max=3 generated_lens=[3] shorter_legal_exists=True shorter_missed=True
[MULTISELECT] ctx=SETUP_BENCH_POKEMON min=0 max=3 generated_lens=[3] shorter_legal_exists=True shorter_missed=True
[MULTISELECT] ctx=DISCARD min=2 max=2 generated_lens=[2] shorter_legal_exists=False shorter_missed=False
[MULTISELECT] ctx=DISCARD min=2 max=2 generated_lens=[2] shorter_legal_exists=False shorter_missed=False
[MULTISELECT] ctx=DISCARD min=2 max=2 generated_lens=[2] shorter_legal_exists=False shorter_missed=False
[MULTISELECT] ctx=DISCARD min=2 max=2 generated_lens=[2] shorter_legal_exists=False shorter_missed=False
[MULTISELECT] ctx=DISCARD min=2 max=2 generated_lens=[2] shorter_legal_exists=False shorter_missed=False
[MULTISELECT] ctx=DISCARD min=2 max=2 generated_lens=[2] shorter_legal_exists=False shorter_missed=False
[MULTISELECT] ctx=DISCARD min=2 max=2 generated_lens=[2] shorter_legal_exists=False shorter_missed=False
[MULTISELECT] ctx=DISCARD min=2 max=2 generated_lens=[2] shorter_legal_exists=False shorter_missed=False
[MULTISELECT] ctx=DISCARD min=2 max=2 generated_lens=[2] shorter_legal_exists=False shorter_missed=False
[MULTISELECT] ctx=DISCARD min=2 max=2 generated_lens=[2] shorter_legal_exists=False shorter_missed=False
[MULTISELECT] ctx=DISCARD min=2 max=2 generated_lens=[2] shorter_legal_exists=False shorter_missed=False
[MULTISELECT] ctx=DISCARD min=2 max=2 generated_lens=[2] shorter_legal_exists=False shorter_missed=False
[MULTISELECT] ctx=DISCARD min=2 max=2 generated_lens=[2] shorter_legal_exists=False shorter_missed=False
[MULTISELECT] ctx=DISCARD min=2 max=2 generated_lens=[2] shorter_legal_exists=False shorter_missed=False
[MULTISELECT] ctx=DISCARD min=2 max=2 generated_lens=[2] shorter_legal_exists=False shorter_missed=False
[MULTISELECT] ctx=DISCARD min=2 max=2 generated_lens=[2] shorter_legal_exists=False shorter_missed=False
[MULTISELECT] ctx=DISCARD min=2 max=2 generated_lens=[2] shorter_legal_exists=False shorter_missed=False
[MULTISELECT] ctx=DISCARD min=2 max=2 generated_lens=[2] shorter_legal_exists=False shorter_missed=False
=== DIAG_DUMP_BEGIN ===
DIAG_GAMES=1
TRUNC_TOTAL_NODES=847
TRUNC_FIRED=0
TRUNC_FIRE_RATE=0.00%
TRUNC_OPTCOUNT_HIST=1-8:554|9-16:158|17-32:112|33-64:23|65-128:0|129-256:0|257+:0
TRUNC_FIRE_RATE_BY_TURN=1-2:0.00%(0/64)|3-5:0.00%(0/28)|6+:0.00%(0/755)
TRUNC_DROPPED_BY_TYPE=NONE
TRUNC_DROPPED_CRITICAL=0
TRUNC_DROPPED_CRITICAL_STATUS=PASS
MULTISELECT_FIXED_LEN=min=0,max=3:nodes=4,shorter_legal=4,shorter_generated=0,shorter_missed=4|min=0,max=5:nodes=3,shorter_legal=3,shorter_generated=0,shorter_missed=3|min=2,max=2:nodes=18,shorter_legal=0,shorter_generated=0,shorter_missed=0
MULTISELECT_SHORTER_MISSED=7
MULTISELECT_CTX_HIST=DISCARD:18,SETUP_BENCH_POKEMON:7
GAME_LENGTH_HIST=1-15:0|16-25:0|26-40:0|41-60:1|61+:0
WIN_BY_CAUSE=DECK_OUT:W=1,L=1,D=0
TURN_NODE_DIST=1-2:7.56%(64/847)|3-5:3.31%(28/847)|6+:89.14%(755/847)
SEARCH_MAX_DEPTH=4
SEARCH_MEAN_DEPTH=1.6196
PRIZE_REWARD_REACHED=0.00%(0/143)
STALL_DRAW_PASS_TURNS=15
STALL_SHUFFLE_WITH_RESOURCES=8
MISSED_ATTACH=21
SHAPING_BREAKDOWN=BOARD_DECK_DIFF:0.016883|DAMAGE_PRESSURE:0.000000|DISRUPTION:0.000248|ENERGY_DENIAL:0.000000|ITEM_LOCK_PENALTY:0.000000|KO_BONUS:0.000000|PARALYSIS:0.000000|PRIZE_DIFF:-0.000177|SLEEP:0.000000
=== DIAG_DUMP_END ===
[TRUNC] turn=126 ctx=MAIN opts=65 kept=64 dropped_types={RETREAT:1}
[TRUNC] turn=126 ctx=MAIN opts=65 kept=64 dropped_types={RETREAT:1}
[TRUNC] turn=128 ctx=MAIN opts=66 kept=64 dropped_types={PLAY:1,RETREAT:1}
[TRUNC] turn=126 ctx=MAIN opts=65 kept=64 dropped_types={RETREAT:1}
[TRUNC] turn=128 ctx=MAIN opts=66 kept=64 dropped_types={PLAY:1,RETREAT:1}
[TRUNC] turn=130 ctx=MAIN opts=67 kept=64 dropped_types={PLAY:2,RETREAT:1}
[TRUNC] turn=128 ctx=MAIN opts=67 kept=64 dropped_types={ATTACH:1,PLAY:1,RETREAT:1}
[TRUNC] turn=130 ctx=MAIN opts=68 kept=64 dropped_types={ATTACH:1,PLAY:2,RETREAT:1}
[TRUNC] turn=130 ctx=MAIN opts=69 kept=64 dropped_types={ATTACH:3,PLAY:1,RETREAT:1}
[TRUNC] turn=132 ctx=MAIN opts=70 kept=64 dropped_types={ATTACH:3,PLAY:2,RETREAT:1}
[TRUNC] turn=132 ctx=MAIN opts=71 kept=64 dropped_types={ATTACH:5,PLAY:1,RETREAT:1}
[TRUNC] turn=134 ctx=MAIN opts=72 kept=64 dropped_types={ATTACH:5,PLAY:2,RETREAT:1}
[TRUNC] turn=134 ctx=MAIN opts=73 kept=64 dropped_types={ATTACH:7,PLAY:1,RETREAT:1}
[TRUNC] turn=136 ctx=MAIN opts=75 kept=64 dropped_types={ATTACH:9,PLAY:1,RETREAT:1}
[TRUNC] turn=138 ctx=MAIN opts=76 kept=64 dropped_types={ATTACH:9,PLAY:2,RETREAT:1}
[TRUNC] turn=138 ctx=MAIN opts=77 kept=64 dropped_types={ATTACH:11,PLAY:1,RETREAT:1}
[TRUNC] turn=140 ctx=MAIN opts=78 kept=64 dropped_types={ATTACH:11,PLAY:2,RETREAT:1}
[TRUNC] turn=141 ctx=MAIN opts=65 kept=64 dropped_types={PLAY:1}
[TRUNC] turn=140 ctx=MAIN opts=79 kept=64 dropped_types={ATTACH:13,PLAY:1,RETREAT:1}
[TRUNC] turn=142 ctx=MAIN opts=80 kept=64 dropped_types={ATTACH:13,PLAY:2,RETREAT:1}
[TRUNC] turn=141 ctx=MAIN opts=66 kept=64 dropped_types={ATTACH:1,PLAY:1}
[TRUNC] turn=143 ctx=MAIN opts=67 kept=64 dropped_types={ATTACH:1,PLAY:2}
[TRUNC] turn=142 ctx=MAIN opts=81 kept=64 dropped_types={ATTACH:15,PLAY:1,RETREAT:1}
[TRUNC] turn=144 ctx=MAIN opts=82 kept=64 dropped_types={ATTACH:15,PLAY:2,RETREAT:1}
[TRUNC] turn=143 ctx=MAIN opts=68 kept=64 dropped_types={ATTACH:3,PLAY:1}
[TRUNC] turn=144 ctx=MAIN opts=83 kept=64 dropped_types={ATTACH:17,PLAY:1,RETREAT:1}
[TRUNC] turn=146 ctx=MAIN opts=84 kept=64 dropped_types={ATTACH:17,PLAY:2,RETREAT:1}
[TRUNC] turn=145 ctx=MAIN opts=70 kept=64 dropped_types={ATTACH:5,PLAY:1}
[TRUNC] turn=147 ctx=MAIN opts=71 kept=64 dropped_types={ATTACH:5,PLAY:2}
[TRUNC] turn=145 ctx=MAIN opts=70 kept=64 dropped_types={ATTACH:5,PLAY:1}
[TRUNC] turn=147 ctx=MAIN opts=71 kept=64 dropped_types={ATTACH:5,PLAY:2}
[TRUNC] turn=147 ctx=MAIN opts=72 kept=64 dropped_types={ATTACH:7,PLAY:1}
[TRUNC] turn=149 ctx=MAIN opts=73 kept=64 dropped_types={ATTACH:7,PLAY:2}
[TRUNC] turn=149 ctx=MAIN opts=74 kept=64 dropped_types={ATTACH:9,PLAY:1}
[TRUNC] turn=151 ctx=MAIN opts=75 kept=64 dropped_types={ATTACH:9,PLAY:2}
[TRUNC] turn=151 ctx=MAIN opts=76 kept=64 dropped_types={ATTACH:11,PLAY:1}
[TRUNC] turn=153 ctx=MAIN opts=77 kept=64 dropped_types={ATTACH:11,PLAY:2}
[TRUNC] turn=153 ctx=MAIN opts=78 kept=64 dropped_types={ATTACH:13,PLAY:1}
[TRUNC] turn=155 ctx=MAIN opts=80 kept=64 dropped_types={ATTACH:15,PLAY:1}
[TRUNC] turn=157 ctx=MAIN opts=81 kept=64 dropped_types={ATTACH:15,PLAY:2}
[TRUNC] turn=157 ctx=MAIN opts=82 kept=64 dropped_types={ATTACH:17,PLAY:1}
[TRUNC] turn=159 ctx=MAIN opts=83 kept=64 dropped_types={ATTACH:17,PLAY:2}
[TRUNC] turn=159 ctx=MAIN opts=84 kept=64 dropped_types={ATTACH:19,PLAY:1}
[MULTISELECT] ctx=TO_BENCH min=0 max=2 generated_lens=[2] shorter_legal_exists=True shorter_missed=True
[MULTISELECT] ctx=TO_BENCH min=0 max=2 generated_lens=[2] shorter_legal_exists=True shorter_missed=True
[MULTISELECT] ctx=TO_BENCH min=0 max=2 generated_lens=[2] shorter_legal_exists=True shorter_missed=True
[MULTISELECT] ctx=TO_BENCH min=0 max=2 generated_lens=[2] shorter_legal_exists=True shorter_missed=True
[MULTISELECT] ctx=DISCARD min=2 max=2 generated_lens=[2] shorter_legal_exists=False shorter_missed=False
[MULTISELECT] ctx=DISCARD min=2 max=2 generated_lens=[2] shorter_legal_exists=False shorter_missed=False
[MULTISELECT] ctx=DISCARD min=2 max=2 generated_lens=[2] shorter_legal_exists=False shorter_missed=False
[MULTISELECT] ctx=DISCARD min=2 max=2 generated_lens=[2] shorter_legal_exists=False shorter_missed=False
[MULTISELECT] ctx=DISCARD min=2 max=2 generated_lens=[2] shorter_legal_exists=False shorter_missed=False
[MULTISELECT] ctx=DISCARD min=2 max=2 generated_lens=[2] shorter_legal_exists=False shorter_missed=False
[MULTISELECT] ctx=DISCARD min=2 max=2 generated_lens=[2] shorter_legal_exists=False shorter_missed=False
[MULTISELECT] ctx=DISCARD min=2 max=2 generated_lens=[2] shorter_legal_exists=False shorter_missed=False
[MULTISELECT] ctx=DISCARD min=2 max=2 generated_lens=[2] shorter_legal_exists=False shorter_missed=False
[TRUNC] turn=174 ctx=MAIN opts=66 kept=64 dropped_types={PLAY:1,RETREAT:1}
[TRUNC] turn=176 ctx=MAIN opts=69 kept=64 dropped_types={ATTACH:3,PLAY:1,RETREAT:1}
[TRUNC] turn=178 ctx=MAIN opts=72 kept=64 dropped_types={ATTACH:6,PLAY:1,RETREAT:1}
[TRUNC] turn=180 ctx=MAIN opts=75 kept=64 dropped_types={ATTACH:9,PLAY:1,RETREAT:1}
[TRUNC] turn=180 ctx=MAIN opts=75 kept=64 dropped_types={ATTACH:9,PLAY:1,RETREAT:1}
[TRUNC] turn=180 ctx=MAIN opts=75 kept=64 dropped_types={ATTACH:9,PLAY:1,RETREAT:1}
[TRUNC] turn=180 ctx=MAIN opts=75 kept=64 dropped_types={ATTACH:9,PLAY:1,RETREAT:1}
[TRUNC] turn=180 ctx=MAIN opts=75 kept=64 dropped_types={ATTACH:9,PLAY:1,RETREAT:1}
[TRUNC] turn=182 ctx=MAIN opts=78 kept=64 dropped_types={ATTACH:12,PLAY:1,RETREAT:1}
[TRUNC] turn=182 ctx=MAIN opts=78 kept=64 dropped_types={ATTACH:12,PLAY:1,RETREAT:1}
[TRUNC] turn=182 ctx=MAIN opts=78 kept=64 dropped_types={ATTACH:12,PLAY:1,RETREAT:1}
[TRUNC] turn=182 ctx=MAIN opts=78 kept=64 dropped_types={ATTACH:12,PLAY:1,RETREAT:1}
[TRUNC] turn=182 ctx=MAIN opts=78 kept=64 dropped_types={ATTACH:12,PLAY:1,RETREAT:1}
[TRUNC] turn=182 ctx=MAIN opts=78 kept=64 dropped_types={ATTACH:12,PLAY:1,RETREAT:1}
[TRUNC] turn=182 ctx=MAIN opts=78 kept=64 dropped_types={ATTACH:12,PLAY:1,RETREAT:1}
[TRUNC] turn=182 ctx=MAIN opts=78 kept=64 dropped_types={ATTACH:12,PLAY:1,RETREAT:1}
[TRUNC] turn=185 ctx=MAIN opts=76 kept=64 dropped_types={ATTACH:11,RETREAT:1}
[TRUNC] turn=185 ctx=MAIN opts=76 kept=64 dropped_types={ATTACH:11,RETREAT:1}
[TRUNC] turn=185 ctx=MAIN opts=76 kept=64 dropped_types={ATTACH:11,RETREAT:1}
[TRUNC] turn=185 ctx=MAIN opts=76 kept=64 dropped_types={ATTACH:11,RETREAT:1}
[TRUNC] turn=185 ctx=MAIN opts=76 kept=64 dropped_types={ATTACH:11,RETREAT:1}
[TRUNC] turn=185 ctx=MAIN opts=76 kept=64 dropped_types={ATTACH:11,RETREAT:1}
[TRUNC] turn=185 ctx=MAIN opts=76 kept=64 dropped_types={ATTACH:11,RETREAT:1}
[TRUNC] turn=185 ctx=MAIN opts=76 kept=64 dropped_types={ATTACH:11,RETREAT:1}
[TRUNC] turn=187 ctx=MAIN opts=88 kept=64 dropped_types={ATTACH:23,RETREAT:1}
[TRUNC] turn=187 ctx=MAIN opts=88 kept=64 dropped_types={ATTACH:23,RETREAT:1}
[TRUNC] turn=187 ctx=MAIN opts=88 kept=64 dropped_types={ATTACH:23,RETREAT:1}
[TRUNC] turn=187 ctx=MAIN opts=88 kept=64 dropped_types={ATTACH:23,RETREAT:1}
[TRUNC] turn=187 ctx=MAIN opts=88 kept=64 dropped_types={ATTACH:23,RETREAT:1}
[TRUNC] turn=189 ctx=MAIN opts=100 kept=64 dropped_types={ATTACH:35,RETREAT:1}
[TRUNC] turn=189 ctx=MAIN opts=100 kept=64 dropped_types={ATTACH:35,RETREAT:1}
[TRUNC] turn=189 ctx=MAIN opts=100 kept=64 dropped_types={ATTACH:35,RETREAT:1}
[TRUNC] turn=189 ctx=MAIN opts=100 kept=64 dropped_types={ATTACH:35,RETREAT:1}
[TRUNC] turn=189 ctx=MAIN opts=100 kept=64 dropped_types={ATTACH:35,RETREAT:1}
[TRUNC] turn=189 ctx=MAIN opts=100 kept=64 dropped_types={ATTACH:35,RETREAT:1}
[TRUNC] turn=189 ctx=MAIN opts=100 kept=64 dropped_types={ATTACH:35,RETREAT:1}
[TRUNC] turn=189 ctx=MAIN opts=100 kept=64 dropped_types={ATTACH:35,RETREAT:1}
[TRUNC] turn=189 ctx=MAIN opts=100 kept=64 dropped_types={ATTACH:35,RETREAT:1}
[TRUNC] turn=189 ctx=MAIN opts=100 kept=64 dropped_types={ATTACH:35,RETREAT:1}
[TRUNC] turn=190 ctx=MAIN opts=77 kept=64 dropped_types={ATTACH:12,PLAY:1}
[TRUNC] turn=190 ctx=MAIN opts=77 kept=64 dropped_types={ATTACH:12,PLAY:1}
[TRUNC] turn=190 ctx=MAIN opts=77 kept=64 dropped_types={ATTACH:12,PLAY:1}
[TRUNC] turn=190 ctx=MAIN opts=77 kept=64 dropped_types={ATTACH:12,PLAY:1}
=== DIAG_DUMP_BEGIN ===
DIAG_GAMES=1
TRUNC_TOTAL_NODES=1874
TRUNC_FIRED=86
TRUNC_FIRE_RATE=4.59%
TRUNC_OPTCOUNT_HIST=1-8:654|9-16:303|17-32:482|33-64:349|65-128:86|129-256:0|257+:0
TRUNC_FIRE_RATE_BY_TURN=1-2:0.00%(0/29)|3-5:0.00%(0/25)|6+:4.73%(86/1820)
TRUNC_DROPPED_BY_TYPE=ATTACH:1081,PLAY:77,RETREAT:62
TRUNC_DROPPED_CRITICAL=0
TRUNC_DROPPED_CRITICAL_STATUS=PASS
MULTISELECT_FIXED_LEN=min=0,max=2:nodes=4,shorter_legal=4,shorter_generated=0,shorter_missed=4|min=2,max=2:nodes=9,shorter_legal=0,shorter_generated=0,shorter_missed=0
MULTISELECT_SHORTER_MISSED=4
MULTISELECT_CTX_HIST=DISCARD:9,TO_BENCH:4
GAME_LENGTH_HIST=1-15:0|16-25:0|26-40:0|41-60:0|61+:1
WIN_BY_CAUSE=DECK_OUT:W=1,L=1,D=0
TURN_NODE_DIST=1-2:1.55%(29/1874)|3-5:1.33%(25/1874)|6+:97.12%(1820/1874)
SEARCH_MAX_DEPTH=5
SEARCH_MEAN_DEPTH=1.7688
PRIZE_REWARD_REACHED=1.27%(4/314)
STALL_DRAW_PASS_TURNS=167
STALL_SHUFFLE_WITH_RESOURCES=6
MISSED_ATTACH=178
SHAPING_BREAKDOWN=BOARD_DECK_DIFF:0.003479|DAMAGE_PRESSURE:0.001729|DISRUPTION:0.000064|ENERGY_DENIAL:0.000160|ITEM_LOCK_PENALTY:0.000000|KO_BONUS:0.000427|PARALYSIS:0.000000|PRIZE_DIFF:-0.004015|SLEEP:0.000000
=== DIAG_DUMP_END ===
[MULTISELECT] ctx=SETUP_BENCH_POKEMON min=0 max=5 generated_lens=[5] shorter_legal_exists=True shorter_missed=True
[MULTISELECT] ctx=SETUP_BENCH_POKEMON min=0 max=5 generated_lens=[5] shorter_legal_exists=True shorter_missed=True
=== DIAG_DUMP_BEGIN ===
DIAG_GAMES=1
TRUNC_TOTAL_NODES=590
TRUNC_FIRED=0
TRUNC_FIRE_RATE=0.00%
TRUNC_OPTCOUNT_HIST=1-8:180|9-16:97|17-32:159|33-64:154|65-128:0|129-256:0|257+:0
TRUNC_FIRE_RATE_BY_TURN=1-2:0.00%(0/20)|3-5:0.00%(0/19)|6+:0.00%(0/551)
TRUNC_DROPPED_BY_TYPE=NONE
TRUNC_DROPPED_CRITICAL=0
TRUNC_DROPPED_CRITICAL_STATUS=PASS
MULTISELECT_FIXED_LEN=min=0,max=5:nodes=2,shorter_legal=2,shorter_generated=0,shorter_missed=2
MULTISELECT_SHORTER_MISSED=2
MULTISELECT_CTX_HIST=SETUP_BENCH_POKEMON:2
GAME_LENGTH_HIST=1-15:0|16-25:0|26-40:0|41-60:0|61+:1
WIN_BY_CAUSE=DECK_OUT:W=1,L=1,D=0
TURN_NODE_DIST=1-2:3.39%(20/590)|3-5:3.22%(19/590)|6+:93.39%(551/590)
SEARCH_MAX_DEPTH=5
SEARCH_MEAN_DEPTH=2.2260
PRIZE_REWARD_REACHED=0.00%(0/100)
STALL_DRAW_PASS_TURNS=86
STALL_SHUFFLE_WITH_RESOURCES=0
MISSED_ATTACH=88
SHAPING_BREAKDOWN=BOARD_DECK_DIFF:-0.002068|DAMAGE_PRESSURE:0.000000|DISRUPTION:0.000153|ENERGY_DENIAL:0.000000|ITEM_LOCK_PENALTY:0.000000|KO_BONUS:0.000000|PARALYSIS:0.000000|PRIZE_DIFF:-0.000254|SLEEP:0.000000
=== DIAG_DUMP_END ===
[MULTISELECT] ctx=TO_DECK min=2 max=2 generated_lens=[2] shorter_legal_exists=False shorter_missed=False
[MULTISELECT] ctx=TO_DECK min=2 max=2 generated_lens=[2] shorter_legal_exists=False shorter_missed=False
[MULTISELECT] ctx=TO_DECK min=2 max=2 generated_lens=[2] shorter_legal_exists=False shorter_missed=False
[MULTISELECT] ctx=TO_DECK min=2 max=2 generated_lens=[2] shorter_legal_exists=False shorter_missed=False
[MULTISELECT] ctx=TO_DECK min=2 max=2 generated_lens=[2] shorter_legal_exists=False shorter_missed=False
[TRUNC] turn=35 ctx=MAIN opts=67 kept=64 dropped_types={ATTACH:3}
[MULTISELECT] ctx=TO_DECK min=2 max=2 generated_lens=[2] shorter_legal_exists=False shorter_missed=False
[MULTISELECT] ctx=TO_DECK min=2 max=2 generated_lens=[2] shorter_legal_exists=False shorter_missed=False
[TRUNC] turn=37 ctx=MAIN opts=67 kept=64 dropped_types={ATTACH:3}
[TRUNC] turn=39 ctx=MAIN opts=70 kept=64 dropped_types={ATTACH:6}
[TRUNC] turn=41 ctx=MAIN opts=73 kept=64 dropped_types={ATTACH:9}
[TRUNC] turn=43 ctx=MAIN opts=76 kept=64 dropped_types={ATTACH:12}
[TRUNC] turn=45 ctx=MAIN opts=79 kept=64 dropped_types={ATTACH:15}
[MULTISELECT] ctx=TO_HAND min=0 max=3 generated_lens=[3] shorter_legal_exists=True shorter_missed=True
[MULTISELECT] ctx=TO_HAND min=0 max=3 generated_lens=[3] shorter_legal_exists=True shorter_missed=True
[TRUNC] turn=53 ctx=MAIN opts=66 kept=64 dropped_types={ATTACH:1,PLAY:1}
[MULTISELECT] ctx=TO_DECK min=2 max=2 generated_lens=[2] shorter_legal_exists=False shorter_missed=False
[TRUNC] turn=55 ctx=MAIN opts=68 kept=64 dropped_types={ATTACH:3,PLAY:1}
[TRUNC] turn=55 ctx=MAIN opts=68 kept=64 dropped_types={ATTACH:3,PLAY:1}
[MULTISELECT] ctx=TO_DECK min=2 max=2 generated_lens=[2] shorter_legal_exists=False shorter_missed=False
[TRUNC] turn=55 ctx=MAIN opts=68 kept=64 dropped_types={ATTACH:3,PLAY:1}
[TRUNC] turn=55 ctx=MAIN opts=68 kept=64 dropped_types={ATTACH:3,PLAY:1}
[TRUNC] turn=57 ctx=MAIN opts=70 kept=64 dropped_types={ATTACH:5,PLAY:1}
[TRUNC] turn=59 ctx=MAIN opts=72 kept=64 dropped_types={ATTACH:7,PLAY:1}
[TRUNC] turn=59 ctx=MAIN opts=72 kept=64 dropped_types={ATTACH:7,PLAY:1}
[TRUNC] turn=59 ctx=MAIN opts=72 kept=64 dropped_types={ATTACH:7,PLAY:1}
[TRUNC] turn=59 ctx=MAIN opts=72 kept=64 dropped_types={ATTACH:7,PLAY:1}
[TRUNC] turn=59 ctx=MAIN opts=72 kept=64 dropped_types={ATTACH:7,PLAY:1}
[TRUNC] turn=59 ctx=MAIN opts=72 kept=64 dropped_types={ATTACH:7,PLAY:1}
[TRUNC] turn=61 ctx=MAIN opts=74 kept=64 dropped_types={ATTACH:9,PLAY:1}
[MULTISELECT] ctx=TO_DECK min=2 max=2 generated_lens=[2] shorter_legal_exists=False shorter_missed=False
[MULTISELECT] ctx=TO_DECK min=2 max=2 generated_lens=[2] shorter_legal_exists=False shorter_missed=False
[TRUNC] turn=63 ctx=MAIN opts=74 kept=64 dropped_types={ATTACH:9,PLAY:1}
[TRUNC] turn=63 ctx=MAIN opts=74 kept=64 dropped_types={ATTACH:9,PLAY:1}
[TRUNC] turn=63 ctx=MAIN opts=74 kept=64 dropped_types={ATTACH:9,PLAY:1}
[TRUNC] turn=63 ctx=MAIN opts=74 kept=64 dropped_types={ATTACH:9,PLAY:1}
[TRUNC] turn=64 ctx=MAIN opts=94 kept=64 dropped_types={ATTACH:30}
[TRUNC] turn=64 ctx=MAIN opts=94 kept=64 dropped_types={ATTACH:30}
[TRUNC] turn=64 ctx=MAIN opts=94 kept=64 dropped_types={ATTACH:30}
[TRUNC] turn=65 ctx=MAIN opts=74 kept=64 dropped_types={ATTACH:9,PLAY:1}
[TRUNC] turn=65 ctx=MAIN opts=74 kept=64 dropped_types={ATTACH:9,PLAY:1}
[TRUNC] turn=65 ctx=MAIN opts=74 kept=64 dropped_types={ATTACH:9,PLAY:1}
[TRUNC] turn=66 ctx=MAIN opts=67 kept=64 dropped_types={ATTACH:1,PLAY:1,RETREAT:1}
[TRUNC] turn=66 ctx=MAIN opts=67 kept=64 dropped_types={ATTACH:1,PLAY:1,RETREAT:1}
[TRUNC] turn=66 ctx=MAIN opts=67 kept=64 dropped_types={ATTACH:1,PLAY:1,RETREAT:1}
[TRUNC] turn=67 ctx=MAIN opts=74 kept=64 dropped_types={ATTACH:9,PLAY:1}
[TRUNC] turn=68 ctx=MAIN opts=69 kept=64 dropped_types={ATTACH:3,PLAY:1,RETREAT:1}
[TRUNC] turn=69 ctx=MAIN opts=76 kept=64 dropped_types={ATTACH:11,PLAY:1}
[TRUNC] turn=70 ctx=MAIN opts=71 kept=64 dropped_types={ATTACH:5,PLAY:1,RETREAT:1}
[TRUNC] turn=71 ctx=MAIN opts=78 kept=64 dropped_types={ATTACH:13,PLAY:1}
[TRUNC] turn=72 ctx=MAIN opts=73 kept=64 dropped_types={ATTACH:7,PLAY:1,RETREAT:1}
[MULTISELECT] ctx=TO_HAND min=0 max=3 generated_lens=[3] shorter_legal_exists=True shorter_missed=True
[TRUNC] turn=73 ctx=MAIN opts=80 kept=64 dropped_types={ATTACH:15,PLAY:1}
[TRUNC] turn=73 ctx=MAIN opts=80 kept=64 dropped_types={ATTACH:15,PLAY:1}
[MULTISELECT] ctx=TO_HAND min=0 max=3 generated_lens=[3] shorter_legal_exists=True shorter_missed=True
[TRUNC] turn=73 ctx=MAIN opts=80 kept=64 dropped_types={ATTACH:15,PLAY:1}
[TRUNC] turn=73 ctx=MAIN opts=80 kept=64 dropped_types={ATTACH:15,PLAY:1}
[TRUNC] turn=74 ctx=MAIN opts=79 kept=64 dropped_types={ATTACH:13,PLAY:1,RETREAT:1}
[TRUNC] turn=74 ctx=MAIN opts=79 kept=64 dropped_types={ATTACH:13,PLAY:1,RETREAT:1}
[TRUNC] turn=74 ctx=MAIN opts=79 kept=64 dropped_types={ATTACH:13,PLAY:1,RETREAT:1}
[TRUNC] turn=74 ctx=MAIN opts=79 kept=64 dropped_types={ATTACH:13,PLAY:1,RETREAT:1}
[TRUNC] turn=74 ctx=MAIN opts=79 kept=64 dropped_types={ATTACH:13,PLAY:1,RETREAT:1}
[TRUNC] turn=75 ctx=MAIN opts=82 kept=64 dropped_types={ATTACH:17,PLAY:1}
[TRUNC] turn=76 ctx=MAIN opts=81 kept=64 dropped_types={ATTACH:15,PLAY:1,RETREAT:1}
[TRUNC] turn=76 ctx=MAIN opts=81 kept=64 dropped_types={ATTACH:15,PLAY:1,RETREAT:1}
[TRUNC] turn=76 ctx=MAIN opts=81 kept=64 dropped_types={ATTACH:15,PLAY:1,RETREAT:1}
[TRUNC] turn=77 ctx=MAIN opts=84 kept=64 dropped_types={ATTACH:19,PLAY:1}
[TRUNC] turn=78 ctx=MAIN opts=83 kept=64 dropped_types={ATTACH:17,PLAY:1,RETREAT:1}
[TRUNC] turn=78 ctx=MAIN opts=83 kept=64 dropped_types={ATTACH:17,PLAY:1,RETREAT:1}
[TRUNC] turn=79 ctx=MAIN opts=84 kept=64 dropped_types={ATTACH:19,PLAY:1}
[TRUNC] turn=80 ctx=MAIN opts=85 kept=64 dropped_types={ATTACH:19,PLAY:1,RETREAT:1}
[TRUNC] turn=80 ctx=MAIN opts=85 kept=64 dropped_types={ATTACH:19,PLAY:1,RETREAT:1}
[TRUNC] turn=81 ctx=MAIN opts=84 kept=64 dropped_types={ATTACH:19,PLAY:1}
[TRUNC] turn=82 ctx=MAIN opts=87 kept=64 dropped_types={ATTACH:21,PLAY:1,RETREAT:1}
=== DIAG_DUMP_BEGIN ===
DIAG_GAMES=1
TRUNC_TOTAL_NODES=730
TRUNC_FIRED=59
TRUNC_FIRE_RATE=8.08%
TRUNC_OPTCOUNT_HIST=1-8:225|9-16:90|17-32:181|33-64:175|65-128:59|129-256:0|257+:0
TRUNC_FIRE_RATE_BY_TURN=1-2:0.00%(0/21)|3-5:0.00%(0/18)|6+:8.54%(59/691)
TRUNC_DROPPED_BY_TYPE=ATTACH:658,PLAY:50,RETREAT:19
TRUNC_DROPPED_CRITICAL=0
TRUNC_DROPPED_CRITICAL_STATUS=PASS
MULTISELECT_FIXED_LEN=min=0,max=3:nodes=4,shorter_legal=4,shorter_generated=0,shorter_missed=4|min=2,max=2:nodes=11,shorter_legal=0,shorter_generated=0,shorter_missed=0
MULTISELECT_SHORTER_MISSED=4
MULTISELECT_CTX_HIST=TO_DECK:11,TO_HAND:4
GAME_LENGTH_HIST=1-15:0|16-25:0|26-40:0|41-60:0|61+:1
WIN_BY_CAUSE=DECK_OUT:W=1,L=1,D=0
TURN_NODE_DIST=1-2:2.88%(21/730)|3-5:2.47%(18/730)|6+:94.66%(691/730)
SEARCH_MAX_DEPTH=5
SEARCH_MEAN_DEPTH=2.1805
PRIZE_REWARD_REACHED=0.00%(0/123)
STALL_DRAW_PASS_TURNS=68
STALL_SHUFFLE_WITH_RESOURCES=0
MISSED_ATTACH=82
SHAPING_BREAKDOWN=BOARD_DECK_DIFF:-0.000671|DAMAGE_PRESSURE:0.000000|DISRUPTION:0.000205|ENERGY_DENIAL:0.000000|ITEM_LOCK_PENALTY:0.000000|KO_BONUS:0.000000|PARALYSIS:0.000000|PRIZE_DIFF:-0.000205|SLEEP:0.000000
=== DIAG_DUMP_END ===
[MULTISELECT] ctx=SETUP_BENCH_POKEMON min=0 max=2 generated_lens=[2] shorter_legal_exists=True shorter_missed=True
[MULTISELECT] ctx=SETUP_BENCH_POKEMON min=0 max=2 generated_lens=[2] shorter_legal_exists=True shorter_missed=True
[MULTISELECT] ctx=SETUP_BENCH_POKEMON min=0 max=2 generated_lens=[2] shorter_legal_exists=True shorter_missed=True
[MULTISELECT] ctx=SETUP_BENCH_POKEMON min=0 max=2 generated_lens=[2] shorter_legal_exists=True shorter_missed=True
[MULTISELECT] ctx=SETUP_BENCH_POKEMON min=0 max=2 generated_lens=[2] shorter_legal_exists=True shorter_missed=True
[MULTISELECT] ctx=SETUP_BENCH_POKEMON min=0 max=2 generated_lens=[2] shorter_legal_exists=True shorter_missed=True
[MULTISELECT] ctx=TO_DECK min=2 max=2 generated_lens=[2] shorter_legal_exists=False shorter_missed=False
[MULTISELECT] ctx=TO_DECK min=2 max=2 generated_lens=[2] shorter_legal_exists=False shorter_missed=False
[MULTISELECT] ctx=TO_HAND min=0 max=3 generated_lens=[3] shorter_legal_exists=True shorter_missed=True
[MULTISELECT] ctx=TO_HAND min=0 max=3 generated_lens=[3] shorter_legal_exists=True shorter_missed=True
[MULTISELECT] ctx=DISCARD min=2 max=2 generated_lens=[2] shorter_legal_exists=False shorter_missed=False
[MULTISELECT] ctx=DISCARD min=2 max=2 generated_lens=[2] shorter_legal_exists=False shorter_missed=False
[MULTISELECT] ctx=DISCARD min=2 max=2 generated_lens=[2] shorter_legal_exists=False shorter_missed=False
[MULTISELECT] ctx=DISCARD min=2 max=2 generated_lens=[2] shorter_legal_exists=False shorter_missed=False
[MULTISELECT] ctx=DISCARD min=2 max=2 generated_lens=[2] shorter_legal_exists=False shorter_missed=False
[MULTISELECT] ctx=DISCARD min=2 max=2 generated_lens=[2] shorter_legal_exists=False shorter_missed=False
[MULTISELECT] ctx=DISCARD min=2 max=2 generated_lens=[2] shorter_legal_exists=False shorter_missed=False
[MULTISELECT] ctx=TO_DECK min=2 max=2 generated_lens=[2] shorter_legal_exists=False shorter_missed=False
[MULTISELECT] ctx=TO_DECK min=2 max=2 generated_lens=[2] shorter_legal_exists=False shorter_missed=False
[MULTISELECT] ctx=TO_DECK min=2 max=2 generated_lens=[2] shorter_legal_exists=False shorter_missed=False
[TRUNC] turn=17 ctx=MAIN opts=69 kept=64 dropped_types={ABILITY:1,ATTACH:3,RETREAT:1}
[TRUNC] turn=19 ctx=MAIN opts=87 kept=64 dropped_types={ABILITY:1,ATTACH:21,RETREAT:1}
[TRUNC] turn=21 ctx=MAIN opts=93 kept=64 dropped_types={ABILITY:1,ATTACH:27,RETREAT:1}
[TRUNC] turn=23 ctx=MAIN opts=111 kept=64 dropped_types={ABILITY:1,ATTACH:45,RETREAT:1}
[MULTISELECT] ctx=TO_HAND min=2 max=2 generated_lens=[2] shorter_legal_exists=False shorter_missed=False
[MULTISELECT] ctx=TO_HAND min=2 max=2 generated_lens=[2] shorter_legal_exists=False shorter_missed=False
[MULTISELECT] ctx=TO_HAND min=2 max=2 generated_lens=[2] shorter_legal_exists=False shorter_missed=False
[TRUNC] turn=25 ctx=MAIN opts=118 kept=64 dropped_types={ABILITY:1,ATTACH:52,RETREAT:1}
[TRUNC] turn=27 ctx=MAIN opts=118 kept=64 dropped_types={ABILITY:1,ATTACH:52,RETREAT:1}
[TRUNC] turn=25 ctx=MAIN opts=118 kept=64 dropped_types={ABILITY:1,ATTACH:52,RETREAT:1}
[MULTISELECT] ctx=DISCARD min=2 max=2 generated_lens=[2] shorter_legal_exists=False shorter_missed=False
[MULTISELECT] ctx=DISCARD min=2 max=2 generated_lens=[2] shorter_legal_exists=False shorter_missed=False
[MULTISELECT] ctx=DISCARD min=2 max=2 generated_lens=[2] shorter_legal_exists=False shorter_missed=False
[MULTISELECT] ctx=DISCARD min=2 max=2 generated_lens=[2] shorter_legal_exists=False shorter_missed=False
[MULTISELECT] ctx=DISCARD min=2 max=2 generated_lens=[2] shorter_legal_exists=False shorter_missed=False
[MULTISELECT] ctx=DISCARD min=2 max=2 generated_lens=[2] shorter_legal_exists=False shorter_missed=False
[MULTISELECT] ctx=DISCARD min=2 max=2 generated_lens=[2] shorter_legal_exists=False shorter_missed=False
[MULTISELECT] ctx=DISCARD min=2 max=2 generated_lens=[2] shorter_legal_exists=False shorter_missed=False
[MULTISELECT] ctx=DISCARD min=2 max=2 generated_lens=[2] shorter_legal_exists=False shorter_missed=False
[TRUNC] turn=25 ctx=MAIN opts=117 kept=64 dropped_types={ATTACH:52,RETREAT:1}
[TRUNC] turn=25 ctx=MAIN opts=117 kept=64 dropped_types={ATTACH:52,RETREAT:1}
[TRUNC] turn=25 ctx=MAIN opts=117 kept=64 dropped_types={ATTACH:52,RETREAT:1}
[TRUNC] turn=25 ctx=MAIN opts=117 kept=64 dropped_types={ATTACH:52,RETREAT:1}
[TRUNC] turn=25 ctx=MAIN opts=117 kept=64 dropped_types={ATTACH:52,RETREAT:1}
[TRUNC] turn=25 ctx=MAIN opts=117 kept=64 dropped_types={ATTACH:52,RETREAT:1}
[TRUNC] turn=25 ctx=MAIN opts=117 kept=64 dropped_types={ATTACH:52,RETREAT:1}
[TRUNC] turn=25 ctx=MAIN opts=117 kept=64 dropped_types={ATTACH:52,RETREAT:1}
[MULTISELECT] ctx=TO_HAND min=2 max=2 generated_lens=[2] shorter_legal_exists=False shorter_missed=False
[MULTISELECT] ctx=TO_HAND min=2 max=2 generated_lens=[2] shorter_legal_exists=False shorter_missed=False
[TRUNC] turn=25 ctx=MAIN opts=117 kept=64 dropped_types={ATTACH:52,RETREAT:1}
[MULTISELECT] ctx=TO_HAND min=2 max=2 generated_lens=[2] shorter_legal_exists=False shorter_missed=False
[MULTISELECT] ctx=TO_DECK min=2 max=2 generated_lens=[2] shorter_legal_exists=False shorter_missed=False
[MULTISELECT] ctx=TO_HAND min=2 max=2 generated_lens=[2] shorter_legal_exists=False shorter_missed=False
[MULTISELECT] ctx=TO_DECK min=2 max=2 generated_lens=[2] shorter_legal_exists=False shorter_missed=False
[MULTISELECT] ctx=TO_HAND min=2 max=2 generated_lens=[2] shorter_legal_exists=False shorter_missed=False
[MULTISELECT] ctx=TO_HAND min=2 max=2 generated_lens=[2] shorter_legal_exists=False shorter_missed=False
[MULTISELECT] ctx=TO_HAND min=2 max=2 generated_lens=[2] shorter_legal_exists=False shorter_missed=False
[MULTISELECT] ctx=TO_HAND min=0 max=3 generated_lens=[3] shorter_legal_exists=True shorter_missed=True
[MULTISELECT] ctx=TO_HAND min=0 max=3 generated_lens=[3] shorter_legal_exists=True shorter_missed=True
[TRUNC] turn=27 ctx=MAIN opts=129 kept=64 dropped_types={ATTACH:64,RETREAT:1}
[MULTISELECT] ctx=DISCARD min=2 max=2 generated_lens=[2] shorter_legal_exists=False shorter_missed=False
[MULTISELECT] ctx=DISCARD min=2 max=2 generated_lens=[2] shorter_legal_exists=False shorter_missed=False
[MULTISELECT] ctx=DISCARD min=2 max=2 generated_lens=[2] shorter_legal_exists=False shorter_missed=False
[TRUNC] turn=27 ctx=MAIN opts=129 kept=64 dropped_types={ATTACH:64,RETREAT:1}
[TRUNC] turn=27 ctx=MAIN opts=129 kept=64 dropped_types={ATTACH:64,RETREAT:1}
[TRUNC] turn=27 ctx=MAIN opts=129 kept=64 dropped_types={ATTACH:64,RETREAT:1}
[TRUNC] turn=27 ctx=MAIN opts=129 kept=64 dropped_types={ATTACH:64,RETREAT:1}
[TRUNC] turn=27 ctx=MAIN opts=129 kept=64 dropped_types={ATTACH:64,RETREAT:1}
[MULTISELECT] ctx=TO_HAND min=2 max=2 generated_lens=[2] shorter_legal_exists=False shorter_missed=False
[MULTISELECT] ctx=TO_HAND min=2 max=2 generated_lens=[2] shorter_legal_exists=False shorter_missed=False
[MULTISELECT] ctx=TO_HAND min=2 max=2 generated_lens=[2] shorter_legal_exists=False shorter_missed=False
=== DIAG_DUMP_BEGIN ===
DIAG_GAMES=1
TRUNC_TOTAL_NODES=720
TRUNC_FIRED=22
TRUNC_FIRE_RATE=3.06%
TRUNC_OPTCOUNT_HIST=1-8:372|9-16:172|17-32:113|33-64:41|65-128:16|129-256:6|257+:0
TRUNC_FIRE_RATE_BY_TURN=1-2:0.00%(0/35)|3-5:0.00%(0/29)|6+:3.35%(22/656)
TRUNC_DROPPED_BY_TYPE=ABILITY:7,ATTACH:1104,RETREAT:22
TRUNC_DROPPED_CRITICAL=0
TRUNC_DROPPED_CRITICAL_STATUS=PASS
MULTISELECT_FIXED_LEN=min=0,max=2:nodes=6,shorter_legal=6,shorter_generated=0,shorter_missed=6|min=0,max=3:nodes=4,shorter_legal=4,shorter_generated=0,shorter_missed=4|min=2,max=2:nodes=39,shorter_legal=0,shorter_generated=0,shorter_missed=0
MULTISELECT_SHORTER_MISSED=10
MULTISELECT_CTX_HIST=DISCARD:19,SETUP_BENCH_POKEMON:6,TO_DECK:7,TO_HAND:17
GAME_LENGTH_HIST=1-15:0|16-25:0|26-40:1|41-60:0|61+:0
WIN_BY_CAUSE=PRIZE:W=1,L=1,D=0
TURN_NODE_DIST=1-2:4.86%(35/720)|3-5:4.03%(29/720)|6+:91.11%(656/720)
SEARCH_MAX_DEPTH=5
SEARCH_MEAN_DEPTH=1.8852
PRIZE_REWARD_REACHED=3.28%(4/122)
STALL_DRAW_PASS_TURNS=20
STALL_SHUFFLE_WITH_RESOURCES=0
MISSED_ATTACH=20
SHAPING_BREAKDOWN=BOARD_DECK_DIFF:-0.002597|DAMAGE_PRESSURE:0.004111|DISRUPTION:0.000208|ENERGY_DENIAL:0.000278|ITEM_LOCK_PENALTY:0.000000|KO_BONUS:0.001111|PARALYSIS:0.000000|PRIZE_DIFF:-0.018264|SLEEP:0.000000
=== DIAG_DUMP_END ===
[MULTISELECT] ctx=SETUP_BENCH_POKEMON min=0 max=5 generated_lens=[5] shorter_legal_exists=True shorter_missed=True
[MULTISELECT] ctx=SETUP_BENCH_POKEMON min=0 max=5 generated_lens=[5] shorter_legal_exists=True shorter_missed=True
[MULTISELECT] ctx=DISCARD min=2 max=2 generated_lens=[2] shorter_legal_exists=False shorter_missed=False
[MULTISELECT] ctx=DISCARD min=2 max=2 generated_lens=[2] shorter_legal_exists=False shorter_missed=False
[MULTISELECT] ctx=DISCARD min=2 max=2 generated_lens=[2] shorter_legal_exists=False shorter_missed=False
[MULTISELECT] ctx=DISCARD min=2 max=2 generated_lens=[2] shorter_legal_exists=False shorter_missed=False
[MULTISELECT] ctx=TO_HAND min=0 max=3 generated_lens=[3] shorter_legal_exists=True shorter_missed=True
[MULTISELECT] ctx=TO_HAND min=0 max=3 generated_lens=[3] shorter_legal_exists=True shorter_missed=True
[MULTISELECT] ctx=TO_HAND min=0 max=3 generated_lens=[3] shorter_legal_exists=True shorter_missed=True
[MULTISELECT] ctx=TO_HAND min=0 max=3 generated_lens=[3] shorter_legal_exists=True shorter_missed=True
[MULTISELECT] ctx=TO_HAND min=0 max=3 generated_lens=[3] shorter_legal_exists=True shorter_missed=True
[MULTISELECT] ctx=TO_HAND min=0 max=3 generated_lens=[3] shorter_legal_exists=True shorter_missed=True
[MULTISELECT] ctx=TO_HAND min=0 max=2 generated_lens=[2] shorter_legal_exists=True shorter_missed=True
[MULTISELECT] ctx=TO_HAND min=0 max=2 generated_lens=[2] shorter_legal_exists=True shorter_missed=True
[MULTISELECT] ctx=DISCARD min=2 max=2 generated_lens=[2] shorter_legal_exists=False shorter_missed=False
[MULTISELECT] ctx=DISCARD min=2 max=2 generated_lens=[2] shorter_legal_exists=False shorter_missed=False
[MULTISELECT] ctx=DISCARD min=2 max=2 generated_lens=[2] shorter_legal_exists=False shorter_missed=False
[MULTISELECT] ctx=DISCARD min=2 max=2 generated_lens=[2] shorter_legal_exists=False shorter_missed=False
[TRUNC] turn=34 ctx=MAIN opts=66 kept=64 dropped_types={ATTACH:1,PLAY:1}
[TRUNC] turn=36 ctx=MAIN opts=67 kept=64 dropped_types={ATTACH:1,PLAY:2}
[TRUNC] turn=38 ctx=MAIN opts=68 kept=64 dropped_types={ATTACH:1,PLAY:3}
[MULTISELECT] ctx=TO_HAND min=0 max=3 generated_lens=[3] shorter_legal_exists=True shorter_missed=True
[MULTISELECT] ctx=TO_HAND min=0 max=2 generated_lens=[2] shorter_legal_exists=True shorter_missed=True
[MULTISELECT] ctx=TO_HAND min=0 max=3 generated_lens=[3] shorter_legal_exists=True shorter_missed=True
[TRUNC] turn=36 ctx=MAIN opts=103 kept=64 dropped_types={ATTACH:39}
[TRUNC] turn=38 ctx=MAIN opts=103 kept=64 dropped_types={ATTACH:39}
[TRUNC] turn=38 ctx=MAIN opts=109 kept=64 dropped_types={ATTACH:45}
[TRUNC] turn=40 ctx=MAIN opts=109 kept=64 dropped_types={ATTACH:45}
[TRUNC] turn=40 ctx=MAIN opts=115 kept=64 dropped_types={ATTACH:51}
[TRUNC] turn=42 ctx=MAIN opts=115 kept=64 dropped_types={ATTACH:51}
[MULTISELECT] ctx=DISCARD min=2 max=2 generated_lens=[2] shorter_legal_exists=False shorter_missed=False
[TRUNC] turn=48 ctx=MAIN opts=67 kept=64 dropped_types={ATTACH:3}
[TRUNC] turn=50 ctx=MAIN opts=67 kept=64 dropped_types={ATTACH:3}
[TRUNC] turn=50 ctx=MAIN opts=73 kept=64 dropped_types={ATTACH:9}
[TRUNC] turn=52 ctx=MAIN opts=73 kept=64 dropped_types={ATTACH:9}
[TRUNC] turn=52 ctx=MAIN opts=79 kept=64 dropped_types={ATTACH:15}
[TRUNC] turn=54 ctx=MAIN opts=79 kept=64 dropped_types={ATTACH:15}
[TRUNC] turn=54 ctx=MAIN opts=85 kept=64 dropped_types={ATTACH:21}
[TRUNC] turn=56 ctx=MAIN opts=85 kept=64 dropped_types={ATTACH:21}
[TRUNC] turn=55 ctx=MAIN opts=67 kept=64 dropped_types={ATTACH:3}
[TRUNC] turn=56 ctx=MAIN opts=91 kept=64 dropped_types={ATTACH:27}
[TRUNC] turn=58 ctx=MAIN opts=91 kept=64 dropped_types={ATTACH:27}
[MULTISELECT] ctx=DISCARD min=2 max=2 generated_lens=[2] shorter_legal_exists=False shorter_missed=False
[MULTISELECT] ctx=DISCARD min=2 max=2 generated_lens=[2] shorter_legal_exists=False shorter_missed=False
[MULTISELECT] ctx=DISCARD min=2 max=2 generated_lens=[2] shorter_legal_exists=False shorter_missed=False
[TRUNC] turn=58 ctx=MAIN opts=85 kept=64 dropped_types={ATTACH:21}
[TRUNC] turn=60 ctx=MAIN opts=85 kept=64 dropped_types={ATTACH:21}
[TRUNC] turn=59 ctx=MAIN opts=71 kept=64 dropped_types={ATTACH:7}
[TRUNC] turn=60 ctx=MAIN opts=91 kept=64 dropped_types={ATTACH:27}
[TRUNC] turn=62 ctx=MAIN opts=91 kept=64 dropped_types={ATTACH:27}
[TRUNC] turn=62 ctx=MAIN opts=97 kept=64 dropped_types={ATTACH:33}
[TRUNC] turn=64 ctx=MAIN opts=97 kept=64 dropped_types={ATTACH:33}
[TRUNC] turn=64 ctx=MAIN opts=103 kept=64 dropped_types={ATTACH:39}
[TRUNC] turn=66 ctx=MAIN opts=103 kept=64 dropped_types={ATTACH:39}
[TRUNC] turn=66 ctx=MAIN opts=109 kept=64 dropped_types={ATTACH:45}
[MULTISELECT] ctx=DISCARD min=2 max=2 generated_lens=[2] shorter_legal_exists=False shorter_missed=False
[TRUNC] turn=68 ctx=MAIN opts=115 kept=64 dropped_types={ATTACH:51}
[TRUNC] turn=70 ctx=MAIN opts=121 kept=64 dropped_types={ATTACH:57}
[TRUNC] turn=72 ctx=MAIN opts=121 kept=64 dropped_types={ATTACH:57}
[TRUNC] turn=74 ctx=MAIN opts=127 kept=64 dropped_types={ATTACH:63}
[TRUNC] turn=74 ctx=MAIN opts=127 kept=64 dropped_types={ATTACH:63}
[TRUNC] turn=74 ctx=MAIN opts=127 kept=64 dropped_types={ATTACH:63}
[TRUNC] turn=76 ctx=MAIN opts=127 kept=64 dropped_types={ATTACH:63}
[TRUNC] turn=74 ctx=MAIN opts=127 kept=64 dropped_types={ATTACH:63}
[TRUNC] turn=76 ctx=MAIN opts=127 kept=64 dropped_types={ATTACH:63}
[TRUNC] turn=74 ctx=MAIN opts=127 kept=64 dropped_types={ATTACH:63}
[TRUNC] turn=76 ctx=MAIN opts=127 kept=64 dropped_types={ATTACH:63}
[TRUNC] turn=76 ctx=MAIN opts=133 kept=64 dropped_types={ATTACH:69}
[TRUNC] turn=78 ctx=MAIN opts=133 kept=64 dropped_types={ATTACH:69}
[TRUNC] turn=78 ctx=MAIN opts=65 kept=64 dropped_types={ATTACH:1}
[TRUNC] turn=77 ctx=MAIN opts=90 kept=64 dropped_types={ATTACH:25,RETREAT:1}
[TRUNC] turn=78 ctx=MAIN opts=139 kept=64 dropped_types={ATTACH:75}
[TRUNC] turn=81 ctx=MAIN opts=92 kept=64 dropped_types={ATTACH:27,RETREAT:1}
[MULTISELECT] ctx=TO_HAND min=0 max=2 generated_lens=[2] shorter_legal_exists=True shorter_missed=True
[MULTISELECT] ctx=TO_HAND min=0 max=2 generated_lens=[2] shorter_legal_exists=True shorter_missed=True
[MULTISELECT] ctx=TO_HAND min=0 max=2 generated_lens=[2] shorter_legal_exists=True shorter_missed=True
[MULTISELECT] ctx=TO_HAND min=0 max=2 generated_lens=[2] shorter_legal_exists=True shorter_missed=True
[MULTISELECT] ctx=TO_HAND min=0 max=2 generated_lens=[2] shorter_legal_exists=True shorter_missed=True
[MULTISELECT] ctx=TO_HAND min=0 max=2 generated_lens=[2] shorter_legal_exists=True shorter_missed=True
=== DIAG_DUMP_BEGIN ===
DIAG_GAMES=1
TRUNC_TOTAL_NODES=1024
TRUNC_FIRED=47
TRUNC_FIRE_RATE=4.59%
TRUNC_OPTCOUNT_HIST=1-8:370|9-16:204|17-32:201|33-64:202|65-128:44|129-256:3|257+:0
TRUNC_FIRE_RATE_BY_TURN=1-2:0.00%(0/36)|3-5:0.00%(0/16)|6+:4.84%(47/972)
TRUNC_DROPPED_BY_TYPE=ATTACH:1653,PLAY:6,RETREAT:2
TRUNC_DROPPED_CRITICAL=0
TRUNC_DROPPED_CRITICAL_STATUS=PASS
MULTISELECT_FIXED_LEN=min=0,max=2:nodes=9,shorter_legal=9,shorter_generated=0,shorter_missed=9|min=0,max=3:nodes=8,shorter_legal=8,shorter_generated=0,shorter_missed=8|min=0,max=5:nodes=2,shorter_legal=2,shorter_generated=0,shorter_missed=2|min=2,max=2:nodes=13,shorter_legal=0,shorter_generated=0,shorter_missed=0
MULTISELECT_SHORTER_MISSED=19
MULTISELECT_CTX_HIST=DISCARD:13,SETUP_BENCH_POKEMON:2,TO_HAND:17
GAME_LENGTH_HIST=1-15:0|16-25:0|26-40:0|41-60:0|61+:1
WIN_BY_CAUSE=DECK_OUT:W=1,L=1,D=0
TURN_NODE_DIST=1-2:3.52%(36/1024)|3-5:1.56%(16/1024)|6+:94.92%(972/1024)
SEARCH_MAX_DEPTH=5
SEARCH_MEAN_DEPTH=1.9488
PRIZE_REWARD_REACHED=0.00%(0/172)
STALL_DRAW_PASS_TURNS=78
STALL_SHUFFLE_WITH_RESOURCES=3
MISSED_ATTACH=88
SHAPING_BREAKDOWN=BOARD_DECK_DIFF:0.054219|DAMAGE_PRESSURE:0.000527|DISRUPTION:0.000176|ENERGY_DENIAL:0.000000|ITEM_LOCK_PENALTY:0.000000|KO_BONUS:0.000000|PARALYSIS:0.000000|PRIZE_DIFF:-0.000146|SLEEP:0.000000
=== DIAG_DUMP_END ===
[MULTISELECT] ctx=TO_HAND min=0 max=3 generated_lens=[3] shorter_legal_exists=True shorter_missed=True
[MULTISELECT] ctx=TO_HAND min=0 max=3 generated_lens=[3] shorter_legal_exists=True shorter_missed=True
[MULTISELECT] ctx=TO_HAND min=0 max=3 generated_lens=[3] shorter_legal_exists=True shorter_missed=True
[MULTISELECT] ctx=TO_HAND min=0 max=3 generated_lens=[3] shorter_legal_exists=True shorter_missed=True
[MULTISELECT] ctx=TO_HAND min=0 max=3 generated_lens=[3] shorter_legal_exists=True shorter_missed=True
[MULTISELECT] ctx=TO_HAND min=0 max=3 generated_lens=[3] shorter_legal_exists=True shorter_missed=True
[MULTISELECT] ctx=DISCARD min=2 max=2 generated_lens=[2] shorter_legal_exists=False shorter_missed=False
[MULTISELECT] ctx=DISCARD min=2 max=2 generated_lens=[2] shorter_legal_exists=False shorter_missed=False
[TRUNC] turn=30 ctx=MAIN opts=67 kept=64 dropped_types={ATTACH:3}
[MULTISELECT] ctx=DISCARD min=2 max=2 generated_lens=[2] shorter_legal_exists=False shorter_missed=False
[MULTISELECT] ctx=DISCARD min=2 max=2 generated_lens=[2] shorter_legal_exists=False shorter_missed=False
[MULTISELECT] ctx=TO_HAND min=0 max=3 generated_lens=[3] shorter_legal_exists=True shorter_missed=True
[TRUNC] turn=34 ctx=MAIN opts=67 kept=64 dropped_types={ATTACH:3}
[TRUNC] turn=36 ctx=MAIN opts=73 kept=64 dropped_types={ATTACH:9}
[TRUNC] turn=38 ctx=MAIN opts=79 kept=64 dropped_types={ATTACH:15}
[TRUNC] turn=40 ctx=MAIN opts=85 kept=64 dropped_types={ATTACH:21}
[TRUNC] turn=42 ctx=MAIN opts=85 kept=64 dropped_types={ATTACH:21}
[TRUNC] turn=44 ctx=MAIN opts=91 kept=64 dropped_types={ATTACH:27}
[MULTISELECT] ctx=DISCARD min=2 max=2 generated_lens=[2] shorter_legal_exists=False shorter_missed=False
[MULTISELECT] ctx=DISCARD min=2 max=2 generated_lens=[2] shorter_legal_exists=False shorter_missed=False
[TRUNC] turn=46 ctx=MAIN opts=85 kept=64 dropped_types={ATTACH:21}
[TRUNC] turn=48 ctx=MAIN opts=91 kept=64 dropped_types={ATTACH:27}
[TRUNC] turn=50 ctx=MAIN opts=97 kept=64 dropped_types={ATTACH:33}
[TRUNC] turn=52 ctx=MAIN opts=103 kept=64 dropped_types={ATTACH:39}
[TRUNC] turn=53 ctx=MAIN opts=65 kept=64 dropped_types={ATTACH:1}
[TRUNC] turn=54 ctx=MAIN opts=109 kept=64 dropped_types={ATTACH:45}
[TRUNC] turn=56 ctx=MAIN opts=115 kept=64 dropped_types={ATTACH:51}
[TRUNC] turn=58 ctx=MAIN opts=121 kept=64 dropped_types={ATTACH:57}
[TRUNC] turn=59 ctx=MAIN opts=71 kept=64 dropped_types={ATTACH:7}
[TRUNC] turn=60 ctx=MAIN opts=127 kept=64 dropped_types={ATTACH:63}
[MULTISELECT] ctx=DISCARD min=2 max=2 generated_lens=[2] shorter_legal_exists=False shorter_missed=False
[MULTISELECT] ctx=DISCARD min=2 max=2 generated_lens=[2] shorter_legal_exists=False shorter_missed=False
[TRUNC] turn=61 ctx=MAIN opts=73 kept=64 dropped_types={ATTACH:9}
[TRUNC] turn=61 ctx=MAIN opts=73 kept=64 dropped_types={ATTACH:9}
[TRUNC] turn=62 ctx=MAIN opts=121 kept=64 dropped_types={ATTACH:57}
[MULTISELECT] ctx=DISCARD min=2 max=2 generated_lens=[2] shorter_legal_exists=False shorter_missed=False
[MULTISELECT] ctx=DISCARD min=2 max=2 generated_lens=[2] shorter_legal_exists=False shorter_missed=False
[MULTISELECT] ctx=DISCARD min=2 max=2 generated_lens=[2] shorter_legal_exists=False shorter_missed=False
[TRUNC] turn=64 ctx=MAIN opts=109 kept=64 dropped_types={ATTACH:45}
[MULTISELECT] ctx=DISCARD min=2 max=2 generated_lens=[2] shorter_legal_exists=False shorter_missed=False
[TRUNC] turn=66 ctx=MAIN opts=115 kept=64 dropped_types={ATTACH:51}
[TRUNC] turn=67 ctx=MAIN opts=79 kept=64 dropped_types={ATTACH:15}
[TRUNC] turn=68 ctx=MAIN opts=121 kept=64 dropped_types={ATTACH:57}
=== DIAG_DUMP_BEGIN ===
DIAG_GAMES=1
TRUNC_TOTAL_NODES=760
TRUNC_FIRED=24
TRUNC_FIRE_RATE=3.16%
TRUNC_OPTCOUNT_HIST=1-8:262|9-16:161|17-32:149|33-64:164|65-128:24|129-256:0|257+:0
TRUNC_FIRE_RATE_BY_TURN=1-2:0.00%(0/36)|3-5:0.00%(0/37)|6+:3.49%(24/687)
TRUNC_DROPPED_BY_TYPE=ATTACH:686
TRUNC_DROPPED_CRITICAL=0
TRUNC_DROPPED_CRITICAL_STATUS=PASS
MULTISELECT_FIXED_LEN=min=0,max=3:nodes=7,shorter_legal=7,shorter_generated=0,shorter_missed=7|min=2,max=2:nodes=12,shorter_legal=0,shorter_generated=0,shorter_missed=0
MULTISELECT_SHORTER_MISSED=7
MULTISELECT_CTX_HIST=DISCARD:12,TO_HAND:7
GAME_LENGTH_HIST=1-15:0|16-25:0|26-40:0|41-60:0|61+:1
WIN_BY_CAUSE=DECK_OUT:W=1,L=1,D=0
TURN_NODE_DIST=1-2:4.74%(36/760)|3-5:4.87%(37/760)|6+:90.39%(687/760)
SEARCH_MAX_DEPTH=5
SEARCH_MEAN_DEPTH=2.0015
PRIZE_REWARD_REACHED=0.00%(0/132)
STALL_DRAW_PASS_TURNS=55
STALL_SHUFFLE_WITH_RESOURCES=4
MISSED_ATTACH=66
SHAPING_BREAKDOWN=BOARD_DECK_DIFF:0.035066|DAMAGE_PRESSURE:0.000000|DISRUPTION:0.000237|ENERGY_DENIAL:0.000132|ITEM_LOCK_PENALTY:0.000000|KO_BONUS:0.000000|PARALYSIS:0.000000|PRIZE_DIFF:-0.000395|SLEEP:0.000000
=== DIAG_DUMP_END ===
[MULTISELECT] ctx=SETUP_BENCH_POKEMON min=0 max=2 generated_lens=[2] shorter_legal_exists=True shorter_missed=True
[MULTISELECT] ctx=TO_BENCH min=0 max=2 generated_lens=[2] shorter_legal_exists=True shorter_missed=True
[MULTISELECT] ctx=TO_BENCH min=0 max=2 generated_lens=[2] shorter_legal_exists=True shorter_missed=True
[MULTISELECT] ctx=TO_BENCH min=0 max=2 generated_lens=[2] shorter_legal_exists=True shorter_missed=True
[TRUNC] turn=21 ctx=MAIN opts=70 kept=64 dropped_types={ATTACH:4,PLAY:1,RETREAT:1}
[TRUNC] turn=21 ctx=MAIN opts=70 kept=64 dropped_types={ATTACH:4,PLAY:1,RETREAT:1}
[MULTISELECT] ctx=TO_HAND min=0 max=3 generated_lens=[3] shorter_legal_exists=True shorter_missed=True
[MULTISELECT] ctx=DISCARD min=2 max=2 generated_lens=[2] shorter_legal_exists=False shorter_missed=False
[TRUNC] turn=23 ctx=MAIN opts=75 kept=64 dropped_types={ATTACH:10,RETREAT:1}
[MULTISELECT] ctx=TO_HAND min=0 max=3 generated_lens=[3] shorter_legal_exists=True shorter_missed=True
[TRUNC] turn=25 ctx=MAIN opts=82 kept=64 dropped_types={ATTACH:16,PLAY:1,RETREAT:1}
[MULTISELECT] ctx=DISCARD min=2 max=2 generated_lens=[2] shorter_legal_exists=False shorter_missed=False
[MULTISELECT] ctx=TO_HAND min=0 max=3 generated_lens=[3] shorter_legal_exists=True shorter_missed=True
[TRUNC] turn=27 ctx=MAIN opts=93 kept=64 dropped_types={ATTACH:28,RETREAT:1}
[MULTISELECT] ctx=DISCARD min=2 max=2 generated_lens=[2] shorter_legal_exists=False shorter_missed=False
[MULTISELECT] ctx=TO_HAND min=0 max=3 generated_lens=[3] shorter_legal_exists=True shorter_missed=True
[TRUNC] turn=27 ctx=MAIN opts=93 kept=64 dropped_types={ATTACH:28,RETREAT:1}
[MULTISELECT] ctx=DISCARD min=2 max=2 generated_lens=[2] shorter_legal_exists=False shorter_missed=False
[TRUNC] turn=27 ctx=MAIN opts=88 kept=64 dropped_types={ATTACH:22,PLAY:1,RETREAT:1}
[MULTISELECT] ctx=DISCARD min=2 max=2 generated_lens=[2] shorter_legal_exists=False shorter_missed=False
[TRUNC] turn=29 ctx=MAIN opts=88 kept=64 dropped_types={ATTACH:22,PLAY:1,RETREAT:1}
[TRUNC] turn=29 ctx=MAIN opts=88 kept=64 dropped_types={ATTACH:22,PLAY:1,RETREAT:1}
[TRUNC] turn=29 ctx=MAIN opts=87 kept=64 dropped_types={ATTACH:22,RETREAT:1}
[TRUNC] turn=31 ctx=MAIN opts=87 kept=64 dropped_types={ATTACH:22,RETREAT:1}
[TRUNC] turn=31 ctx=MAIN opts=94 kept=64 dropped_types={ATTACH:28,PLAY:1,RETREAT:1}
[MULTISELECT] ctx=DISCARD min=2 max=2 generated_lens=[2] shorter_legal_exists=False shorter_missed=False
[TRUNC] turn=33 ctx=MAIN opts=105 kept=64 dropped_types={ATTACH:40,RETREAT:1}
[MULTISELECT] ctx=DISCARD min=2 max=2 generated_lens=[2] shorter_legal_exists=False shorter_missed=False
[TRUNC] turn=35 ctx=MAIN opts=105 kept=64 dropped_types={ATTACH:40,RETREAT:1}
[MULTISELECT] ctx=DISCARD min=2 max=2 generated_lens=[2] shorter_legal_exists=False shorter_missed=False
[MULTISELECT] ctx=TO_HAND min=0 max=3 generated_lens=[3] shorter_legal_exists=True shorter_missed=True
[TRUNC] turn=37 ctx=MAIN opts=111 kept=64 dropped_types={ATTACH:46,RETREAT:1}
[MULTISELECT] ctx=DISCARD min=2 max=2 generated_lens=[2] shorter_legal_exists=False shorter_missed=False
[MULTISELECT] ctx=TO_HAND min=0 max=3 generated_lens=[3] shorter_legal_exists=True shorter_missed=True
[TRUNC] turn=39 ctx=MAIN opts=117 kept=64 dropped_types={ATTACH:52,RETREAT:1}
[MULTISELECT] ctx=DISCARD min=2 max=2 generated_lens=[2] shorter_legal_exists=False shorter_missed=False
[TRUNC] turn=39 ctx=MAIN opts=123 kept=64 dropped_types={ATTACH:58,RETREAT:1}
[MULTISELECT] ctx=DISCARD min=2 max=2 generated_lens=[2] shorter_legal_exists=False shorter_missed=False
[MULTISELECT] ctx=TO_HAND min=0 max=3 generated_lens=[3] shorter_legal_exists=True shorter_missed=True
[TRUNC] turn=41 ctx=MAIN opts=123 kept=64 dropped_types={ATTACH:58,RETREAT:1}
[MULTISELECT] ctx=DISCARD min=2 max=2 generated_lens=[2] shorter_legal_exists=False shorter_missed=False
[MULTISELECT] ctx=TO_HAND min=0 max=3 generated_lens=[3] shorter_legal_exists=True shorter_missed=True
[TRUNC] turn=41 ctx=MAIN opts=129 kept=64 dropped_types={ATTACH:64,RETREAT:1}
[MULTISELECT] ctx=DISCARD min=2 max=2 generated_lens=[2] shorter_legal_exists=False shorter_missed=False
[MULTISELECT] ctx=DISCARD min=2 max=2 generated_lens=[2] shorter_legal_exists=False shorter_missed=False
[TRUNC] turn=41 ctx=MAIN opts=124 kept=64 dropped_types={ATTACH:58,PLAY:1,RETREAT:1}
[TRUNC] turn=41 ctx=MAIN opts=124 kept=64 dropped_types={ATTACH:58,PLAY:1,RETREAT:1}
[TRUNC] turn=41 ctx=MAIN opts=123 kept=64 dropped_types={ATTACH:58,RETREAT:1}
[TRUNC] turn=41 ctx=MAIN opts=129 kept=64 dropped_types={ATTACH:64,RETREAT:1}
[TRUNC] turn=41 ctx=MAIN opts=124 kept=64 dropped_types={ATTACH:58,PLAY:1,RETREAT:1}
[TRUNC] turn=43 ctx=MAIN opts=130 kept=64 dropped_types={ATTACH:64,EVOLVE:1,RETREAT:1}
[TRUNC] turn=43 ctx=MAIN opts=131 kept=64 dropped_types={ATTACH:64,EVOLVE:2,RETREAT:1}
[TRUNC] turn=43 ctx=MAIN opts=130 kept=64 dropped_types={ATTACH:64,EVOLVE:1,RETREAT:1}
[TRUNC] turn=45 ctx=MAIN opts=135 kept=64 dropped_types={ATTACH:70,RETREAT:1}
[TRUNC] turn=45 ctx=MAIN opts=135 kept=64 dropped_types={ATTACH:70,RETREAT:1}
[TRUNC] turn=45 ctx=MAIN opts=135 kept=64 dropped_types={ATTACH:70,RETREAT:1}
[TRUNC] turn=45 ctx=MAIN opts=135 kept=64 dropped_types={ATTACH:70,RETREAT:1}
[TRUNC] turn=45 ctx=MAIN opts=135 kept=64 dropped_types={ATTACH:70,RETREAT:1}
[TRUNC] turn=45 ctx=MAIN opts=135 kept=64 dropped_types={ATTACH:70,RETREAT:1}
[TRUNC] turn=45 ctx=MAIN opts=135 kept=64 dropped_types={ATTACH:70,RETREAT:1}
[TRUNC] turn=47 ctx=MAIN opts=141 kept=64 dropped_types={ATTACH:76,RETREAT:1}
[TRUNC] turn=49 ctx=MAIN opts=153 kept=64 dropped_types={ATTACH:88,RETREAT:1}
[MULTISELECT] ctx=TO_HAND min=0 max=2 generated_lens=[2] shorter_legal_exists=True shorter_missed=True
[TRUNC] turn=49 ctx=MAIN opts=148 kept=64 dropped_types={ATTACH:82,PLAY:1,RETREAT:1}
[MULTISELECT] ctx=TO_HAND min=0 max=2 generated_lens=[2] shorter_legal_exists=True shorter_missed=True
[TRUNC] turn=49 ctx=MAIN opts=148 kept=64 dropped_types={ATTACH:82,PLAY:1,RETREAT:1}
[TRUNC] turn=49 ctx=MAIN opts=153 kept=64 dropped_types={ATTACH:88,RETREAT:1}
[TRUNC] turn=49 ctx=MAIN opts=148 kept=64 dropped_types={ATTACH:82,PLAY:1,RETREAT:1}
[TRUNC] turn=51 ctx=MAIN opts=149 kept=64 dropped_types={ATTACH:82,PLAY:2,RETREAT:1}
[TRUNC] turn=51 ctx=MAIN opts=67 kept=64 dropped_types={ATTACH:2,RETREAT:1}
[TRUNC] turn=51 ctx=MAIN opts=153 kept=64 dropped_types={ATTACH:88,RETREAT:1}
[TRUNC] turn=51 ctx=MAIN opts=154 kept=64 dropped_types={ATTACH:88,EVOLVE:1,RETREAT:1}
[TRUNC] turn=51 ctx=MAIN opts=154 kept=64 dropped_types={ATTACH:88,EVOLVE:1,RETREAT:1}
[MULTISELECT] ctx=DISCARD min=2 max=2 generated_lens=[2] shorter_legal_exists=False shorter_missed=False
[MULTISELECT] ctx=DISCARD min=2 max=2 generated_lens=[2] shorter_legal_exists=False shorter_missed=False
[TRUNC] turn=51 ctx=MAIN opts=154 kept=64 dropped_types={ATTACH:88,PLAY:1,RETREAT:1}
[TRUNC] turn=53 ctx=MAIN opts=154 kept=64 dropped_types={ATTACH:88,PLAY:1,RETREAT:1}
[TRUNC] turn=53 ctx=MAIN opts=160 kept=64 dropped_types={ATTACH:94,PLAY:1,RETREAT:1}
[TRUNC] turn=53 ctx=MAIN opts=159 kept=64 dropped_types={ATTACH:94,RETREAT:1}
[TRUNC] turn=55 ctx=MAIN opts=69 kept=64 dropped_types={ATTACH:5}
[TRUNC] turn=55 ctx=MAIN opts=137 kept=64 dropped_types={ATTACH:72,PLAY:1}
[MULTISELECT] ctx=DISCARD min=2 max=2 generated_lens=[2] shorter_legal_exists=False shorter_missed=False
[TRUNC] turn=57 ctx=MAIN opts=114 kept=64 dropped_types={ATTACH:49,PLAY:1}
[MULTISELECT] ctx=DISCARD min=2 max=2 generated_lens=[2] shorter_legal_exists=False shorter_missed=False
[MULTISELECT] ctx=DISCARD min=2 max=2 generated_lens=[2] shorter_legal_exists=False shorter_missed=False
[TRUNC] turn=57 ctx=MAIN opts=114 kept=64 dropped_types={ATTACH:49,PLAY:1}
[MULTISELECT] ctx=DISCARD min=2 max=2 generated_lens=[2] shorter_legal_exists=False shorter_missed=False
[TRUNC] turn=57 ctx=MAIN opts=114 kept=64 dropped_types={ATTACH:49,PLAY:1}
[TRUNC] turn=57 ctx=MAIN opts=114 kept=64 dropped_types={ATTACH:49,PLAY:1}
[TRUNC] turn=57 ctx=MAIN opts=114 kept=64 dropped_types={ATTACH:49,PLAY:1}
[TRUNC] turn=57 ctx=MAIN opts=114 kept=64 dropped_types={ATTACH:49,PLAY:1}
[TRUNC] turn=57 ctx=MAIN opts=114 kept=64 dropped_types={ATTACH:49,PLAY:1}
[TRUNC] turn=57 ctx=MAIN opts=114 kept=64 dropped_types={ATTACH:49,PLAY:1}
[TRUNC] turn=57 ctx=MAIN opts=86 kept=64 dropped_types={ATTACH:21,PLAY:1}
[TRUNC] turn=59 ctx=MAIN opts=89 kept=64 dropped_types={ATTACH:24,PLAY:1}
[TRUNC] turn=59 ctx=MAIN opts=89 kept=64 dropped_types={ATTACH:24,PLAY:1}
[TRUNC] turn=59 ctx=MAIN opts=89 kept=64 dropped_types={ATTACH:24,PLAY:1}
[TRUNC] turn=59 ctx=MAIN opts=89 kept=64 dropped_types={ATTACH:24,PLAY:1}
[TRUNC] turn=59 ctx=MAIN opts=89 kept=64 dropped_types={ATTACH:24,PLAY:1}
[TRUNC] turn=59 ctx=MAIN opts=89 kept=64 dropped_types={ATTACH:24,PLAY:1}
[TRUNC] turn=59 ctx=MAIN opts=91 kept=64 dropped_types={ATTACH:27}
[TRUNC] turn=59 ctx=MAIN opts=89 kept=64 dropped_types={ATTACH:24,PLAY:1}
[TRUNC] turn=59 ctx=MAIN opts=89 kept=64 dropped_types={ATTACH:24,PLAY:1}
[TRUNC] turn=59 ctx=MAIN opts=89 kept=64 dropped_types={ATTACH:24,PLAY:1}
[TRUNC] turn=59 ctx=MAIN opts=88 kept=64 dropped_types={ATTACH:24}
[MULTISELECT] ctx=DISCARD min=2 max=2 generated_lens=[2] shorter_legal_exists=False shorter_missed=False
[MULTISELECT] ctx=DISCARD min=2 max=2 generated_lens=[2] shorter_legal_exists=False shorter_missed=False
[TRUNC] turn=63 ctx=MAIN opts=65 kept=64 dropped_types={ATTACH:1}
[TRUNC] turn=63 ctx=MAIN opts=65 kept=64 dropped_types={ATTACH:1}
[TRUNC] turn=65 ctx=MAIN opts=106 kept=64 dropped_types={ATTACH:41,PLAY:1}
[TRUNC] turn=65 ctx=MAIN opts=106 kept=64 dropped_types={ATTACH:41,PLAY:1}
=== DIAG_DUMP_BEGIN ===
DIAG_GAMES=1
TRUNC_TOTAL_NODES=1235
TRUNC_FIRED=75
TRUNC_FIRE_RATE=6.07%
TRUNC_OPTCOUNT_HIST=1-8:725|9-16:208|17-32:90|33-64:137|65-128:48|129-256:27|257+:0
TRUNC_FIRE_RATE_BY_TURN=1-2:0.00%(0/64)|3-5:0.00%(0/68)|6+:6.80%(75/1103)
TRUNC_DROPPED_BY_TYPE=ATTACH:3615,EVOLVE:6,PLAY:39,RETREAT:49
TRUNC_DROPPED_CRITICAL=0
TRUNC_DROPPED_CRITICAL_STATUS=PASS
MULTISELECT_FIXED_LEN=min=0,max=2:nodes=6,shorter_legal=6,shorter_generated=0,shorter_missed=6|min=0,max=3:nodes=8,shorter_legal=8,shorter_generated=0,shorter_missed=8|min=2,max=2:nodes=22,shorter_legal=0,shorter_generated=0,shorter_missed=0
MULTISELECT_SHORTER_MISSED=14
MULTISELECT_CTX_HIST=DISCARD:22,SETUP_BENCH_POKEMON:1,TO_BENCH:3,TO_HAND:10
GAME_LENGTH_HIST=1-15:0|16-25:0|26-40:0|41-60:0|61+:1
WIN_BY_CAUSE=DECK_OUT:W=1,L=1,D=0
TURN_NODE_DIST=1-2:5.18%(64/1235)|3-5:5.51%(68/1235)|6+:89.31%(1103/1235)
SEARCH_MAX_DEPTH=5
SEARCH_MEAN_DEPTH=1.6019
PRIZE_REWARD_REACHED=0.48%(1/207)
STALL_DRAW_PASS_TURNS=36
STALL_SHUFFLE_WITH_RESOURCES=6
MISSED_ATTACH=48
SHAPING_BREAKDOWN=BOARD_DECK_DIFF:-0.041676|DAMAGE_PRESSURE:0.003215|DISRUPTION:0.000097|ENERGY_DENIAL:0.000121|ITEM_LOCK_PENALTY:-0.005733|KO_BONUS:0.000162|PARALYSIS:0.000000|PRIZE_DIFF:0.009190|SLEEP:0.000000
=== DIAG_DUMP_END ===
[MULTISELECT] ctx=SETUP_BENCH_POKEMON min=0 max=2 generated_lens=[2] shorter_legal_exists=True shorter_missed=True
[MULTISELECT] ctx=TO_BENCH min=0 max=2 generated_lens=[2] shorter_legal_exists=True shorter_missed=True
[MULTISELECT] ctx=TO_BENCH min=0 max=2 generated_lens=[2] shorter_legal_exists=True shorter_missed=True
[MULTISELECT] ctx=TO_BENCH min=0 max=2 generated_lens=[2] shorter_legal_exists=True shorter_missed=True
[MULTISELECT] ctx=DISCARD min=3 max=3 generated_lens=[3] shorter_legal_exists=False shorter_missed=False
[MULTISELECT] ctx=DISCARD min=3 max=3 generated_lens=[3] shorter_legal_exists=False shorter_missed=False
[MULTISELECT] ctx=DISCARD min=3 max=3 generated_lens=[3] shorter_legal_exists=False shorter_missed=False
[MULTISELECT] ctx=DISCARD min=3 max=3 generated_lens=[3] shorter_legal_exists=False shorter_missed=False
[MULTISELECT] ctx=DISCARD min=3 max=3 generated_lens=[3] shorter_legal_exists=False shorter_missed=False
[MULTISELECT] ctx=DISCARD min=2 max=2 generated_lens=[2] shorter_legal_exists=False shorter_missed=False
[MULTISELECT] ctx=TO_HAND min=0 max=2 generated_lens=[2] shorter_legal_exists=True shorter_missed=True
[MULTISELECT] ctx=TO_BENCH min=0 max=2 generated_lens=[2] shorter_legal_exists=True shorter_missed=True
[MULTISELECT] ctx=TO_BENCH min=0 max=2 generated_lens=[2] shorter_legal_exists=True shorter_missed=True
[MULTISELECT] ctx=TO_BENCH min=0 max=2 generated_lens=[2] shorter_legal_exists=True shorter_missed=True
[MULTISELECT] ctx=TO_BENCH min=0 max=2 generated_lens=[2] shorter_legal_exists=True shorter_missed=True
[MULTISELECT] ctx=DISCARD min=2 max=2 generated_lens=[2] shorter_legal_exists=False shorter_missed=False
[MULTISELECT] ctx=DISCARD min=2 max=2 generated_lens=[2] shorter_legal_exists=False shorter_missed=False
[MULTISELECT] ctx=DISCARD min=2 max=2 generated_lens=[2] shorter_legal_exists=False shorter_missed=False
[MULTISELECT] ctx=DISCARD min=2 max=2 generated_lens=[2] shorter_legal_exists=False shorter_missed=False
[MULTISELECT] ctx=DISCARD min=3 max=3 generated_lens=[3] shorter_legal_exists=False shorter_missed=False
[MULTISELECT] ctx=ATTACH_TO min=0 max=4 generated_lens=[4] shorter_legal_exists=True shorter_missed=True
[MULTISELECT] ctx=ATTACH_TO min=0 max=2 generated_lens=[2] shorter_legal_exists=True shorter_missed=True
[MULTISELECT] ctx=ATTACH_TO min=0 max=5 generated_lens=[5] shorter_legal_exists=True shorter_missed=True
[MULTISELECT] ctx=ATTACH_TO min=0 max=3 generated_lens=[3] shorter_legal_exists=True shorter_missed=True
[MULTISELECT] ctx=ATTACH_TO min=0 max=4 generated_lens=[4] shorter_legal_exists=True shorter_missed=True
[MULTISELECT] ctx=ATTACH_TO min=0 max=5 generated_lens=[5] shorter_legal_exists=True shorter_missed=True
[MULTISELECT] ctx=ATTACH_TO min=0 max=4 generated_lens=[4] shorter_legal_exists=True shorter_missed=True
[MULTISELECT] ctx=ATTACH_TO min=0 max=2 generated_lens=[2] shorter_legal_exists=True shorter_missed=True
[MULTISELECT] ctx=ATTACH_TO min=0 max=2 generated_lens=[2] shorter_legal_exists=True shorter_missed=True
[MULTISELECT] ctx=DISCARD min=2 max=2 generated_lens=[2] shorter_legal_exists=False shorter_missed=False
[MULTISELECT] ctx=DISCARD min=2 max=2 generated_lens=[2] shorter_legal_exists=False shorter_missed=False
[MULTISELECT] ctx=DISCARD min=2 max=2 generated_lens=[2] shorter_legal_exists=False shorter_missed=False
[MULTISELECT] ctx=DISCARD min=2 max=2 generated_lens=[2] shorter_legal_exists=False shorter_missed=False
[MULTISELECT] ctx=TO_HAND min=0 max=3 generated_lens=[3] shorter_legal_exists=True shorter_missed=True
[MULTISELECT] ctx=TO_HAND min=0 max=3 generated_lens=[3] shorter_legal_exists=True shorter_missed=True
[TRUNC] turn=23 ctx=MAIN opts=68 kept=64 dropped_types={ATTACH:3,PLAY:1}
[TRUNC] turn=25 ctx=MAIN opts=79 kept=64 dropped_types={ATTACH:15}
[TRUNC] turn=27 ctx=MAIN opts=79 kept=64 dropped_types={ATTACH:15}
[TRUNC] turn=29 ctx=MAIN opts=79 kept=64 dropped_types={ATTACH:15}
[TRUNC] turn=29 ctx=MAIN opts=80 kept=64 dropped_types={ATTACH:15,PLAY:1}
[TRUNC] turn=29 ctx=MAIN opts=79 kept=64 dropped_types={ATTACH:15}
[TRUNC] turn=29 ctx=MAIN opts=85 kept=64 dropped_types={ATTACH:21}
[TRUNC] turn=31 ctx=MAIN opts=85 kept=64 dropped_types={ATTACH:21}
[TRUNC] turn=31 ctx=MAIN opts=85 kept=64 dropped_types={ATTACH:21}
[TRUNC] turn=31 ctx=MAIN opts=85 kept=64 dropped_types={ATTACH:21}
[TRUNC] turn=31 ctx=MAIN opts=86 kept=64 dropped_types={ATTACH:21,PLAY:1}
[TRUNC] turn=31 ctx=MAIN opts=91 kept=64 dropped_types={ATTACH:27}
[TRUNC] turn=31 ctx=MAIN opts=85 kept=64 dropped_types={ATTACH:21}
[TRUNC] turn=31 ctx=MAIN opts=86 kept=64 dropped_types={ATTACH:21,EVOLVE:1}
[TRUNC] turn=31 ctx=MAIN opts=91 kept=64 dropped_types={ATTACH:27}
[TRUNC] turn=31 ctx=MAIN opts=91 kept=64 dropped_types={ATTACH:27}
[TRUNC] turn=33 ctx=MAIN opts=92 kept=64 dropped_types={ATTACH:27,PLAY:1}
[TRUNC] turn=33 ctx=MAIN opts=85 kept=64 dropped_types={ATTACH:21}
[TRUNC] turn=33 ctx=MAIN opts=86 kept=64 dropped_types={ATTACH:21,PLAY:1}
[TRUNC] turn=33 ctx=MAIN opts=85 kept=64 dropped_types={ATTACH:21}
[MULTISELECT] ctx=TO_HAND min=0 max=2 generated_lens=[2] shorter_legal_exists=True shorter_missed=True
[TRUNC] turn=35 ctx=MAIN opts=97 kept=64 dropped_types={ATTACH:33}
[MULTISELECT] ctx=DISCARD min=2 max=2 generated_lens=[2] shorter_legal_exists=False shorter_missed=False
[MULTISELECT] ctx=DISCARD min=2 max=2 generated_lens=[2] shorter_legal_exists=False shorter_missed=False
[TRUNC] turn=35 ctx=MAIN opts=92 kept=64 dropped_types={ATTACH:27,EVOLVE:1}
[MULTISELECT] ctx=TO_HAND min=0 max=2 generated_lens=[2] shorter_legal_exists=True shorter_missed=True
[MULTISELECT] ctx=DISCARD min=2 max=2 generated_lens=[2] shorter_legal_exists=False shorter_missed=False
[TRUNC] turn=35 ctx=MAIN opts=92 kept=64 dropped_types={ATTACH:27,PLAY:1}
[MULTISELECT] ctx=TO_HAND min=0 max=2 generated_lens=[2] shorter_legal_exists=True shorter_missed=True
[MULTISELECT] ctx=DISCARD min=2 max=2 generated_lens=[2] shorter_legal_exists=False shorter_missed=False
[TRUNC] turn=35 ctx=MAIN opts=91 kept=64 dropped_types={ATTACH:27}
[MULTISELECT] ctx=TO_HAND min=0 max=2 generated_lens=[2] shorter_legal_exists=True shorter_missed=True
[MULTISELECT] ctx=DISCARD min=2 max=2 generated_lens=[2] shorter_legal_exists=False shorter_missed=False
[TRUNC] turn=35 ctx=MAIN opts=92 kept=64 dropped_types={ATTACH:27,PLAY:1}
[TRUNC] turn=37 ctx=MAIN opts=94 kept=64 dropped_types={ATTACH:27,EVOLVE:2,PLAY:1}
[TRUNC] turn=37 ctx=MAIN opts=97 kept=64 dropped_types={ATTACH:33}
[TRUNC] turn=39 ctx=MAIN opts=97 kept=64 dropped_types={ATTACH:33}
[TRUNC] turn=39 ctx=MAIN opts=97 kept=64 dropped_types={ATTACH:33}
[MULTISELECT] ctx=SKILL_ORDER min=2 max=2 generated_lens=[2] shorter_legal_exists=False shorter_missed=False
[MULTISELECT] ctx=SKILL_ORDER min=2 max=2 generated_lens=[2] shorter_legal_exists=False shorter_missed=False
[MULTISELECT] ctx=SKILL_ORDER min=2 max=2 generated_lens=[2] shorter_legal_exists=False shorter_missed=False
[MULTISELECT] ctx=SKILL_ORDER min=2 max=2 generated_lens=[2] shorter_legal_exists=False shorter_missed=False
[MULTISELECT] ctx=SKILL_ORDER min=2 max=2 generated_lens=[2] shorter_legal_exists=False shorter_missed=False
[MULTISELECT] ctx=SKILL_ORDER min=2 max=2 generated_lens=[2] shorter_legal_exists=False shorter_missed=False
[MULTISELECT] ctx=SKILL_ORDER min=2 max=2 generated_lens=[2] shorter_legal_exists=False shorter_missed=False
[MULTISELECT] ctx=SKILL_ORDER min=2 max=2 generated_lens=[2] shorter_legal_exists=False shorter_missed=False
[MULTISELECT] ctx=SKILL_ORDER min=2 max=2 generated_lens=[2] shorter_legal_exists=False shorter_missed=False
=== DIAG_DUMP_BEGIN ===
DIAG_GAMES=1
TRUNC_TOTAL_NODES=891
TRUNC_FIRED=29
TRUNC_FIRE_RATE=3.25%
TRUNC_OPTCOUNT_HIST=1-8:527|9-16:249|17-32:54|33-64:32|65-128:29|129-256:0|257+:0
TRUNC_FIRE_RATE_BY_TURN=1-2:0.00%(0/139)|3-5:0.00%(0/97)|6+:4.43%(29/655)
TRUNC_DROPPED_BY_TYPE=ATTACH:663,EVOLVE:4,PLAY:8
TRUNC_DROPPED_CRITICAL=0
TRUNC_DROPPED_CRITICAL_STATUS=PASS
MULTISELECT_FIXED_LEN=min=0,max=2:nodes=16,shorter_legal=16,shorter_generated=0,shorter_missed=16|min=0,max=3:nodes=3,shorter_legal=3,shorter_generated=0,shorter_missed=3|min=0,max=4:nodes=3,shorter_legal=3,shorter_generated=0,shorter_missed=3|min=0,max=5:nodes=2,shorter_legal=2,shorter_generated=0,shorter_missed=2|min=2,max=2:nodes=23,shorter_legal=0,shorter_generated=0,shorter_missed=0|min=3,max=3:nodes=6,shorter_legal=0,shorter_generated=0,shorter_missed=0
MULTISELECT_SHORTER_MISSED=24
MULTISELECT_CTX_HIST=ATTACH_TO:9,DISCARD:20,SETUP_BENCH_POKEMON:1,SKILL_ORDER:9,TO_BENCH:7,TO_HAND:7
GAME_LENGTH_HIST=1-15:0|16-25:0|26-40:0|41-60:1|61+:0
WIN_BY_CAUSE=DECK_OUT:W=1,L=1,D=0
TURN_NODE_DIST=1-2:15.60%(139/891)|3-5:10.89%(97/891)|6+:73.51%(655/891)
SEARCH_MAX_DEPTH=5
SEARCH_MEAN_DEPTH=1.9192
PRIZE_REWARD_REACHED=0.00%(0/151)
STALL_DRAW_PASS_TURNS=25
STALL_SHUFFLE_WITH_RESOURCES=5
MISSED_ATTACH=28
SHAPING_BREAKDOWN=BOARD_DECK_DIFF:0.002604|DAMAGE_PRESSURE:0.000539|DISRUPTION:0.000101|ENERGY_DENIAL:0.000000|ITEM_LOCK_PENALTY:-0.004489|KO_BONUS:0.000000|PARALYSIS:0.000000|PRIZE_DIFF:0.001684|SLEEP:0.000000
=== DIAG_DUMP_END ===
[MULTISELECT] ctx=DISCARD min=2 max=2 generated_lens=[2] shorter_legal_exists=False shorter_missed=False
[MULTISELECT] ctx=DISCARD min=2 max=2 generated_lens=[2] shorter_legal_exists=False shorter_missed=False
[MULTISELECT] ctx=DISCARD min=2 max=2 generated_lens=[2] shorter_legal_exists=False shorter_missed=False
[MULTISELECT] ctx=DISCARD min=2 max=2 generated_lens=[2] shorter_legal_exists=False shorter_missed=False
[MULTISELECT] ctx=TO_HAND min=0 max=3 generated_lens=[3] shorter_legal_exists=True shorter_missed=True
[MULTISELECT] ctx=DISCARD min=2 max=2 generated_lens=[2] shorter_legal_exists=False shorter_missed=False
[MULTISELECT] ctx=DISCARD min=2 max=2 generated_lens=[2] shorter_legal_exists=False shorter_missed=False
[MULTISELECT] ctx=DISCARD min=2 max=2 generated_lens=[2] shorter_legal_exists=False shorter_missed=False
[MULTISELECT] ctx=TO_HAND min=0 max=3 generated_lens=[3] shorter_legal_exists=True shorter_missed=True
[MULTISELECT] ctx=DISCARD min=2 max=2 generated_lens=[2] shorter_legal_exists=False shorter_missed=False
[MULTISELECT] ctx=DISCARD min=2 max=2 generated_lens=[2] shorter_legal_exists=False shorter_missed=False
[MULTISELECT] ctx=TO_HAND min=0 max=3 generated_lens=[3] shorter_legal_exists=True shorter_missed=True
[MULTISELECT] ctx=TO_HAND min=0 max=3 generated_lens=[3] shorter_legal_exists=True shorter_missed=True
[MULTISELECT] ctx=TO_HAND min=0 max=3 generated_lens=[3] shorter_legal_exists=True shorter_missed=True
[MULTISELECT] ctx=TO_HAND min=0 max=2 generated_lens=[2] shorter_legal_exists=True shorter_missed=True
[MULTISELECT] ctx=TO_HAND min=0 max=2 generated_lens=[2] shorter_legal_exists=True shorter_missed=True
[MULTISELECT] ctx=DISCARD_ENERGY_CARD min=0 max=2 generated_lens=[2] shorter_legal_exists=True shorter_missed=True
[MULTISELECT] ctx=TO_HAND min=0 max=3 generated_lens=[3] shorter_legal_exists=True shorter_missed=True
[MULTISELECT] ctx=TO_HAND min=0 max=3 generated_lens=[3] shorter_legal_exists=True shorter_missed=True
[MULTISELECT] ctx=TO_HAND min=0 max=2 generated_lens=[2] shorter_legal_exists=True shorter_missed=True
[MULTISELECT] ctx=DISCARD_ENERGY_CARD min=0 max=2 generated_lens=[2] shorter_legal_exists=True shorter_missed=True
[MULTISELECT] ctx=DISCARD min=2 max=2 generated_lens=[2] shorter_legal_exists=False shorter_missed=False
[MULTISELECT] ctx=DISCARD min=2 max=2 generated_lens=[2] shorter_legal_exists=False shorter_missed=False
[MULTISELECT] ctx=DISCARD min=2 max=2 generated_lens=[2] shorter_legal_exists=False shorter_missed=False
[MULTISELECT] ctx=DISCARD min=2 max=2 generated_lens=[2] shorter_legal_exists=False shorter_missed=False
[MULTISELECT] ctx=DISCARD min=2 max=2 generated_lens=[2] shorter_legal_exists=False shorter_missed=False
[MULTISELECT] ctx=DISCARD_ENERGY_CARD min=0 max=2 generated_lens=[2] shorter_legal_exists=True shorter_missed=True
[MULTISELECT] ctx=TO_HAND min=3 max=3 generated_lens=[3] shorter_legal_exists=False shorter_missed=False
[MULTISELECT] ctx=TO_HAND min=3 max=3 generated_lens=[3] shorter_legal_exists=False shorter_missed=False
[MULTISELECT] ctx=TO_HAND min=3 max=3 generated_lens=[3] shorter_legal_exists=False shorter_missed=False
[MULTISELECT] ctx=DISCARD min=2 max=2 generated_lens=[2] shorter_legal_exists=False shorter_missed=False
[MULTISELECT] ctx=DISCARD min=2 max=2 generated_lens=[2] shorter_legal_exists=False shorter_missed=False
[MULTISELECT] ctx=DISCARD min=2 max=2 generated_lens=[2] shorter_legal_exists=False shorter_missed=False
[MULTISELECT] ctx=TO_HAND min=0 max=2 generated_lens=[2] shorter_legal_exists=True shorter_missed=True
[MULTISELECT] ctx=DISCARD min=2 max=2 generated_lens=[2] shorter_legal_exists=False shorter_missed=False
[MULTISELECT] ctx=TO_HAND min=0 max=2 generated_lens=[2] shorter_legal_exists=True shorter_missed=True
[MULTISELECT] ctx=TO_HAND min=0 max=2 generated_lens=[2] shorter_legal_exists=True shorter_missed=True
[MULTISELECT] ctx=DISCARD min=2 max=2 generated_lens=[2] shorter_legal_exists=False shorter_missed=False
[MULTISELECT] ctx=DISCARD min=2 max=2 generated_lens=[2] shorter_legal_exists=False shorter_missed=False
[MULTISELECT] ctx=TO_HAND min=0 max=2 generated_lens=[2] shorter_legal_exists=True shorter_missed=True
=== DIAG_DUMP_BEGIN ===
DIAG_GAMES=1
TRUNC_TOTAL_NODES=1148
TRUNC_FIRED=0
TRUNC_FIRE_RATE=0.00%
TRUNC_OPTCOUNT_HIST=1-8:741|9-16:237|17-32:139|33-64:31|65-128:0|129-256:0|257+:0
TRUNC_FIRE_RATE_BY_TURN=1-2:0.00%(0/78)|3-5:0.00%(0/43)|6+:0.00%(0/1027)
TRUNC_DROPPED_BY_TYPE=NONE
TRUNC_DROPPED_CRITICAL=0
TRUNC_DROPPED_CRITICAL_STATUS=PASS
MULTISELECT_FIXED_LEN=min=0,max=2:nodes=10,shorter_legal=10,shorter_generated=0,shorter_missed=10|min=0,max=3:nodes=7,shorter_legal=7,shorter_generated=0,shorter_missed=7|min=2,max=2:nodes=20,shorter_legal=0,shorter_generated=0,shorter_missed=0|min=3,max=3:nodes=3,shorter_legal=0,shorter_generated=0,shorter_missed=0
MULTISELECT_SHORTER_MISSED=17
MULTISELECT_CTX_HIST=DISCARD:20,DISCARD_ENERGY_CARD:3,TO_HAND:17
GAME_LENGTH_HIST=1-15:0|16-25:0|26-40:0|41-60:1|61+:0
WIN_BY_CAUSE=DECK_OUT:W=1,L=1,D=0
TURN_NODE_DIST=1-2:6.79%(78/1148)|3-5:3.75%(43/1148)|6+:89.46%(1027/1148)
SEARCH_MAX_DEPTH=5
SEARCH_MEAN_DEPTH=1.4674
PRIZE_REWARD_REACHED=0.00%(0/193)
STALL_DRAW_PASS_TURNS=27
STALL_SHUFFLE_WITH_RESOURCES=9
MISSED_ATTACH=16
SHAPING_BREAKDOWN=BOARD_DECK_DIFF:0.030418|DAMAGE_PRESSURE:0.003127|DISRUPTION:0.000183|ENERGY_DENIAL:0.000000|ITEM_LOCK_PENALTY:0.000000|KO_BONUS:0.000000|PARALYSIS:0.000000|PRIZE_DIFF:0.000784|SLEEP:0.000000
=== DIAG_DUMP_END ===
[MULTISELECT] ctx=SETUP_BENCH_POKEMON min=0 max=5 generated_lens=[5] shorter_legal_exists=True shorter_missed=True
[MULTISELECT] ctx=SETUP_BENCH_POKEMON min=0 max=5 generated_lens=[5] shorter_legal_exists=True shorter_missed=True
[MULTISELECT] ctx=SETUP_BENCH_POKEMON min=0 max=2 generated_lens=[2] shorter_legal_exists=True shorter_missed=True
[MULTISELECT] ctx=DISCARD min=2 max=2 generated_lens=[2] shorter_legal_exists=False shorter_missed=False
[MULTISELECT] ctx=DISCARD min=2 max=2 generated_lens=[2] shorter_legal_exists=False shorter_missed=False
[MULTISELECT] ctx=DISCARD min=2 max=2 generated_lens=[2] shorter_legal_exists=False shorter_missed=False
[MULTISELECT] ctx=DISCARD min=2 max=2 generated_lens=[2] shorter_legal_exists=False shorter_missed=False
[MULTISELECT] ctx=DISCARD min=2 max=2 generated_lens=[2] shorter_legal_exists=False shorter_missed=False
[MULTISELECT] ctx=DISCARD min=2 max=2 generated_lens=[2] shorter_legal_exists=False shorter_missed=False
[MULTISELECT] ctx=DISCARD min=2 max=2 generated_lens=[2] shorter_legal_exists=False shorter_missed=False
[MULTISELECT] ctx=DISCARD min=2 max=2 generated_lens=[2] shorter_legal_exists=False shorter_missed=False
[MULTISELECT] ctx=DISCARD min=2 max=2 generated_lens=[2] shorter_legal_exists=False shorter_missed=False
[MULTISELECT] ctx=DISCARD min=2 max=2 generated_lens=[2] shorter_legal_exists=False shorter_missed=False
[MULTISELECT] ctx=DISCARD min=2 max=2 generated_lens=[2] shorter_legal_exists=False shorter_missed=False
[MULTISELECT] ctx=TO_HAND min=0 max=3 generated_lens=[3] shorter_legal_exists=True shorter_missed=True
[MULTISELECT] ctx=TO_HAND min=0 max=3 generated_lens=[3] shorter_legal_exists=True shorter_missed=True
[MULTISELECT] ctx=DISCARD min=2 max=2 generated_lens=[2] shorter_legal_exists=False shorter_missed=False
[MULTISELECT] ctx=DISCARD min=2 max=2 generated_lens=[2] shorter_legal_exists=False shorter_missed=False
[MULTISELECT] ctx=DISCARD min=2 max=2 generated_lens=[2] shorter_legal_exists=False shorter_missed=False
[MULTISELECT] ctx=TO_HAND min=0 max=3 generated_lens=[3] shorter_legal_exists=True shorter_missed=True
[MULTISELECT] ctx=TO_HAND min=0 max=3 generated_lens=[3] shorter_legal_exists=True shorter_missed=True
[MULTISELECT] ctx=DISCARD min=2 max=2 generated_lens=[2] shorter_legal_exists=False shorter_missed=False
[MULTISELECT] ctx=DISCARD min=2 max=2 generated_lens=[2] shorter_legal_exists=False shorter_missed=False
[MULTISELECT] ctx=DISCARD min=2 max=2 generated_lens=[2] shorter_legal_exists=False shorter_missed=False
[MULTISELECT] ctx=DISCARD min=2 max=2 generated_lens=[2] shorter_legal_exists=False shorter_missed=False
[TRUNC] turn=41 ctx=MAIN opts=67 kept=64 dropped_types={ATTACH:2,PLAY:1}
[MULTISELECT] ctx=DISCARD min=2 max=2 generated_lens=[2] shorter_legal_exists=False shorter_missed=False
[MULTISELECT] ctx=DISCARD min=2 max=2 generated_lens=[2] shorter_legal_exists=False shorter_missed=False
[TRUNC] turn=61 ctx=MAIN opts=67 kept=64 dropped_types={ATTACH:2,PLAY:1}
[TRUNC] turn=63 ctx=MAIN opts=72 kept=64 dropped_types={ATTACH:7,PLAY:1}
[MULTISELECT] ctx=DISCARD min=2 max=2 generated_lens=[2] shorter_legal_exists=False shorter_missed=False
[MULTISELECT] ctx=DISCARD min=2 max=2 generated_lens=[2] shorter_legal_exists=False shorter_missed=False
[MULTISELECT] ctx=TO_HAND min=0 max=2 generated_lens=[2] shorter_legal_exists=True shorter_missed=True
[MULTISELECT] ctx=DISCARD min=2 max=2 generated_lens=[2] shorter_legal_exists=False shorter_missed=False
[MULTISELECT] ctx=TO_HAND min=0 max=2 generated_lens=[2] shorter_legal_exists=True shorter_missed=True
[MULTISELECT] ctx=DISCARD min=2 max=2 generated_lens=[2] shorter_legal_exists=False shorter_missed=False
[MULTISELECT] ctx=DISCARD min=2 max=2 generated_lens=[2] shorter_legal_exists=False shorter_missed=False
[TRUNC] turn=79 ctx=MAIN opts=67 kept=64 dropped_types={ATTACH:2,PLAY:1}
[TRUNC] turn=81 ctx=MAIN opts=72 kept=64 dropped_types={ATTACH:7,PLAY:1}
[MULTISELECT] ctx=DISCARD min=2 max=2 generated_lens=[2] shorter_legal_exists=False shorter_missed=False
[TRUNC] turn=83 ctx=MAIN opts=77 kept=64 dropped_types={ATTACH:12,PLAY:1}
[MULTISELECT] ctx=TO_HAND min=0 max=2 generated_lens=[2] shorter_legal_exists=True shorter_missed=True
[TRUNC] turn=85 ctx=MAIN opts=82 kept=64 dropped_types={ATTACH:17,PLAY:1}
[TRUNC] turn=87 ctx=MAIN opts=87 kept=64 dropped_types={ATTACH:22,PLAY:1}
[TRUNC] turn=89 ctx=MAIN opts=92 kept=64 dropped_types={ATTACH:27,PLAY:1}
[TRUNC] turn=90 ctx=MAIN opts=76 kept=64 dropped_types={ATTACH:12}
[TRUNC] turn=91 ctx=MAIN opts=97 kept=64 dropped_types={ATTACH:32,PLAY:1}
[TRUNC] turn=93 ctx=MAIN opts=102 kept=64 dropped_types={ATTACH:37,PLAY:1}
[TRUNC] turn=95 ctx=MAIN opts=107 kept=64 dropped_types={ATTACH:42,PLAY:1}
[TRUNC] turn=95 ctx=MAIN opts=107 kept=64 dropped_types={ATTACH:42,PLAY:1}
[TRUNC] turn=97 ctx=MAIN opts=112 kept=64 dropped_types={ATTACH:47,PLAY:1}
[TRUNC] turn=97 ctx=MAIN opts=112 kept=64 dropped_types={ATTACH:47,PLAY:1}
[TRUNC] turn=97 ctx=MAIN opts=66 kept=64 dropped_types={ATTACH:2}
[TRUNC] turn=97 ctx=MAIN opts=65 kept=64 dropped_types={ATTACH:1}
[TRUNC] turn=99 ctx=MAIN opts=68 kept=64 dropped_types={ATTACH:2,EVOLVE:2}
[TRUNC] turn=99 ctx=MAIN opts=117 kept=64 dropped_types={ATTACH:52,PLAY:1}
[TRUNC] turn=99 ctx=MAIN opts=117 kept=64 dropped_types={ATTACH:52,PLAY:1}
[TRUNC] turn=99 ctx=MAIN opts=67 kept=64 dropped_types={ATTACH:2,PLAY:1}
[TRUNC] turn=99 ctx=MAIN opts=66 kept=64 dropped_types={ATTACH:1,PLAY:1}
[TRUNC] turn=101 ctx=MAIN opts=71 kept=64 dropped_types={ATTACH:6,PLAY:1}
[TRUNC] turn=101 ctx=MAIN opts=122 kept=64 dropped_types={ATTACH:57,PLAY:1}
[TRUNC] turn=101 ctx=MAIN opts=122 kept=64 dropped_types={ATTACH:57,PLAY:1}
[TRUNC] turn=101 ctx=MAIN opts=68 kept=64 dropped_types={ATTACH:2,PLAY:2}
[TRUNC] turn=102 ctx=MAIN opts=65 kept=64 dropped_types={ATTACH:1}
[TRUNC] turn=101 ctx=MAIN opts=67 kept=64 dropped_types={ATTACH:1,PLAY:2}
[TRUNC] turn=102 ctx=MAIN opts=65 kept=64 dropped_types={ATTACH:1}
[TRUNC] turn=103 ctx=MAIN opts=70 kept=64 dropped_types={ATTACH:4,PLAY:2}
[TRUNC] turn=103 ctx=MAIN opts=127 kept=64 dropped_types={ATTACH:62,PLAY:1}
[TRUNC] turn=103 ctx=MAIN opts=127 kept=64 dropped_types={ATTACH:62,PLAY:1}
[TRUNC] turn=103 ctx=MAIN opts=66 kept=64 dropped_types={PLAY:2}
[TRUNC] turn=104 ctx=MAIN opts=66 kept=64 dropped_types={ATTACH:1,PLAY:1}
[TRUNC] turn=103 ctx=MAIN opts=65 kept=64 dropped_types={PLAY:1}
[TRUNC] turn=104 ctx=MAIN opts=66 kept=64 dropped_types={ATTACH:1,PLAY:1}
[TRUNC] turn=103 ctx=MAIN opts=65 kept=64 dropped_types={PLAY:1}
[TRUNC] turn=104 ctx=MAIN opts=66 kept=64 dropped_types={ATTACH:1,PLAY:1}
[TRUNC] turn=104 ctx=MAIN opts=66 kept=64 dropped_types={ATTACH:1,PLAY:1}
[TRUNC] turn=104 ctx=MAIN opts=66 kept=64 dropped_types={ATTACH:1,PLAY:1}
[TRUNC] turn=104 ctx=MAIN opts=66 kept=64 dropped_types={ATTACH:1,PLAY:1}
[TRUNC] turn=104 ctx=MAIN opts=66 kept=64 dropped_types={ATTACH:1,PLAY:1}
[TRUNC] turn=104 ctx=MAIN opts=66 kept=64 dropped_types={ATTACH:1,PLAY:1}
[TRUNC] turn=104 ctx=MAIN opts=66 kept=64 dropped_types={ATTACH:1,PLAY:1}
[TRUNC] turn=104 ctx=MAIN opts=66 kept=64 dropped_types={ATTACH:1,PLAY:1}
[TRUNC] turn=104 ctx=MAIN opts=67 kept=64 dropped_types={ATTACH:3}
[TRUNC] turn=104 ctx=MAIN opts=67 kept=64 dropped_types={ATTACH:3}
[TRUNC] turn=104 ctx=MAIN opts=67 kept=64 dropped_types={ATTACH:3}
[TRUNC] turn=104 ctx=MAIN opts=66 kept=64 dropped_types={ATTACH:1,PLAY:1}
[TRUNC] turn=104 ctx=MAIN opts=66 kept=64 dropped_types={ATTACH:1,PLAY:1}
[TRUNC] turn=104 ctx=MAIN opts=67 kept=64 dropped_types={ATTACH:3}
[TRUNC] turn=104 ctx=MAIN opts=67 kept=64 dropped_types={ATTACH:3}
[TRUNC] turn=104 ctx=MAIN opts=67 kept=64 dropped_types={ATTACH:3}
=== DIAG_DUMP_BEGIN ===
DIAG_GAMES=1
TRUNC_TOTAL_NODES=992
TRUNC_FIRED=54
TRUNC_FIRE_RATE=5.44%
TRUNC_OPTCOUNT_HIST=1-8:313|9-16:190|17-32:245|33-64:190|65-128:54|129-256:0|257+:0
TRUNC_FIRE_RATE_BY_TURN=1-2:0.00%(0/28)|3-5:0.00%(0/26)|6+:5.76%(54/938)
TRUNC_DROPPED_BY_TYPE=ATTACH:752,EVOLVE:2,PLAY:46
TRUNC_DROPPED_CRITICAL=0
TRUNC_DROPPED_CRITICAL_STATUS=PASS
MULTISELECT_FIXED_LEN=min=0,max=2:nodes=4,shorter_legal=4,shorter_generated=0,shorter_missed=4|min=0,max=3:nodes=4,shorter_legal=4,shorter_generated=0,shorter_missed=4|min=0,max=5:nodes=2,shorter_legal=2,shorter_generated=0,shorter_missed=2|min=2,max=2:nodes=26,shorter_legal=0,shorter_generated=0,shorter_missed=0
MULTISELECT_SHORTER_MISSED=10
MULTISELECT_CTX_HIST=DISCARD:26,SETUP_BENCH_POKEMON:3,TO_HAND:7
GAME_LENGTH_HIST=1-15:0|16-25:0|26-40:0|41-60:0|61+:1
WIN_BY_CAUSE=DECK_OUT:W=1,L=1,D=0
TURN_NODE_DIST=1-2:2.82%(28/992)|3-5:2.62%(26/992)|6+:94.56%(938/992)
SEARCH_MAX_DEPTH=5
SEARCH_MEAN_DEPTH=1.8607
PRIZE_REWARD_REACHED=0.00%(0/168)
STALL_DRAW_PASS_TURNS=86
STALL_SHUFFLE_WITH_RESOURCES=6
MISSED_ATTACH=102
SHAPING_BREAKDOWN=BOARD_DECK_DIFF:0.012974|DAMAGE_PRESSURE:0.000000|DISRUPTION:0.000302|ENERGY_DENIAL:0.000101|ITEM_LOCK_PENALTY:0.000000|KO_BONUS:0.000000|PARALYSIS:0.000000|PRIZE_DIFF:-0.000151|SLEEP:0.000000
=== DIAG_DUMP_END ===
[MULTISELECT] ctx=SETUP_BENCH_POKEMON min=0 max=2 generated_lens=[2] shorter_legal_exists=True shorter_missed=True
[MULTISELECT] ctx=DISCARD min=2 max=2 generated_lens=[2] shorter_legal_exists=False shorter_missed=False
[MULTISELECT] ctx=DISCARD min=2 max=2 generated_lens=[2] shorter_legal_exists=False shorter_missed=False
[MULTISELECT] ctx=DISCARD min=2 max=2 generated_lens=[2] shorter_legal_exists=False shorter_missed=False
[MULTISELECT] ctx=DISCARD min=2 max=2 generated_lens=[2] shorter_legal_exists=False shorter_missed=False
[MULTISELECT] ctx=DISCARD min=2 max=2 generated_lens=[2] shorter_legal_exists=False shorter_missed=False
[MULTISELECT] ctx=DISCARD min=2 max=2 generated_lens=[2] shorter_legal_exists=False shorter_missed=False
[MULTISELECT] ctx=DISCARD min=2 max=2 generated_lens=[2] shorter_legal_exists=False shorter_missed=False
[MULTISELECT] ctx=DISCARD min=2 max=2 generated_lens=[2] shorter_legal_exists=False shorter_missed=False
[MULTISELECT] ctx=DISCARD min=2 max=2 generated_lens=[2] shorter_legal_exists=False shorter_missed=False
[MULTISELECT] ctx=DISCARD min=2 max=2 generated_lens=[2] shorter_legal_exists=False shorter_missed=False
[MULTISELECT] ctx=TO_HAND min=0 max=3 generated_lens=[3] shorter_legal_exists=True shorter_missed=True
[MULTISELECT] ctx=TO_HAND min=0 max=3 generated_lens=[3] shorter_legal_exists=True shorter_missed=True
[MULTISELECT] ctx=TO_HAND min=0 max=3 generated_lens=[3] shorter_legal_exists=True shorter_missed=True
[MULTISELECT] ctx=TO_HAND min=0 max=3 generated_lens=[3] shorter_legal_exists=True shorter_missed=True
[MULTISELECT] ctx=TO_HAND min=0 max=3 generated_lens=[3] shorter_legal_exists=True shorter_missed=True
[MULTISELECT] ctx=DISCARD min=2 max=2 generated_lens=[2] shorter_legal_exists=False shorter_missed=False
[MULTISELECT] ctx=TO_HAND min=0 max=2 generated_lens=[2] shorter_legal_exists=True shorter_missed=True
[MULTISELECT] ctx=TO_HAND min=0 max=3 generated_lens=[3] shorter_legal_exists=True shorter_missed=True
[MULTISELECT] ctx=TO_HAND min=0 max=3 generated_lens=[3] shorter_legal_exists=True shorter_missed=True
[MULTISELECT] ctx=TO_HAND min=0 max=2 generated_lens=[2] shorter_legal_exists=True shorter_missed=True
[MULTISELECT] ctx=TO_HAND min=0 max=2 generated_lens=[2] shorter_legal_exists=True shorter_missed=True
[MULTISELECT] ctx=TO_HAND min=0 max=2 generated_lens=[2] shorter_legal_exists=True shorter_missed=True
[MULTISELECT] ctx=TO_HAND min=0 max=2 generated_lens=[2] shorter_legal_exists=True shorter_missed=True
[MULTISELECT] ctx=TO_HAND min=0 max=2 generated_lens=[2] shorter_legal_exists=True shorter_missed=True
[MULTISELECT] ctx=TO_HAND min=0 max=2 generated_lens=[2] shorter_legal_exists=True shorter_missed=True
[MULTISELECT] ctx=TO_BENCH min=0 max=2 generated_lens=[2] shorter_legal_exists=True shorter_missed=True
[MULTISELECT] ctx=TO_BENCH min=0 max=2 generated_lens=[2] shorter_legal_exists=True shorter_missed=True
[MULTISELECT] ctx=TO_BENCH min=0 max=2 generated_lens=[2] shorter_legal_exists=True shorter_missed=True
[MULTISELECT] ctx=TO_BENCH min=0 max=2 generated_lens=[2] shorter_legal_exists=True shorter_missed=True
[MULTISELECT] ctx=TO_BENCH min=0 max=2 generated_lens=[2] shorter_legal_exists=True shorter_missed=True
[MULTISELECT] ctx=DISCARD min=2 max=2 generated_lens=[2] shorter_legal_exists=False shorter_missed=False
[MULTISELECT] ctx=DISCARD min=2 max=2 generated_lens=[2] shorter_legal_exists=False shorter_missed=False
[MULTISELECT] ctx=DISCARD min=2 max=2 generated_lens=[2] shorter_legal_exists=False shorter_missed=False
[MULTISELECT] ctx=DISCARD min=2 max=2 generated_lens=[2] shorter_legal_exists=False shorter_missed=False
[MULTISELECT] ctx=DISCARD min=2 max=2 generated_lens=[2] shorter_legal_exists=False shorter_missed=False
[MULTISELECT] ctx=DISCARD min=2 max=2 generated_lens=[2] shorter_legal_exists=False shorter_missed=False
[MULTISELECT] ctx=DISCARD min=2 max=2 generated_lens=[2] shorter_legal_exists=False shorter_missed=False
[MULTISELECT] ctx=DISCARD min=2 max=2 generated_lens=[2] shorter_legal_exists=False shorter_missed=False
[MULTISELECT] ctx=DISCARD min=2 max=2 generated_lens=[2] shorter_legal_exists=False shorter_missed=False
[MULTISELECT] ctx=DISCARD min=2 max=2 generated_lens=[2] shorter_legal_exists=False shorter_missed=False
[MULTISELECT] ctx=DISCARD min=2 max=2 generated_lens=[2] shorter_legal_exists=False shorter_missed=False
[MULTISELECT] ctx=DISCARD min=2 max=2 generated_lens=[2] shorter_legal_exists=False shorter_missed=False
[MULTISELECT] ctx=DISCARD min=2 max=2 generated_lens=[2] shorter_legal_exists=False shorter_missed=False
[MULTISELECT] ctx=DISCARD min=2 max=2 generated_lens=[2] shorter_legal_exists=False shorter_missed=False
[MULTISELECT] ctx=DISCARD min=2 max=2 generated_lens=[2] shorter_legal_exists=False shorter_missed=False
[MULTISELECT] ctx=DISCARD min=2 max=2 generated_lens=[2] shorter_legal_exists=False shorter_missed=False
[MULTISELECT] ctx=DISCARD min=2 max=2 generated_lens=[2] shorter_legal_exists=False shorter_missed=False
[MULTISELECT] ctx=DISCARD min=2 max=2 generated_lens=[2] shorter_legal_exists=False shorter_missed=False
[MULTISELECT] ctx=DISCARD min=2 max=2 generated_lens=[2] shorter_legal_exists=False shorter_missed=False
[MULTISELECT] ctx=DISCARD min=2 max=2 generated_lens=[2] shorter_legal_exists=False shorter_missed=False
[MULTISELECT] ctx=DISCARD min=2 max=2 generated_lens=[2] shorter_legal_exists=False shorter_missed=False
[MULTISELECT] ctx=DISCARD min=2 max=2 generated_lens=[2] shorter_legal_exists=False shorter_missed=False
[MULTISELECT] ctx=DISCARD min=2 max=2 generated_lens=[2] shorter_legal_exists=False shorter_missed=False
[MULTISELECT] ctx=DISCARD min=2 max=2 generated_lens=[2] shorter_legal_exists=False shorter_missed=False
[MULTISELECT] ctx=DISCARD min=2 max=2 generated_lens=[2] shorter_legal_exists=False shorter_missed=False
=== DIAG_DUMP_BEGIN ===
DIAG_GAMES=1
TRUNC_TOTAL_NODES=1441
TRUNC_FIRED=0
TRUNC_FIRE_RATE=0.00%
TRUNC_OPTCOUNT_HIST=1-8:956|9-16:210|17-32:136|33-64:139|65-128:0|129-256:0|257+:0
TRUNC_FIRE_RATE_BY_TURN=1-2:0.00%(0/32)|3-5:0.00%(0/16)|6+:0.00%(0/1393)
TRUNC_DROPPED_BY_TYPE=NONE
TRUNC_DROPPED_CRITICAL=0
TRUNC_DROPPED_CRITICAL_STATUS=PASS
MULTISELECT_FIXED_LEN=min=0,max=2:nodes=13,shorter_legal=13,shorter_generated=0,shorter_missed=13|min=0,max=3:nodes=7,shorter_legal=7,shorter_generated=0,shorter_missed=7|min=2,max=2:nodes=36,shorter_legal=0,shorter_generated=0,shorter_missed=0
MULTISELECT_SHORTER_MISSED=20
MULTISELECT_CTX_HIST=DISCARD:36,SETUP_BENCH_POKEMON:1,TO_BENCH:5,TO_HAND:14
GAME_LENGTH_HIST=1-15:0|16-25:0|26-40:0|41-60:1|61+:0
WIN_BY_CAUSE=DECK_OUT:W=1,L=1,D=0
TURN_NODE_DIST=1-2:2.22%(32/1441)|3-5:1.11%(16/1441)|6+:96.67%(1393/1441)
SEARCH_MAX_DEPTH=5
SEARCH_MEAN_DEPTH=1.5144
PRIZE_REWARD_REACHED=0.41%(1/243)
STALL_DRAW_PASS_TURNS=24
STALL_SHUFFLE_WITH_RESOURCES=6
MISSED_ATTACH=26
SHAPING_BREAKDOWN=BOARD_DECK_DIFF:0.011110|DAMAGE_PRESSURE:0.005288|DISRUPTION:0.000042|ENERGY_DENIAL:0.000520|ITEM_LOCK_PENALTY:0.000000|KO_BONUS:0.000139|PARALYSIS:0.000000|PRIZE_DIFF:-0.013428|SLEEP:0.000000
=== DIAG_DUMP_END ===
[MULTISELECT] ctx=DISCARD min=2 max=2 generated_lens=[2] shorter_legal_exists=False shorter_missed=False
[MULTISELECT] ctx=DISCARD min=2 max=2 generated_lens=[2] shorter_legal_exists=False shorter_missed=False
[MULTISELECT] ctx=TO_HAND min=0 max=3 generated_lens=[3] shorter_legal_exists=True shorter_missed=True
[MULTISELECT] ctx=TO_HAND min=0 max=3 generated_lens=[3] shorter_legal_exists=True shorter_missed=True
[MULTISELECT] ctx=TO_HAND min=0 max=3 generated_lens=[3] shorter_legal_exists=True shorter_missed=True
[MULTISELECT] ctx=TO_HAND min=0 max=3 generated_lens=[3] shorter_legal_exists=True shorter_missed=True
[MULTISELECT] ctx=TO_HAND min=0 max=3 generated_lens=[3] shorter_legal_exists=True shorter_missed=True
[MULTISELECT] ctx=TO_HAND min=0 max=3 generated_lens=[3] shorter_legal_exists=True shorter_missed=True
[MULTISELECT] ctx=TO_HAND min=0 max=3 generated_lens=[3] shorter_legal_exists=True shorter_missed=True
[MULTISELECT] ctx=TO_HAND min=0 max=3 generated_lens=[3] shorter_legal_exists=True shorter_missed=True
[MULTISELECT] ctx=DISCARD min=2 max=2 generated_lens=[2] shorter_legal_exists=False shorter_missed=False
[MULTISELECT] ctx=DISCARD min=2 max=2 generated_lens=[2] shorter_legal_exists=False shorter_missed=False
[MULTISELECT] ctx=DISCARD min=2 max=2 generated_lens=[2] shorter_legal_exists=False shorter_missed=False
[TRUNC] turn=26 ctx=MAIN opts=67 kept=64 dropped_types={ATTACH:1,PLAY:1,RETREAT:1}
[TRUNC] turn=26 ctx=MAIN opts=67 kept=64 dropped_types={ATTACH:1,PLAY:1,RETREAT:1}
[TRUNC] turn=26 ctx=MAIN opts=67 kept=64 dropped_types={ATTACH:1,PLAY:1,RETREAT:1}
[TRUNC] turn=26 ctx=MAIN opts=67 kept=64 dropped_types={ATTACH:1,PLAY:1,RETREAT:1}
[TRUNC] turn=28 ctx=MAIN opts=71 kept=64 dropped_types={ATTACH:5,PLAY:1,RETREAT:1}
[TRUNC] turn=30 ctx=MAIN opts=75 kept=64 dropped_types={ATTACH:9,PLAY:1,RETREAT:1}
[MULTISELECT] ctx=DISCARD min=2 max=2 generated_lens=[2] shorter_legal_exists=False shorter_missed=False
[TRUNC] turn=32 ctx=MAIN opts=79 kept=64 dropped_types={ATTACH:13,PLAY:1,RETREAT:1}
[MULTISELECT] ctx=DISCARD min=2 max=2 generated_lens=[2] shorter_legal_exists=False shorter_missed=False
[MULTISELECT] ctx=DISCARD min=2 max=2 generated_lens=[2] shorter_legal_exists=False shorter_missed=False
[MULTISELECT] ctx=DISCARD min=2 max=2 generated_lens=[2] shorter_legal_exists=False shorter_missed=False
[MULTISELECT] ctx=DISCARD min=2 max=2 generated_lens=[2] shorter_legal_exists=False shorter_missed=False
[MULTISELECT] ctx=DISCARD min=2 max=2 generated_lens=[2] shorter_legal_exists=False shorter_missed=False
[MULTISELECT] ctx=DISCARD min=2 max=2 generated_lens=[2] shorter_legal_exists=False shorter_missed=False
[MULTISELECT] ctx=DISCARD min=2 max=2 generated_lens=[2] shorter_legal_exists=False shorter_missed=False
[MULTISELECT] ctx=DISCARD min=2 max=2 generated_lens=[2] shorter_legal_exists=False shorter_missed=False
[MULTISELECT] ctx=DISCARD min=2 max=2 generated_lens=[2] shorter_legal_exists=False shorter_missed=False
[MULTISELECT] ctx=TO_HAND min=0 max=3 generated_lens=[3] shorter_legal_exists=True shorter_missed=True
[MULTISELECT] ctx=TO_HAND min=0 max=2 generated_lens=[2] shorter_legal_exists=True shorter_missed=True
[MULTISELECT] ctx=TO_HAND min=0 max=3 generated_lens=[3] shorter_legal_exists=True shorter_missed=True
[MULTISELECT] ctx=DISCARD min=2 max=2 generated_lens=[2] shorter_legal_exists=False shorter_missed=False
[MULTISELECT] ctx=DISCARD min=2 max=2 generated_lens=[2] shorter_legal_exists=False shorter_missed=False
[MULTISELECT] ctx=TO_HAND min=0 max=2 generated_lens=[2] shorter_legal_exists=True shorter_missed=True
[MULTISELECT] ctx=TO_HAND min=0 max=2 generated_lens=[2] shorter_legal_exists=True shorter_missed=True
[MULTISELECT] ctx=TO_HAND min=0 max=2 generated_lens=[2] shorter_legal_exists=True shorter_missed=True
[MULTISELECT] ctx=TO_HAND min=0 max=2 generated_lens=[2] shorter_legal_exists=True shorter_missed=True
[MULTISELECT] ctx=TO_HAND min=0 max=2 generated_lens=[2] shorter_legal_exists=True shorter_missed=True
[MULTISELECT] ctx=TO_HAND min=0 max=2 generated_lens=[2] shorter_legal_exists=True shorter_missed=True
[TRUNC] turn=66 ctx=MAIN opts=67 kept=64 dropped_types={ATTACH:2,PLAY:1}
[TRUNC] turn=68 ctx=MAIN opts=72 kept=64 dropped_types={ATTACH:7,PLAY:1}
[MULTISELECT] ctx=TO_HAND min=0 max=2 generated_lens=[2] shorter_legal_exists=True shorter_missed=True
[MULTISELECT] ctx=TO_HAND min=0 max=2 generated_lens=[2] shorter_legal_exists=True shorter_missed=True
[TRUNC] turn=70 ctx=MAIN opts=77 kept=64 dropped_types={ATTACH:12,PLAY:1}
[TRUNC] turn=72 ctx=MAIN opts=82 kept=64 dropped_types={ATTACH:17,PLAY:1}
[TRUNC] turn=74 ctx=MAIN opts=87 kept=64 dropped_types={ATTACH:22,PLAY:1}
[TRUNC] turn=76 ctx=MAIN opts=92 kept=64 dropped_types={ATTACH:27,PLAY:1}
[TRUNC] turn=78 ctx=MAIN opts=97 kept=64 dropped_types={ATTACH:32,PLAY:1}
[TRUNC] turn=80 ctx=MAIN opts=102 kept=64 dropped_types={ATTACH:37,PLAY:1}
[TRUNC] turn=82 ctx=MAIN opts=107 kept=64 dropped_types={ATTACH:42,PLAY:1}
[TRUNC] turn=84 ctx=MAIN opts=112 kept=64 dropped_types={ATTACH:47,PLAY:1}
[TRUNC] turn=86 ctx=MAIN opts=117 kept=64 dropped_types={ATTACH:52,PLAY:1}
[TRUNC] turn=89 ctx=MAIN opts=67 kept=64 dropped_types={ATTACH:3}
[MULTISELECT] ctx=DISCARD min=2 max=2 generated_lens=[2] shorter_legal_exists=False shorter_missed=False
[TRUNC] turn=98 ctx=MAIN opts=67 kept=64 dropped_types={ATTACH:2,PLAY:1}
[TRUNC] turn=100 ctx=MAIN opts=72 kept=64 dropped_types={ATTACH:7,PLAY:1}
[TRUNC] turn=102 ctx=MAIN opts=77 kept=64 dropped_types={ATTACH:12,PLAY:1}
[TRUNC] turn=104 ctx=MAIN opts=82 kept=64 dropped_types={ATTACH:17,PLAY:1}
[TRUNC] turn=106 ctx=MAIN opts=87 kept=64 dropped_types={ATTACH:22,PLAY:1}
[TRUNC] turn=107 ctx=MAIN opts=65 kept=64 dropped_types={ATTACH:1}
[TRUNC] turn=107 ctx=MAIN opts=65 kept=64 dropped_types={ATTACH:1}
[TRUNC] turn=108 ctx=MAIN opts=92 kept=64 dropped_types={ATTACH:27,PLAY:1}
[TRUNC] turn=109 ctx=MAIN opts=66 kept=64 dropped_types={ATTACH:1,PLAY:1}
[TRUNC] turn=109 ctx=MAIN opts=66 kept=64 dropped_types={ATTACH:1,PLAY:1}
[TRUNC] turn=110 ctx=MAIN opts=97 kept=64 dropped_types={ATTACH:32,PLAY:1}
[TRUNC] turn=111 ctx=MAIN opts=68 kept=64 dropped_types={ATTACH:3,PLAY:1}
[TRUNC] turn=111 ctx=MAIN opts=68 kept=64 dropped_types={ATTACH:3,PLAY:1}
[TRUNC] turn=112 ctx=MAIN opts=102 kept=64 dropped_types={ATTACH:37,PLAY:1}
[TRUNC] turn=113 ctx=MAIN opts=70 kept=64 dropped_types={ATTACH:5,PLAY:1}
[TRUNC] turn=113 ctx=MAIN opts=70 kept=64 dropped_types={ATTACH:5,PLAY:1}
[TRUNC] turn=114 ctx=MAIN opts=107 kept=64 dropped_types={ATTACH:42,PLAY:1}
[TRUNC] turn=115 ctx=MAIN opts=72 kept=64 dropped_types={ATTACH:7,PLAY:1}
[TRUNC] turn=115 ctx=MAIN opts=72 kept=64 dropped_types={ATTACH:7,PLAY:1}
[TRUNC] turn=115 ctx=MAIN opts=71 kept=64 dropped_types={ATTACH:7}
[TRUNC] turn=115 ctx=MAIN opts=71 kept=64 dropped_types={ATTACH:7}
[TRUNC] turn=115 ctx=MAIN opts=72 kept=64 dropped_types={ATTACH:7,PLAY:1}
[TRUNC] turn=115 ctx=MAIN opts=72 kept=64 dropped_types={ATTACH:7,PLAY:1}
[TRUNC] turn=115 ctx=MAIN opts=72 kept=64 dropped_types={ATTACH:7,PLAY:1}
[TRUNC] turn=115 ctx=MAIN opts=72 kept=64 dropped_types={ATTACH:7,PLAY:1}
[TRUNC] turn=115 ctx=MAIN opts=72 kept=64 dropped_types={ATTACH:7,PLAY:1}
[TRUNC] turn=115 ctx=MAIN opts=72 kept=64 dropped_types={ATTACH:7,PLAY:1}
[TRUNC] turn=115 ctx=MAIN opts=72 kept=64 dropped_types={ATTACH:7,PLAY:1}
[TRUNC] turn=115 ctx=MAIN opts=72 kept=64 dropped_types={ATTACH:7,PLAY:1}
[TRUNC] turn=115 ctx=MAIN opts=73 kept=64 dropped_types={ATTACH:9}
[TRUNC] turn=115 ctx=MAIN opts=73 kept=64 dropped_types={ATTACH:9}
[TRUNC] turn=115 ctx=MAIN opts=73 kept=64 dropped_types={ATTACH:9}
[TRUNC] turn=115 ctx=MAIN opts=73 kept=64 dropped_types={ATTACH:9}
[TRUNC] turn=115 ctx=MAIN opts=73 kept=64 dropped_types={ATTACH:9}
[TRUNC] turn=115 ctx=MAIN opts=72 kept=64 dropped_types={ATTACH:7,PLAY:1}
[TRUNC] turn=115 ctx=MAIN opts=72 kept=64 dropped_types={ATTACH:7,PLAY:1}
[TRUNC] turn=115 ctx=MAIN opts=72 kept=64 dropped_types={ATTACH:7,PLAY:1}
[TRUNC] turn=115 ctx=MAIN opts=72 kept=64 dropped_types={ATTACH:7,PLAY:1}
[TRUNC] turn=115 ctx=MAIN opts=72 kept=64 dropped_types={ATTACH:7,PLAY:1}
[TRUNC] turn=115 ctx=MAIN opts=72 kept=64 dropped_types={ATTACH:7,PLAY:1}
[TRUNC] turn=115 ctx=MAIN opts=73 kept=64 dropped_types={ATTACH:9}
[TRUNC] turn=115 ctx=MAIN opts=73 kept=64 dropped_types={ATTACH:9}
[TRUNC] turn=115 ctx=MAIN opts=72 kept=64 dropped_types={ATTACH:7,PLAY:1}
[TRUNC] turn=115 ctx=MAIN opts=72 kept=64 dropped_types={ATTACH:7,PLAY:1}
[TRUNC] turn=115 ctx=MAIN opts=72 kept=64 dropped_types={ATTACH:7,PLAY:1}
[TRUNC] turn=115 ctx=MAIN opts=72 kept=64 dropped_types={ATTACH:7,PLAY:1}
[TRUNC] turn=115 ctx=MAIN opts=72 kept=64 dropped_types={ATTACH:7,PLAY:1}
[TRUNC] turn=115 ctx=MAIN opts=72 kept=64 dropped_types={ATTACH:7,PLAY:1}
[TRUNC] turn=115 ctx=MAIN opts=72 kept=64 dropped_types={ATTACH:7,PLAY:1}
[TRUNC] turn=115 ctx=MAIN opts=72 kept=64 dropped_types={ATTACH:7,PLAY:1}
[TRUNC] turn=115 ctx=MAIN opts=71 kept=64 dropped_types={ATTACH:7}
[TRUNC] turn=115 ctx=MAIN opts=71 kept=64 dropped_types={ATTACH:7}
[TRUNC] turn=115 ctx=MAIN opts=72 kept=64 dropped_types={ATTACH:7,PLAY:1}
=== DIAG_DUMP_BEGIN ===
DIAG_GAMES=1
TRUNC_TOTAL_NODES=1160
TRUNC_FIRED=72
TRUNC_FIRE_RATE=6.21%
TRUNC_OPTCOUNT_HIST=1-8:427|9-16:136|17-32:314|33-64:211|65-128:72|129-256:0|257+:0
TRUNC_FIRE_RATE_BY_TURN=1-2:0.00%(0/35)|3-5:0.00%(0/25)|6+:6.55%(72/1100)
TRUNC_DROPPED_BY_TYPE=ATTACH:815,PLAY:58,RETREAT:7
TRUNC_DROPPED_CRITICAL=0
TRUNC_DROPPED_CRITICAL_STATUS=PASS
MULTISELECT_FIXED_LEN=min=0,max=2:nodes=9,shorter_legal=9,shorter_generated=0,shorter_missed=9|min=0,max=3:nodes=10,shorter_legal=10,shorter_generated=0,shorter_missed=10|min=2,max=2:nodes=18,shorter_legal=0,shorter_generated=0,shorter_missed=0
MULTISELECT_SHORTER_MISSED=19
MULTISELECT_CTX_HIST=DISCARD:18,TO_HAND:19
GAME_LENGTH_HIST=1-15:0|16-25:0|26-40:0|41-60:0|61+:1
WIN_BY_CAUSE=DECK_OUT:W=1,L=1,D=0
TURN_NODE_DIST=1-2:3.02%(35/1160)|3-5:2.16%(25/1160)|6+:94.83%(1100/1160)
SEARCH_MAX_DEPTH=5
SEARCH_MEAN_DEPTH=1.7673
PRIZE_REWARD_REACHED=0.00%(0/196)
STALL_DRAW_PASS_TURNS=96
STALL_SHUFFLE_WITH_RESOURCES=6
MISSED_ATTACH=113
SHAPING_BREAKDOWN=BOARD_DECK_DIFF:0.013810|DAMAGE_PRESSURE:0.000000|DISRUPTION:0.000052|ENERGY_DENIAL:0.000086|ITEM_LOCK_PENALTY:0.000000|KO_BONUS:0.000000|PARALYSIS:0.000000|PRIZE_DIFF:0.000000|SLEEP:0.000000
=== DIAG_DUMP_END ===
[MULTISELECT] ctx=SETUP_BENCH_POKEMON min=0 max=2 generated_lens=[2] shorter_legal_exists=True shorter_missed=True
[MULTISELECT] ctx=TO_HAND min=0 max=3 generated_lens=[3] shorter_legal_exists=True shorter_missed=True
[MULTISELECT] ctx=TO_HAND min=0 max=3 generated_lens=[3] shorter_legal_exists=True shorter_missed=True
[MULTISELECT] ctx=DISCARD min=2 max=2 generated_lens=[2] shorter_legal_exists=False shorter_missed=False
[MULTISELECT] ctx=TO_HAND min=0 max=3 generated_lens=[3] shorter_legal_exists=True shorter_missed=True
[MULTISELECT] ctx=DISCARD min=2 max=2 generated_lens=[2] shorter_legal_exists=False shorter_missed=False
[MULTISELECT] ctx=DISCARD min=2 max=2 generated_lens=[2] shorter_legal_exists=False shorter_missed=False
[MULTISELECT] ctx=TO_HAND min=0 max=2 generated_lens=[2] shorter_legal_exists=True shorter_missed=True
[MULTISELECT] ctx=DISCARD min=2 max=2 generated_lens=[2] shorter_legal_exists=False shorter_missed=False
[MULTISELECT] ctx=TO_HAND min=0 max=2 generated_lens=[2] shorter_legal_exists=True shorter_missed=True
[MULTISELECT] ctx=DISCARD min=2 max=2 generated_lens=[2] shorter_legal_exists=False shorter_missed=False
[MULTISELECT] ctx=DISCARD min=2 max=2 generated_lens=[2] shorter_legal_exists=False shorter_missed=False
[MULTISELECT] ctx=DISCARD min=2 max=2 generated_lens=[2] shorter_legal_exists=False shorter_missed=False
[MULTISELECT] ctx=DISCARD min=2 max=2 generated_lens=[2] shorter_legal_exists=False shorter_missed=False
[MULTISELECT] ctx=DISCARD min=2 max=2 generated_lens=[2] shorter_legal_exists=False shorter_missed=False
[MULTISELECT] ctx=DISCARD min=2 max=2 generated_lens=[2] shorter_legal_exists=False shorter_missed=False
[MULTISELECT] ctx=DISCARD min=2 max=2 generated_lens=[2] shorter_legal_exists=False shorter_missed=False
[MULTISELECT] ctx=DISCARD min=2 max=2 generated_lens=[2] shorter_legal_exists=False shorter_missed=False
[MULTISELECT] ctx=DISCARD min=2 max=2 generated_lens=[2] shorter_legal_exists=False shorter_missed=False
[MULTISELECT] ctx=DISCARD min=2 max=2 generated_lens=[2] shorter_legal_exists=False shorter_missed=False
[MULTISELECT] ctx=DISCARD min=2 max=2 generated_lens=[2] shorter_legal_exists=False shorter_missed=False
[MULTISELECT] ctx=DISCARD min=2 max=2 generated_lens=[2] shorter_legal_exists=False shorter_missed=False
[MULTISELECT] ctx=TO_DECK min=2 max=2 generated_lens=[2] shorter_legal_exists=False shorter_missed=False
[MULTISELECT] ctx=DISCARD min=2 max=2 generated_lens=[2] shorter_legal_exists=False shorter_missed=False
[MULTISELECT] ctx=TO_DECK min=2 max=2 generated_lens=[2] shorter_legal_exists=False shorter_missed=False
[MULTISELECT] ctx=DISCARD min=2 max=2 generated_lens=[2] shorter_legal_exists=False shorter_missed=False
[MULTISELECT] ctx=TO_DECK min=2 max=2 generated_lens=[2] shorter_legal_exists=False shorter_missed=False
[MULTISELECT] ctx=TO_DECK min=2 max=2 generated_lens=[2] shorter_legal_exists=False shorter_missed=False
[MULTISELECT] ctx=DISCARD min=2 max=2 generated_lens=[2] shorter_legal_exists=False shorter_missed=False
[MULTISELECT] ctx=DISCARD min=2 max=2 generated_lens=[2] shorter_legal_exists=False shorter_missed=False
[MULTISELECT] ctx=TO_HAND min=0 max=3 generated_lens=[3] shorter_legal_exists=True shorter_missed=True
[MULTISELECT] ctx=TO_HAND min=0 max=3 generated_lens=[3] shorter_legal_exists=True shorter_missed=True
[MULTISELECT] ctx=TO_HAND min=0 max=3 generated_lens=[3] shorter_legal_exists=True shorter_missed=True
[MULTISELECT] ctx=DISCARD min=2 max=2 generated_lens=[2] shorter_legal_exists=False shorter_missed=False
[MULTISELECT] ctx=TO_HAND min=0 max=3 generated_lens=[3] shorter_legal_exists=True shorter_missed=True
[MULTISELECT] ctx=TO_HAND min=0 max=3 generated_lens=[3] shorter_legal_exists=True shorter_missed=True
[TRUNC] turn=41 ctx=MAIN opts=77 kept=64 dropped_types={ATTACH:12,RETREAT:1}
[MULTISELECT] ctx=DISCARD min=2 max=2 generated_lens=[2] shorter_legal_exists=False shorter_missed=False
[MULTISELECT] ctx=TO_DECK min=2 max=2 generated_lens=[2] shorter_legal_exists=False shorter_missed=False
[MULTISELECT] ctx=TO_DECK min=2 max=2 generated_lens=[2] shorter_legal_exists=False shorter_missed=False
[MULTISELECT] ctx=DISCARD min=2 max=2 generated_lens=[2] shorter_legal_exists=False shorter_missed=False
[MULTISELECT] ctx=DISCARD min=2 max=2 generated_lens=[2] shorter_legal_exists=False shorter_missed=False
[MULTISELECT] ctx=TO_HAND min=0 max=2 generated_lens=[2] shorter_legal_exists=True shorter_missed=True
[MULTISELECT] ctx=TO_HAND min=0 max=2 generated_lens=[2] shorter_legal_exists=True shorter_missed=True
[TRUNC] turn=56 ctx=MAIN opts=67 kept=64 dropped_types={ATTACH:3}
[TRUNC] turn=59 ctx=MAIN opts=65 kept=64 dropped_types={PLAY:1}
[MULTISELECT] ctx=DISCARD min=2 max=2 generated_lens=[2] shorter_legal_exists=False shorter_missed=False
[TRUNC] turn=59 ctx=MAIN opts=65 kept=64 dropped_types={ATTACH:1}
[TRUNC] turn=61 ctx=MAIN opts=66 kept=64 dropped_types={ATTACH:1,PLAY:1}
[TRUNC] turn=61 ctx=MAIN opts=66 kept=64 dropped_types={ATTACH:1,PLAY:1}
[TRUNC] turn=61 ctx=MAIN opts=66 kept=64 dropped_types={ATTACH:1,PLAY:1}
[TRUNC] turn=63 ctx=MAIN opts=67 kept=64 dropped_types={ATTACH:1,PLAY:2}
[TRUNC] turn=63 ctx=MAIN opts=68 kept=64 dropped_types={ATTACH:3,PLAY:1}
[TRUNC] turn=65 ctx=MAIN opts=69 kept=64 dropped_types={ATTACH:3,PLAY:2}
[TRUNC] turn=64 ctx=MAIN opts=67 kept=64 dropped_types={ATTACH:3}
[TRUNC] turn=65 ctx=MAIN opts=70 kept=64 dropped_types={ATTACH:5,PLAY:1}
[MULTISELECT] ctx=DISCARD min=2 max=2 generated_lens=[2] shorter_legal_exists=False shorter_missed=False
[MULTISELECT] ctx=DISCARD min=2 max=2 generated_lens=[2] shorter_legal_exists=False shorter_missed=False
[TRUNC] turn=65 ctx=MAIN opts=70 kept=64 dropped_types={ATTACH:5,PLAY:1}
[TRUNC] turn=65 ctx=MAIN opts=71 kept=64 dropped_types={ATTACH:7}
[TRUNC] turn=67 ctx=MAIN opts=73 kept=64 dropped_types={ATTACH:9}
[TRUNC] turn=67 ctx=MAIN opts=72 kept=64 dropped_types={ATTACH:7,PLAY:1}
[TRUNC] turn=67 ctx=MAIN opts=72 kept=64 dropped_types={ATTACH:7,PLAY:1}
[TRUNC] turn=67 ctx=MAIN opts=72 kept=64 dropped_types={ATTACH:7,PLAY:1}
[TRUNC] turn=67 ctx=MAIN opts=72 kept=64 dropped_types={ATTACH:7,PLAY:1}
[TRUNC] turn=67 ctx=MAIN opts=72 kept=64 dropped_types={ATTACH:7,PLAY:1}
[TRUNC] turn=67 ctx=MAIN opts=72 kept=64 dropped_types={ATTACH:7,PLAY:1}
[TRUNC] turn=67 ctx=MAIN opts=72 kept=64 dropped_types={ATTACH:7,PLAY:1}
[TRUNC] turn=67 ctx=MAIN opts=72 kept=64 dropped_types={ATTACH:7,PLAY:1}
[TRUNC] turn=67 ctx=MAIN opts=72 kept=64 dropped_types={ATTACH:7,PLAY:1}
[TRUNC] turn=67 ctx=MAIN opts=72 kept=64 dropped_types={ATTACH:7,PLAY:1}
[TRUNC] turn=67 ctx=MAIN opts=73 kept=64 dropped_types={ATTACH:9}
[TRUNC] turn=67 ctx=MAIN opts=73 kept=64 dropped_types={ATTACH:9}
[TRUNC] turn=67 ctx=MAIN opts=73 kept=64 dropped_types={ATTACH:9}
[TRUNC] turn=67 ctx=MAIN opts=73 kept=64 dropped_types={ATTACH:9}
[TRUNC] turn=67 ctx=MAIN opts=73 kept=64 dropped_types={ATTACH:9}
[TRUNC] turn=67 ctx=MAIN opts=73 kept=64 dropped_types={ATTACH:9}
[TRUNC] turn=67 ctx=MAIN opts=73 kept=64 dropped_types={ATTACH:9}
[TRUNC] turn=67 ctx=MAIN opts=73 kept=64 dropped_types={ATTACH:9}
[TRUNC] turn=67 ctx=MAIN opts=71 kept=64 dropped_types={ATTACH:7}
[TRUNC] turn=67 ctx=MAIN opts=71 kept=64 dropped_types={ATTACH:7}
[TRUNC] turn=67 ctx=MAIN opts=71 kept=64 dropped_types={ATTACH:7}
[TRUNC] turn=67 ctx=MAIN opts=72 kept=64 dropped_types={ATTACH:7,PLAY:1}
[TRUNC] turn=67 ctx=MAIN opts=72 kept=64 dropped_types={ATTACH:7,PLAY:1}
[TRUNC] turn=69 ctx=MAIN opts=73 kept=64 dropped_types={ATTACH:9}
[TRUNC] turn=69 ctx=MAIN opts=73 kept=64 dropped_types={ATTACH:9}
[TRUNC] turn=69 ctx=MAIN opts=72 kept=64 dropped_types={ATTACH:7,PLAY:1}
[TRUNC] turn=69 ctx=MAIN opts=72 kept=64 dropped_types={ATTACH:7,PLAY:1}
[TRUNC] turn=69 ctx=MAIN opts=72 kept=64 dropped_types={ATTACH:7,PLAY:1}
[TRUNC] turn=69 ctx=MAIN opts=72 kept=64 dropped_types={ATTACH:7,PLAY:1}
[TRUNC] turn=69 ctx=MAIN opts=71 kept=64 dropped_types={ATTACH:7}
[TRUNC] turn=69 ctx=MAIN opts=71 kept=64 dropped_types={ATTACH:7}
[TRUNC] turn=69 ctx=MAIN opts=72 kept=64 dropped_types={ATTACH:7,PLAY:1}
[TRUNC] turn=69 ctx=MAIN opts=73 kept=64 dropped_types={ATTACH:9}
[TRUNC] turn=71 ctx=MAIN opts=74 kept=64 dropped_types={ATTACH:9,PLAY:1}
[TRUNC] turn=69 ctx=MAIN opts=72 kept=64 dropped_types={ATTACH:7,PLAY:1}
[TRUNC] turn=71 ctx=MAIN opts=74 kept=64 dropped_types={ATTACH:9,PLAY:1}
[TRUNC] turn=71 ctx=MAIN opts=72 kept=64 dropped_types={ATTACH:7,PLAY:1}
[TRUNC] turn=71 ctx=MAIN opts=72 kept=64 dropped_types={ATTACH:7,PLAY:1}
[TRUNC] turn=73 ctx=MAIN opts=73 kept=64 dropped_types={ATTACH:7,PLAY:2}
[TRUNC] turn=71 ctx=MAIN opts=72 kept=64 dropped_types={ATTACH:7,PLAY:1}
[TRUNC] turn=73 ctx=MAIN opts=73 kept=64 dropped_types={ATTACH:7,PLAY:2}
[TRUNC] turn=73 ctx=MAIN opts=75 kept=64 dropped_types={ATTACH:11}
=== DIAG_DUMP_BEGIN ===
DIAG_GAMES=1
TRUNC_TOTAL_NODES=1084
TRUNC_FIRED=57
TRUNC_FIRE_RATE=5.26%
TRUNC_OPTCOUNT_HIST=1-8:529|9-16:157|17-32:113|33-64:228|65-128:57|129-256:0|257+:0
TRUNC_FIRE_RATE_BY_TURN=1-2:0.00%(0/53)|3-5:0.00%(0/30)|6+:5.69%(57/1001)
TRUNC_DROPPED_BY_TYPE=ATTACH:379,PLAY:38,RETREAT:1
TRUNC_DROPPED_CRITICAL=0
TRUNC_DROPPED_CRITICAL_STATUS=PASS
MULTISELECT_FIXED_LEN=min=0,max=2:nodes=5,shorter_legal=5,shorter_generated=0,shorter_missed=5|min=0,max=3:nodes=8,shorter_legal=8,shorter_generated=0,shorter_missed=8|min=2,max=2:nodes=33,shorter_legal=0,shorter_generated=0,shorter_missed=0
MULTISELECT_SHORTER_MISSED=13
MULTISELECT_CTX_HIST=DISCARD:27,SETUP_BENCH_POKEMON:1,TO_DECK:6,TO_HAND:12
GAME_LENGTH_HIST=1-15:0|16-25:0|26-40:0|41-60:0|61+:1
WIN_BY_CAUSE=DECK_OUT:W=1,L=1,D=0
TURN_NODE_DIST=1-2:4.89%(53/1084)|3-5:2.77%(30/1084)|6+:92.34%(1001/1084)
SEARCH_MAX_DEPTH=5
SEARCH_MEAN_DEPTH=1.9235
PRIZE_REWARD_REACHED=0.00%(0/183)
STALL_DRAW_PASS_TURNS=45
STALL_SHUFFLE_WITH_RESOURCES=3
MISSED_ATTACH=49
SHAPING_BREAKDOWN=BOARD_DECK_DIFF:0.014068|DAMAGE_PRESSURE:0.000747|DISRUPTION:0.000111|ENERGY_DENIAL:0.000092|ITEM_LOCK_PENALTY:0.000000|KO_BONUS:0.000000|PARALYSIS:0.000000|PRIZE_DIFF:-0.000138|SLEEP:0.000000
=== DIAG_DUMP_END ===
[MULTISELECT] ctx=SETUP_BENCH_POKEMON min=0 max=3 generated_lens=[3] shorter_legal_exists=True shorter_missed=True
[MULTISELECT] ctx=SETUP_BENCH_POKEMON min=0 max=2 generated_lens=[2] shorter_legal_exists=True shorter_missed=True
[MULTISELECT] ctx=SETUP_BENCH_POKEMON min=0 max=4 generated_lens=[4] shorter_legal_exists=True shorter_missed=True
[MULTISELECT] ctx=SETUP_BENCH_POKEMON min=0 max=3 generated_lens=[3] shorter_legal_exists=True shorter_missed=True
[MULTISELECT] ctx=SETUP_BENCH_POKEMON min=0 max=2 generated_lens=[2] shorter_legal_exists=True shorter_missed=True
[MULTISELECT] ctx=TO_DECK min=2 max=2 generated_lens=[2] shorter_legal_exists=False shorter_missed=False
[MULTISELECT] ctx=TO_DECK min=2 max=2 generated_lens=[2] shorter_legal_exists=False shorter_missed=False
[TRUNC] turn=27 ctx=MAIN opts=67 kept=64 dropped_types={ATTACH:1,PLAY:1,RETREAT:1}
[TRUNC] turn=29 ctx=MAIN opts=71 kept=64 dropped_types={ATTACH:5,PLAY:1,RETREAT:1}
[TRUNC] turn=31 ctx=MAIN opts=72 kept=64 dropped_types={ATTACH:5,PLAY:2,RETREAT:1}
[TRUNC] turn=31 ctx=MAIN opts=75 kept=64 dropped_types={ATTACH:9,PLAY:1,RETREAT:1}
[TRUNC] turn=33 ctx=MAIN opts=79 kept=64 dropped_types={ATTACH:13,PLAY:1,RETREAT:1}
[MULTISELECT] ctx=DISCARD min=2 max=2 generated_lens=[2] shorter_legal_exists=False shorter_missed=False
[TRUNC] turn=35 ctx=MAIN opts=83 kept=64 dropped_types={ATTACH:17,PLAY:1,RETREAT:1}
[MULTISELECT] ctx=DISCARD min=2 max=2 generated_lens=[2] shorter_legal_exists=False shorter_missed=False
[TRUNC] turn=37 ctx=MAIN opts=87 kept=64 dropped_types={ATTACH:21,PLAY:1,RETREAT:1}
[MULTISELECT] ctx=DISCARD min=2 max=2 generated_lens=[2] shorter_legal_exists=False shorter_missed=False
[TRUNC] turn=39 ctx=MAIN opts=94 kept=64 dropped_types={ATTACH:29,RETREAT:1}
[MULTISELECT] ctx=DISCARD min=2 max=2 generated_lens=[2] shorter_legal_exists=False shorter_missed=False
[TRUNC] turn=40 ctx=MAIN opts=65 kept=64 dropped_types={PLAY:1}
[TRUNC] turn=41 ctx=MAIN opts=95 kept=64 dropped_types={ATTACH:29,PLAY:1,RETREAT:1}
[MULTISELECT] ctx=DISCARD min=2 max=2 generated_lens=[2] shorter_legal_exists=False shorter_missed=False
[TRUNC] turn=41 ctx=MAIN opts=95 kept=64 dropped_types={ATTACH:29,PLAY:1,RETREAT:1}
[MULTISELECT] ctx=DISCARD min=2 max=2 generated_lens=[2] shorter_legal_exists=False shorter_missed=False
[MULTISELECT] ctx=TO_DECK min=2 max=2 generated_lens=[2] shorter_legal_exists=False shorter_missed=False
[TRUNC] turn=42 ctx=MAIN opts=86 kept=64 dropped_types={ATTACH:21,PLAY:1}
[TRUNC] turn=42 ctx=MAIN opts=86 kept=64 dropped_types={ATTACH:21,PLAY:1}
[MULTISELECT] ctx=TO_DECK min=2 max=2 generated_lens=[2] shorter_legal_exists=False shorter_missed=False
[TRUNC] turn=42 ctx=MAIN opts=86 kept=64 dropped_types={ATTACH:21,PLAY:1}
[TRUNC] turn=42 ctx=MAIN opts=86 kept=64 dropped_types={ATTACH:21,PLAY:1}
[TRUNC] turn=43 ctx=MAIN opts=95 kept=64 dropped_types={ATTACH:29,PLAY:1,RETREAT:1}
[TRUNC] turn=44 ctx=MAIN opts=90 kept=64 dropped_types={ATTACH:25,PLAY:1}
[TRUNC] turn=45 ctx=MAIN opts=99 kept=64 dropped_types={ATTACH:33,PLAY:1,RETREAT:1}
[TRUNC] turn=46 ctx=MAIN opts=94 kept=64 dropped_types={ATTACH:29,PLAY:1}
[TRUNC] turn=47 ctx=MAIN opts=103 kept=64 dropped_types={ATTACH:37,PLAY:1,RETREAT:1}
[MULTISELECT] ctx=DISCARD min=2 max=2 generated_lens=[2] shorter_legal_exists=False shorter_missed=False
[TRUNC] turn=48 ctx=MAIN opts=98 kept=64 dropped_types={ATTACH:33,PLAY:1}
[TRUNC] turn=49 ctx=MAIN opts=107 kept=64 dropped_types={ATTACH:41,PLAY:1,RETREAT:1}
[TRUNC] turn=49 ctx=MAIN opts=107 kept=64 dropped_types={ATTACH:41,PLAY:1,RETREAT:1}
[TRUNC] turn=49 ctx=MAIN opts=107 kept=64 dropped_types={ATTACH:41,PLAY:1,RETREAT:1}
[TRUNC] turn=49 ctx=MAIN opts=107 kept=64 dropped_types={ATTACH:41,PLAY:1,RETREAT:1}
[MULTISELECT] ctx=DISCARD min=2 max=2 generated_lens=[2] shorter_legal_exists=False shorter_missed=False
[MULTISELECT] ctx=DISCARD min=2 max=2 generated_lens=[2] shorter_legal_exists=False shorter_missed=False
[TRUNC] turn=49 ctx=MAIN opts=107 kept=64 dropped_types={ATTACH:41,PLAY:1,RETREAT:1}
[TRUNC] turn=49 ctx=MAIN opts=107 kept=64 dropped_types={ATTACH:41,PLAY:1,RETREAT:1}
[MULTISELECT] ctx=DISCARD min=2 max=2 generated_lens=[2] shorter_legal_exists=False shorter_missed=False
[MULTISELECT] ctx=DISCARD min=2 max=2 generated_lens=[2] shorter_legal_exists=False shorter_missed=False
[TRUNC] turn=50 ctx=MAIN opts=66 kept=64 dropped_types={PLAY:2}
[TRUNC] turn=48 ctx=MAIN opts=70 kept=64 dropped_types={ABILITY:1,EVOLVE:2,PLAY:3}
[TRUNC] turn=50 ctx=MAIN opts=117 kept=64 dropped_types={ATTACH:52,PLAY:1}
[TRUNC] turn=50 ctx=MAIN opts=117 kept=64 dropped_types={ATTACH:52,PLAY:1}
[TRUNC] turn=50 ctx=MAIN opts=117 kept=64 dropped_types={ATTACH:52,PLAY:1}
[TRUNC] turn=50 ctx=MAIN opts=117 kept=64 dropped_types={ATTACH:52,PLAY:1}
[TRUNC] turn=50 ctx=MAIN opts=117 kept=64 dropped_types={ATTACH:52,PLAY:1}
[TRUNC] turn=50 ctx=MAIN opts=117 kept=64 dropped_types={ATTACH:52,PLAY:1}
[TRUNC] turn=50 ctx=MAIN opts=117 kept=64 dropped_types={ATTACH:52,PLAY:1}
[TRUNC] turn=50 ctx=MAIN opts=117 kept=64 dropped_types={ATTACH:52,PLAY:1}
[TRUNC] turn=50 ctx=MAIN opts=66 kept=64 dropped_types={PLAY:2}
[TRUNC] turn=51 ctx=MAIN opts=107 kept=64 dropped_types={ATTACH:41,PLAY:1,RETREAT:1}
[TRUNC] turn=52 ctx=MAIN opts=71 kept=64 dropped_types={ATTACH:5,PLAY:2}
[MULTISELECT] ctx=DISCARD min=2 max=2 generated_lens=[2] shorter_legal_exists=False shorter_missed=False
[TRUNC] turn=52 ctx=MAIN opts=122 kept=64 dropped_types={ATTACH:57,PLAY:1}
[TRUNC] turn=52 ctx=MAIN opts=122 kept=64 dropped_types={ATTACH:57,PLAY:1}
[MULTISELECT] ctx=TO_HAND min=0 max=3 generated_lens=[3] shorter_legal_exists=True shorter_missed=True
[TRUNC] turn=52 ctx=MAIN opts=122 kept=64 dropped_types={ATTACH:57,PLAY:1}
[TRUNC] turn=52 ctx=MAIN opts=122 kept=64 dropped_types={ATTACH:57,PLAY:1}
[TRUNC] turn=52 ctx=MAIN opts=67 kept=64 dropped_types={PLAY:3}
[TRUNC] turn=53 ctx=MAIN opts=119 kept=64 dropped_types={ATTACH:53,PLAY:1,RETREAT:1}
[MULTISELECT] ctx=DISCARD min=2 max=2 generated_lens=[2] shorter_legal_exists=False shorter_missed=False
[MULTISELECT] ctx=DISCARD min=2 max=2 generated_lens=[2] shorter_legal_exists=False shorter_missed=False
[TRUNC] turn=53 ctx=MAIN opts=122 kept=64 dropped_types={ATTACH:57,RETREAT:1}
[TRUNC] turn=55 ctx=MAIN opts=123 kept=64 dropped_types={ATTACH:57,PLAY:1,RETREAT:1}
[TRUNC] turn=55 ctx=MAIN opts=123 kept=64 dropped_types={ATTACH:57,PLAY:1,RETREAT:1}
[TRUNC] turn=55 ctx=MAIN opts=123 kept=64 dropped_types={ATTACH:57,PLAY:1,RETREAT:1}
[TRUNC] turn=55 ctx=MAIN opts=123 kept=64 dropped_types={ATTACH:57,PLAY:1,RETREAT:1}
[TRUNC] turn=55 ctx=MAIN opts=123 kept=64 dropped_types={ATTACH:57,PLAY:1,RETREAT:1}
[TRUNC] turn=55 ctx=MAIN opts=123 kept=64 dropped_types={ATTACH:57,PLAY:1,RETREAT:1}
[TRUNC] turn=57 ctx=MAIN opts=124 kept=64 dropped_types={ATTACH:57,PLAY:2,RETREAT:1}
[TRUNC] turn=59 ctx=MAIN opts=125 kept=64 dropped_types={ATTACH:57,PLAY:3,RETREAT:1}
[TRUNC] turn=57 ctx=MAIN opts=130 kept=64 dropped_types={ATTACH:65,RETREAT:1}
[TRUNC] turn=59 ctx=MAIN opts=131 kept=64 dropped_types={ATTACH:65,PLAY:1,RETREAT:1}
[TRUNC] turn=61 ctx=MAIN opts=132 kept=64 dropped_types={ATTACH:65,PLAY:2,RETREAT:1}
[TRUNC] turn=59 ctx=MAIN opts=131 kept=64 dropped_types={ATTACH:65,PLAY:1,RETREAT:1}
[TRUNC] turn=61 ctx=MAIN opts=135 kept=64 dropped_types={ATTACH:69,PLAY:1,RETREAT:1}
[TRUNC] turn=63 ctx=MAIN opts=139 kept=64 dropped_types={ATTACH:73,PLAY:1,RETREAT:1}
[TRUNC] turn=61 ctx=MAIN opts=138 kept=64 dropped_types={ATTACH:73,RETREAT:1}
[TRUNC] turn=63 ctx=MAIN opts=138 kept=64 dropped_types={ATTACH:73,RETREAT:1}
[TRUNC] turn=65 ctx=MAIN opts=139 kept=64 dropped_types={ATTACH:73,PLAY:1,RETREAT:1}
[TRUNC] turn=62 ctx=MAIN opts=67 kept=64 dropped_types={ATTACH:3}
[TRUNC] turn=63 ctx=MAIN opts=139 kept=64 dropped_types={ATTACH:73,PLAY:1,RETREAT:1}
[TRUNC] turn=65 ctx=MAIN opts=143 kept=64 dropped_types={ATTACH:77,PLAY:1,RETREAT:1}
[TRUNC] turn=64 ctx=MAIN opts=73 kept=64 dropped_types={ATTACH:9}
[TRUNC] turn=65 ctx=MAIN opts=143 kept=64 dropped_types={ATTACH:77,PLAY:1,RETREAT:1}
[MULTISELECT] ctx=DISCARD min=2 max=2 generated_lens=[2] shorter_legal_exists=False shorter_missed=False
[TRUNC] turn=67 ctx=MAIN opts=144 kept=64 dropped_types={ATTACH:77,PLAY:2,RETREAT:1}
[TRUNC] turn=66 ctx=MAIN opts=67 kept=64 dropped_types={ATTACH:2,PLAY:1}
[TRUNC] turn=67 ctx=MAIN opts=147 kept=64 dropped_types={ATTACH:81,PLAY:1,RETREAT:1}
[TRUNC] turn=68 ctx=MAIN opts=72 kept=64 dropped_types={ATTACH:7,PLAY:1}
[TRUNC] turn=69 ctx=MAIN opts=151 kept=64 dropped_types={ATTACH:85,PLAY:1,RETREAT:1}
[TRUNC] turn=69 ctx=MAIN opts=151 kept=64 dropped_types={ATTACH:85,PLAY:1,RETREAT:1}
[TRUNC] turn=69 ctx=MAIN opts=151 kept=64 dropped_types={ATTACH:85,PLAY:1,RETREAT:1}
[TRUNC] turn=71 ctx=MAIN opts=152 kept=64 dropped_types={ATTACH:85,PLAY:2,RETREAT:1}
[MULTISELECT] ctx=DISCARD min=2 max=2 generated_lens=[2] shorter_legal_exists=False shorter_missed=False
[TRUNC] turn=70 ctx=MAIN opts=77 kept=64 dropped_types={ATTACH:12,PLAY:1}
[TRUNC] turn=71 ctx=MAIN opts=155 kept=64 dropped_types={ATTACH:89,PLAY:1,RETREAT:1}
[MULTISELECT] ctx=DISCARD min=2 max=2 generated_lens=[2] shorter_legal_exists=False shorter_missed=False
[MULTISELECT] ctx=DISCARD min=2 max=2 generated_lens=[2] shorter_legal_exists=False shorter_missed=False
[TRUNC] turn=72 ctx=MAIN opts=82 kept=64 dropped_types={ATTACH:17,PLAY:1}
[TRUNC] turn=72 ctx=MAIN opts=82 kept=64 dropped_types={ATTACH:17,PLAY:1}
[TRUNC] turn=72 ctx=MAIN opts=82 kept=64 dropped_types={ATTACH:17,PLAY:1}
[TRUNC] turn=72 ctx=MAIN opts=82 kept=64 dropped_types={ATTACH:17,PLAY:1}
[TRUNC] turn=72 ctx=MAIN opts=82 kept=64 dropped_types={ATTACH:17,PLAY:1}
[TRUNC] turn=73 ctx=MAIN opts=155 kept=64 dropped_types={ATTACH:89,PLAY:1,RETREAT:1}
[MULTISELECT] ctx=DISCARD min=2 max=2 generated_lens=[2] shorter_legal_exists=False shorter_missed=False
[MULTISELECT] ctx=DISCARD min=2 max=2 generated_lens=[2] shorter_legal_exists=False shorter_missed=False
[TRUNC] turn=73 ctx=MAIN opts=155 kept=64 dropped_types={ATTACH:89,PLAY:1,RETREAT:1}
[MULTISELECT] ctx=DISCARD min=2 max=2 generated_lens=[2] shorter_legal_exists=False shorter_missed=False
[MULTISELECT] ctx=DISCARD min=2 max=2 generated_lens=[2] shorter_legal_exists=False shorter_missed=False
[TRUNC] turn=73 ctx=MAIN opts=65 kept=64 dropped_types={RETREAT:1}
[TRUNC] turn=74 ctx=MAIN opts=82 kept=64 dropped_types={ATTACH:17,PLAY:1}
[TRUNC] turn=74 ctx=MAIN opts=82 kept=64 dropped_types={ATTACH:17,PLAY:1}
[TRUNC] turn=75 ctx=MAIN opts=66 kept=64 dropped_types={PLAY:1,RETREAT:1}
[TRUNC] turn=75 ctx=MAIN opts=159 kept=64 dropped_types={ATTACH:93,PLAY:1,RETREAT:1}
[MULTISELECT] ctx=DISCARD min=2 max=2 generated_lens=[2] shorter_legal_exists=False shorter_missed=False
[MULTISELECT] ctx=DISCARD min=2 max=2 generated_lens=[2] shorter_legal_exists=False shorter_missed=False
[TRUNC] turn=75 ctx=MAIN opts=66 kept=64 dropped_types={PLAY:1,RETREAT:1}
[TRUNC] turn=76 ctx=MAIN opts=87 kept=64 dropped_types={ATTACH:22,PLAY:1}
[TRUNC] turn=75 ctx=MAIN opts=65 kept=64 dropped_types={RETREAT:1}
[TRUNC] turn=76 ctx=MAIN opts=87 kept=64 dropped_types={ATTACH:22,PLAY:1}
[TRUNC] turn=77 ctx=MAIN opts=67 kept=64 dropped_types={PLAY:2,RETREAT:1}
[TRUNC] turn=77 ctx=MAIN opts=166 kept=64 dropped_types={ATTACH:101,RETREAT:1}
[MULTISELECT] ctx=DISCARD min=2 max=2 generated_lens=[2] shorter_legal_exists=False shorter_missed=False
[MULTISELECT] ctx=DISCARD min=2 max=2 generated_lens=[2] shorter_legal_exists=False shorter_missed=False
[TRUNC] turn=77 ctx=MAIN opts=67 kept=64 dropped_types={PLAY:2,RETREAT:1}
[TRUNC] turn=78 ctx=MAIN opts=92 kept=64 dropped_types={ATTACH:27,PLAY:1}
[TRUNC] turn=77 ctx=MAIN opts=66 kept=64 dropped_types={PLAY:1,RETREAT:1}
[TRUNC] turn=78 ctx=MAIN opts=92 kept=64 dropped_types={ATTACH:27,PLAY:1}
[TRUNC] turn=79 ctx=MAIN opts=68 kept=64 dropped_types={PLAY:3,RETREAT:1}
[TRUNC] turn=79 ctx=MAIN opts=167 kept=64 dropped_types={ATTACH:101,PLAY:1,RETREAT:1}
[MULTISELECT] ctx=DISCARD min=2 max=2 generated_lens=[2] shorter_legal_exists=False shorter_missed=False
[MULTISELECT] ctx=DISCARD min=2 max=2 generated_lens=[2] shorter_legal_exists=False shorter_missed=False
[MULTISELECT] ctx=DISCARD min=2 max=2 generated_lens=[2] shorter_legal_exists=False shorter_missed=False
[TRUNC] turn=79 ctx=MAIN opts=167 kept=64 dropped_types={ATTACH:101,PLAY:1,RETREAT:1}
[TRUNC] turn=79 ctx=MAIN opts=167 kept=64 dropped_types={ATTACH:101,PLAY:1,RETREAT:1}
[MULTISELECT] ctx=DISCARD min=2 max=2 generated_lens=[2] shorter_legal_exists=False shorter_missed=False
[TRUNC] turn=79 ctx=MAIN opts=167 kept=64 dropped_types={ATTACH:101,PLAY:1,RETREAT:1}
[MULTISELECT] ctx=DISCARD min=2 max=2 generated_lens=[2] shorter_legal_exists=False shorter_missed=False
[MULTISELECT] ctx=DISCARD min=2 max=2 generated_lens=[2] shorter_legal_exists=False shorter_missed=False
[TRUNC] turn=79 ctx=MAIN opts=167 kept=64 dropped_types={ATTACH:101,PLAY:1,RETREAT:1}
[TRUNC] turn=81 ctx=MAIN opts=168 kept=64 dropped_types={ATTACH:101,PLAY:2,RETREAT:1}
[TRUNC] turn=79 ctx=MAIN opts=167 kept=64 dropped_types={ATTACH:101,PLAY:1,RETREAT:1}
[TRUNC] turn=81 ctx=MAIN opts=167 kept=64 dropped_types={ATTACH:101,PLAY:1,RETREAT:1}
[TRUNC] turn=79 ctx=MAIN opts=167 kept=64 dropped_types={ATTACH:101,PLAY:1,RETREAT:1}
[TRUNC] turn=79 ctx=MAIN opts=68 kept=64 dropped_types={PLAY:3,RETREAT:1}
[TRUNC] turn=80 ctx=MAIN opts=77 kept=64 dropped_types={ATTACH:12,PLAY:1}
[TRUNC] turn=79 ctx=MAIN opts=71 kept=64 dropped_types={ATTACH:4,PLAY:2,RETREAT:1}
[TRUNC] turn=80 ctx=MAIN opts=77 kept=64 dropped_types={ATTACH:12,PLAY:1}
[TRUNC] turn=79 ctx=MAIN opts=80 kept=64 dropped_types={ATTACH:10,PLAY:5,RETREAT:1}
[TRUNC] turn=79 ctx=MAIN opts=67 kept=64 dropped_types={PLAY:2,RETREAT:1}
[TRUNC] turn=80 ctx=MAIN opts=77 kept=64 dropped_types={ATTACH:12,PLAY:1}
[TRUNC] turn=79 ctx=MAIN opts=75 kept=64 dropped_types={ATTACH:5,PLAY:5,RETREAT:1}
[TRUNC] turn=80 ctx=MAIN opts=77 kept=64 dropped_types={ATTACH:12,PLAY:1}
[TRUNC] turn=81 ctx=MAIN opts=76 kept=64 dropped_types={ATTACH:5,PLAY:6,RETREAT:1}
[TRUNC] turn=79 ctx=MAIN opts=75 kept=64 dropped_types={ATTACH:5,PLAY:5,RETREAT:1}
[TRUNC] turn=80 ctx=MAIN opts=77 kept=64 dropped_types={ATTACH:12,PLAY:1}
[TRUNC] turn=81 ctx=MAIN opts=80 kept=64 dropped_types={ATTACH:10,PLAY:5,RETREAT:1}
[TRUNC] turn=81 ctx=MAIN opts=80 kept=64 dropped_types={ATTACH:10,PLAY:5,RETREAT:1}
[TRUNC] turn=81 ctx=MAIN opts=203 kept=64 dropped_types={ATTACH:137,PLAY:1,RETREAT:1}
[TRUNC] turn=83 ctx=MAIN opts=204 kept=64 dropped_types={ATTACH:137,PLAY:2,RETREAT:1}
[TRUNC] turn=81 ctx=MAIN opts=203 kept=64 dropped_types={ATTACH:137,PLAY:1,RETREAT:1}
[TRUNC] turn=81 ctx=MAIN opts=76 kept=64 dropped_types={ATTACH:5,PLAY:6,RETREAT:1}
[TRUNC] turn=82 ctx=MAIN opts=82 kept=64 dropped_types={ATTACH:17,PLAY:1}
[TRUNC] turn=83 ctx=MAIN opts=68 kept=64 dropped_types={ATTACH:1,PLAY:2,RETREAT:1}
[TRUNC] turn=83 ctx=MAIN opts=68 kept=64 dropped_types={ATTACH:1,PLAY:2,RETREAT:1}
[TRUNC] turn=83 ctx=MAIN opts=208 kept=64 dropped_types={ATTACH:142,PLAY:1,RETREAT:1}
[TRUNC] turn=83 ctx=MAIN opts=67 kept=64 dropped_types={ATTACH:1,PLAY:1,RETREAT:1}
[TRUNC] turn=84 ctx=MAIN opts=87 kept=64 dropped_types={ATTACH:22,PLAY:1}
[TRUNC] turn=84 ctx=MAIN opts=87 kept=64 dropped_types={ATTACH:22,PLAY:1}
[TRUNC] turn=84 ctx=MAIN opts=87 kept=64 dropped_types={ATTACH:22,PLAY:1}
[TRUNC] turn=84 ctx=MAIN opts=87 kept=64 dropped_types={ATTACH:22,PLAY:1}
[TRUNC] turn=84 ctx=MAIN opts=87 kept=64 dropped_types={ATTACH:22,PLAY:1}
[TRUNC] turn=84 ctx=MAIN opts=87 kept=64 dropped_types={ATTACH:22,PLAY:1}
[TRUNC] turn=84 ctx=MAIN opts=87 kept=64 dropped_types={ATTACH:22,PLAY:1}
[TRUNC] turn=84 ctx=MAIN opts=87 kept=64 dropped_types={ATTACH:22,PLAY:1}
[TRUNC] turn=84 ctx=MAIN opts=87 kept=64 dropped_types={ATTACH:22,PLAY:1}
[TRUNC] turn=84 ctx=MAIN opts=87 kept=64 dropped_types={ATTACH:22,PLAY:1}
[TRUNC] turn=84 ctx=MAIN opts=87 kept=64 dropped_types={ATTACH:22,PLAY:1}
[TRUNC] turn=84 ctx=MAIN opts=87 kept=64 dropped_types={ATTACH:22,PLAY:1}
[TRUNC] turn=84 ctx=MAIN opts=87 kept=64 dropped_types={ATTACH:22,PLAY:1}
[TRUNC] turn=84 ctx=MAIN opts=87 kept=64 dropped_types={ATTACH:22,PLAY:1}
=== DIAG_DUMP_BEGIN ===
DIAG_GAMES=1
TRUNC_TOTAL_NODES=818
TRUNC_FIRED=148
TRUNC_FIRE_RATE=18.09%
TRUNC_OPTCOUNT_HIST=1-8:195|9-16:69|17-32:144|33-64:262|65-128:112|129-256:36|257+:0
TRUNC_FIRE_RATE_BY_TURN=1-2:0.00%(0/31)|3-5:0.00%(0/27)|6+:19.47%(148/760)
TRUNC_DROPPED_BY_TYPE=ABILITY:1,ATTACH:5891,EVOLVE:2,PLAY:194,RETREAT:87
TRUNC_DROPPED_CRITICAL=0
TRUNC_DROPPED_CRITICAL_STATUS=PASS
MULTISELECT_FIXED_LEN=min=0,max=2:nodes=2,shorter_legal=2,shorter_generated=0,shorter_missed=2|min=0,max=3:nodes=3,shorter_legal=3,shorter_generated=0,shorter_missed=3|min=0,max=4:nodes=1,shorter_legal=1,shorter_generated=0,shorter_missed=1|min=2,max=2:nodes=36,shorter_legal=0,shorter_generated=0,shorter_missed=0
MULTISELECT_SHORTER_MISSED=6
MULTISELECT_CTX_HIST=DISCARD:32,SETUP_BENCH_POKEMON:5,TO_DECK:4,TO_HAND:1
GAME_LENGTH_HIST=1-15:0|16-25:0|26-40:0|41-60:0|61+:1
WIN_BY_CAUSE=DECK_OUT:W=1,L=1,D=0
TURN_NODE_DIST=1-2:3.79%(31/818)|3-5:3.30%(27/818)|6+:92.91%(760/818)
SEARCH_MAX_DEPTH=5
SEARCH_MEAN_DEPTH=1.7986
PRIZE_REWARD_REACHED=0.00%(0/139)
STALL_DRAW_PASS_TURNS=71
STALL_SHUFFLE_WITH_RESOURCES=1
MISSED_ATTACH=83
SHAPING_BREAKDOWN=BOARD_DECK_DIFF:0.000244|DAMAGE_PRESSURE:0.000000|DISRUPTION:0.000183|ENERGY_DENIAL:0.000000|ITEM_LOCK_PENALTY:0.000000|KO_BONUS:0.000000|PARALYSIS:0.000000|PRIZE_DIFF:-0.000367|SLEEP:0.000000
=== DIAG_DUMP_END ===
[MULTISELECT] ctx=SETUP_BENCH_POKEMON min=0 max=5 generated_lens=[5] shorter_legal_exists=True shorter_missed=True
[MULTISELECT] ctx=SETUP_BENCH_POKEMON min=0 max=5 generated_lens=[5] shorter_legal_exists=True shorter_missed=True
[MULTISELECT] ctx=SETUP_BENCH_POKEMON min=0 max=4 generated_lens=[4] shorter_legal_exists=True shorter_missed=True
[MULTISELECT] ctx=SETUP_BENCH_POKEMON min=0 max=4 generated_lens=[4] shorter_legal_exists=True shorter_missed=True
[MULTISELECT] ctx=SETUP_BENCH_POKEMON min=0 max=2 generated_lens=[2] shorter_legal_exists=True shorter_missed=True
[MULTISELECT] ctx=SETUP_BENCH_POKEMON min=0 max=2 generated_lens=[2] shorter_legal_exists=True shorter_missed=True
[MULTISELECT] ctx=SETUP_BENCH_POKEMON min=0 max=2 generated_lens=[2] shorter_legal_exists=True shorter_missed=True
[MULTISELECT] ctx=SETUP_BENCH_POKEMON min=0 max=2 generated_lens=[2] shorter_legal_exists=True shorter_missed=True
[MULTISELECT] ctx=TO_HAND min=0 max=3 generated_lens=[3] shorter_legal_exists=True shorter_missed=True
[MULTISELECT] ctx=SETUP_BENCH_POKEMON min=0 max=2 generated_lens=[2] shorter_legal_exists=True shorter_missed=True
[MULTISELECT] ctx=DISCARD min=2 max=2 generated_lens=[2] shorter_legal_exists=False shorter_missed=False
[MULTISELECT] ctx=SETUP_BENCH_POKEMON min=0 max=2 generated_lens=[2] shorter_legal_exists=True shorter_missed=True
[MULTISELECT] ctx=DISCARD min=2 max=2 generated_lens=[2] shorter_legal_exists=False shorter_missed=False
[MULTISELECT] ctx=DISCARD min=2 max=2 generated_lens=[2] shorter_legal_exists=False shorter_missed=False
[MULTISELECT] ctx=DISCARD min=2 max=2 generated_lens=[2] shorter_legal_exists=False shorter_missed=False
[MULTISELECT] ctx=DISCARD min=2 max=2 generated_lens=[2] shorter_legal_exists=False shorter_missed=False
[MULTISELECT] ctx=DISCARD min=2 max=2 generated_lens=[2] shorter_legal_exists=False shorter_missed=False
[MULTISELECT] ctx=DISCARD min=2 max=2 generated_lens=[2] shorter_legal_exists=False shorter_missed=False
[MULTISELECT] ctx=DISCARD min=2 max=2 generated_lens=[2] shorter_legal_exists=False shorter_missed=False
[MULTISELECT] ctx=DISCARD min=2 max=2 generated_lens=[2] shorter_legal_exists=False shorter_missed=False
[MULTISELECT] ctx=DISCARD min=2 max=2 generated_lens=[2] shorter_legal_exists=False shorter_missed=False
[MULTISELECT] ctx=DISCARD min=2 max=2 generated_lens=[2] shorter_legal_exists=False shorter_missed=False
[MULTISELECT] ctx=DISCARD min=2 max=2 generated_lens=[2] shorter_legal_exists=False shorter_missed=False
[MULTISELECT] ctx=DISCARD min=2 max=2 generated_lens=[2] shorter_legal_exists=False shorter_missed=False
[MULTISELECT] ctx=DISCARD min=2 max=2 generated_lens=[2] shorter_legal_exists=False shorter_missed=False
[MULTISELECT] ctx=DISCARD min=2 max=2 generated_lens=[2] shorter_legal_exists=False shorter_missed=False
[MULTISELECT] ctx=TO_HAND min=0 max=2 generated_lens=[2] shorter_legal_exists=True shorter_missed=True
[MULTISELECT] ctx=TO_HAND min=0 max=2 generated_lens=[2] shorter_legal_exists=True shorter_missed=True
[MULTISELECT] ctx=TO_HAND min=0 max=2 generated_lens=[2] shorter_legal_exists=True shorter_missed=True
[MULTISELECT] ctx=TO_HAND min=0 max=2 generated_lens=[2] shorter_legal_exists=True shorter_missed=True
[MULTISELECT] ctx=DISCARD min=2 max=2 generated_lens=[2] shorter_legal_exists=False shorter_missed=False
[MULTISELECT] ctx=DISCARD min=2 max=2 generated_lens=[2] shorter_legal_exists=False shorter_missed=False
[MULTISELECT] ctx=SETUP_BENCH_POKEMON min=0 max=5 generated_lens=[5] shorter_legal_exists=True shorter_missed=True
[MULTISELECT] ctx=SETUP_BENCH_POKEMON min=0 max=5 generated_lens=[5] shorter_legal_exists=True shorter_missed=True
[MULTISELECT] ctx=SETUP_BENCH_POKEMON min=0 max=3 generated_lens=[3] shorter_legal_exists=True shorter_missed=True
[MULTISELECT] ctx=TO_HAND min=0 max=3 generated_lens=[3] shorter_legal_exists=True shorter_missed=True
[MULTISELECT] ctx=TO_HAND min=0 max=3 generated_lens=[3] shorter_legal_exists=True shorter_missed=True
[MULTISELECT] ctx=DISCARD min=2 max=2 generated_lens=[2] shorter_legal_exists=False shorter_missed=False
[MULTISELECT] ctx=DISCARD min=2 max=2 generated_lens=[2] shorter_legal_exists=False shorter_missed=False
[MULTISELECT] ctx=TO_HAND min=0 max=3 generated_lens=[3] shorter_legal_exists=True shorter_missed=True
[MULTISELECT] ctx=TO_HAND min=0 max=3 generated_lens=[3] shorter_legal_exists=True shorter_missed=True
[MULTISELECT] ctx=DISCARD min=2 max=2 generated_lens=[2] shorter_legal_exists=False shorter_missed=False
[MULTISELECT] ctx=DISCARD min=2 max=2 generated_lens=[2] shorter_legal_exists=False shorter_missed=False
[MULTISELECT] ctx=DISCARD min=2 max=2 generated_lens=[2] shorter_legal_exists=False shorter_missed=False
[MULTISELECT] ctx=DISCARD min=2 max=2 generated_lens=[2] shorter_legal_exists=False shorter_missed=False
[MULTISELECT] ctx=DISCARD min=2 max=2 generated_lens=[2] shorter_legal_exists=False shorter_missed=False
[MULTISELECT] ctx=DISCARD min=2 max=2 generated_lens=[2] shorter_legal_exists=False shorter_missed=False
[MULTISELECT] ctx=TO_HAND min=0 max=2 generated_lens=[2] shorter_legal_exists=True shorter_missed=True
[MULTISELECT] ctx=TO_HAND min=0 max=2 generated_lens=[2] shorter_legal_exists=True shorter_missed=True
[TRUNC] turn=49 ctx=MAIN opts=66 kept=64 dropped_types={ATTACH:1,PLAY:1}
[MULTISELECT] ctx=DISCARD min=2 max=2 generated_lens=[2] shorter_legal_exists=False shorter_missed=False
[TRUNC] turn=49 ctx=MAIN opts=66 kept=64 dropped_types={ATTACH:1,PLAY:1}
[MULTISELECT] ctx=DISCARD min=2 max=2 generated_lens=[2] shorter_legal_exists=False shorter_missed=False
[TRUNC] turn=49 ctx=MAIN opts=66 kept=64 dropped_types={ATTACH:1,PLAY:1}
[MULTISELECT] ctx=DISCARD min=2 max=2 generated_lens=[2] shorter_legal_exists=False shorter_missed=False
[TRUNC] turn=49 ctx=MAIN opts=66 kept=64 dropped_types={ATTACH:1,PLAY:1}
[MULTISELECT] ctx=DISCARD min=2 max=2 generated_lens=[2] shorter_legal_exists=False shorter_missed=False
[MULTISELECT] ctx=DISCARD min=2 max=2 generated_lens=[2] shorter_legal_exists=False shorter_missed=False
[TRUNC] turn=49 ctx=MAIN opts=66 kept=64 dropped_types={ATTACH:1,PLAY:1}
[TRUNC] turn=49 ctx=MAIN opts=66 kept=64 dropped_types={ATTACH:1,PLAY:1}
[TRUNC] turn=49 ctx=MAIN opts=66 kept=64 dropped_types={ATTACH:1,PLAY:1}
[TRUNC] turn=49 ctx=MAIN opts=66 kept=64 dropped_types={ATTACH:1,PLAY:1}
[MULTISELECT] ctx=SETUP_BENCH_POKEMON min=0 max=5 generated_lens=[5] shorter_legal_exists=True shorter_missed=True
[MULTISELECT] ctx=SETUP_BENCH_POKEMON min=0 max=5 generated_lens=[5] shorter_legal_exists=True shorter_missed=True
[MULTISELECT] ctx=SETUP_BENCH_POKEMON min=0 max=4 generated_lens=[4] shorter_legal_exists=True shorter_missed=True
[MULTISELECT] ctx=SETUP_BENCH_POKEMON min=0 max=4 generated_lens=[4] shorter_legal_exists=True shorter_missed=True
[MULTISELECT] ctx=TO_HAND min=0 max=3 generated_lens=[3] shorter_legal_exists=True shorter_missed=True
[MULTISELECT] ctx=TO_HAND min=0 max=3 generated_lens=[3] shorter_legal_exists=True shorter_missed=True
[MULTISELECT] ctx=TO_HAND min=0 max=3 generated_lens=[3] shorter_legal_exists=True shorter_missed=True
[MULTISELECT] ctx=TO_BENCH min=0 max=2 generated_lens=[2] shorter_legal_exists=True shorter_missed=True
[MULTISELECT] ctx=TO_BENCH min=0 max=2 generated_lens=[2] shorter_legal_exists=True shorter_missed=True
[MULTISELECT] ctx=SETUP_BENCH_POKEMON min=0 max=5 generated_lens=[5] shorter_legal_exists=True shorter_missed=True
[MULTISELECT] ctx=SETUP_BENCH_POKEMON min=0 max=5 generated_lens=[5] shorter_legal_exists=True shorter_missed=True
[MULTISELECT] ctx=SETUP_BENCH_POKEMON min=0 max=5 generated_lens=[5] shorter_legal_exists=True shorter_missed=True
[MULTISELECT] ctx=SETUP_BENCH_POKEMON min=0 max=2 generated_lens=[2] shorter_legal_exists=True shorter_missed=True
[MULTISELECT] ctx=SETUP_BENCH_POKEMON min=0 max=2 generated_lens=[2] shorter_legal_exists=True shorter_missed=True
[MULTISELECT] ctx=SETUP_BENCH_POKEMON min=0 max=2 generated_lens=[2] shorter_legal_exists=True shorter_missed=True
[MULTISELECT] ctx=SETUP_BENCH_POKEMON min=0 max=2 generated_lens=[2] shorter_legal_exists=True shorter_missed=True
[MULTISELECT] ctx=SETUP_BENCH_POKEMON min=0 max=2 generated_lens=[2] shorter_legal_exists=True shorter_missed=True
[MULTISELECT] ctx=TO_HAND min=0 max=3 generated_lens=[3] shorter_legal_exists=True shorter_missed=True
[MULTISELECT] ctx=TO_HAND min=0 max=3 generated_lens=[3] shorter_legal_exists=True shorter_missed=True
[MULTISELECT] ctx=TO_HAND min=0 max=3 generated_lens=[3] shorter_legal_exists=True shorter_missed=True
[TRUNC] turn=25 ctx=MAIN opts=66 kept=64 dropped_types={ATTACH:1,RETREAT:1}
[TRUNC] turn=27 ctx=MAIN opts=70 kept=64 dropped_types={ATTACH:5,RETREAT:1}
[TRUNC] turn=29 ctx=MAIN opts=74 kept=64 dropped_types={ATTACH:9,RETREAT:1}
[TRUNC] turn=31 ctx=MAIN opts=74 kept=64 dropped_types={ATTACH:9,RETREAT:1}
[TRUNC] turn=32 ctx=MAIN opts=65 kept=64 dropped_types={PLAY:1}
[MULTISELECT] ctx=TO_HAND min=0 max=3 generated_lens=[3] shorter_legal_exists=True shorter_missed=True
[MULTISELECT] ctx=TO_HAND min=0 max=2 generated_lens=[2] shorter_legal_exists=True shorter_missed=True
[TRUNC] turn=33 ctx=MAIN opts=78 kept=64 dropped_types={ATTACH:13,RETREAT:1}
[TRUNC] turn=33 ctx=MAIN opts=78 kept=64 dropped_types={ATTACH:13,RETREAT:1}
[TRUNC] turn=34 ctx=MAIN opts=71 kept=64 dropped_types={ATTACH:6,PLAY:1}
[TRUNC] turn=35 ctx=MAIN opts=82 kept=64 dropped_types={ATTACH:17,RETREAT:1}
[TRUNC] turn=35 ctx=MAIN opts=82 kept=64 dropped_types={ATTACH:17,RETREAT:1}
[TRUNC] turn=37 ctx=MAIN opts=66 kept=64 dropped_types={PLAY:1,RETREAT:1}
[TRUNC] turn=39 ctx=MAIN opts=67 kept=64 dropped_types={PLAY:2,RETREAT:1}
[TRUNC] turn=39 ctx=MAIN opts=69 kept=64 dropped_types={ATTACH:3,PLAY:1,RETREAT:1}
[TRUNC] turn=41 ctx=MAIN opts=72 kept=64 dropped_types={ATTACH:6,PLAY:1,RETREAT:1}
[TRUNC] turn=43 ctx=MAIN opts=73 kept=64 dropped_types={ATTACH:6,PLAY:2,RETREAT:1}
[TRUNC] turn=43 ctx=MAIN opts=75 kept=64 dropped_types={ATTACH:9,PLAY:1,RETREAT:1}
[TRUNC] turn=43 ctx=MAIN opts=75 kept=64 dropped_types={ATTACH:9,PLAY:1,RETREAT:1}
[TRUNC] turn=45 ctx=MAIN opts=78 kept=64 dropped_types={ATTACH:12,PLAY:1,RETREAT:1}
[TRUNC] turn=45 ctx=MAIN opts=78 kept=64 dropped_types={ATTACH:12,PLAY:1,RETREAT:1}
[TRUNC] turn=45 ctx=MAIN opts=78 kept=64 dropped_types={ATTACH:12,PLAY:1,RETREAT:1}
[MULTISELECT] ctx=DISCARD min=2 max=2 generated_lens=[2] shorter_legal_exists=False shorter_missed=False
[TRUNC] turn=47 ctx=MAIN opts=81 kept=64 dropped_types={ATTACH:15,PLAY:1,RETREAT:1}
[TRUNC] turn=49 ctx=MAIN opts=82 kept=64 dropped_types={ATTACH:15,PLAY:2,RETREAT:1}
[TRUNC] turn=49 ctx=MAIN opts=84 kept=64 dropped_types={ATTACH:18,PLAY:1,RETREAT:1}
[TRUNC] turn=51 ctx=MAIN opts=85 kept=64 dropped_types={ATTACH:18,PLAY:2,RETREAT:1}
[TRUNC] turn=51 ctx=MAIN opts=87 kept=64 dropped_types={ATTACH:21,PLAY:1,RETREAT:1}
[TRUNC] turn=53 ctx=MAIN opts=88 kept=64 dropped_types={ATTACH:21,PLAY:2,RETREAT:1}
[TRUNC] turn=53 ctx=MAIN opts=90 kept=64 dropped_types={ATTACH:24,PLAY:1,RETREAT:1}
[MULTISELECT] ctx=TO_HAND min=0 max=3 generated_lens=[3] shorter_legal_exists=True shorter_missed=True
[TRUNC] turn=55 ctx=MAIN opts=93 kept=64 dropped_types={ATTACH:27,PLAY:1,RETREAT:1}
[TRUNC] turn=57 ctx=MAIN opts=94 kept=64 dropped_types={ATTACH:27,PLAY:2,RETREAT:1}
[TRUNC] turn=57 ctx=MAIN opts=96 kept=64 dropped_types={ATTACH:30,PLAY:1,RETREAT:1}
[TRUNC] turn=59 ctx=MAIN opts=97 kept=64 dropped_types={ATTACH:30,PLAY:2,RETREAT:1}
[TRUNC] turn=59 ctx=MAIN opts=99 kept=64 dropped_types={ATTACH:33,PLAY:1,RETREAT:1}
[TRUNC] turn=61 ctx=MAIN opts=100 kept=64 dropped_types={ATTACH:33,PLAY:2,RETREAT:1}
[TRUNC] turn=61 ctx=MAIN opts=102 kept=64 dropped_types={ATTACH:36,PLAY:1,RETREAT:1}
[TRUNC] turn=63 ctx=MAIN opts=103 kept=64 dropped_types={ATTACH:36,PLAY:2,RETREAT:1}
[TRUNC] turn=63 ctx=MAIN opts=105 kept=64 dropped_types={ATTACH:39,PLAY:1,RETREAT:1}
[TRUNC] turn=65 ctx=MAIN opts=106 kept=64 dropped_types={ATTACH:39,PLAY:2,RETREAT:1}
[TRUNC] turn=65 ctx=MAIN opts=108 kept=64 dropped_types={ATTACH:42,PLAY:1,RETREAT:1}
[TRUNC] turn=67 ctx=MAIN opts=109 kept=64 dropped_types={ATTACH:42,PLAY:2,RETREAT:1}
[TRUNC] turn=67 ctx=MAIN opts=111 kept=64 dropped_types={ATTACH:45,PLAY:1,RETREAT:1}
[TRUNC] turn=69 ctx=MAIN opts=112 kept=64 dropped_types={ATTACH:45,PLAY:2,RETREAT:1}
[TRUNC] turn=69 ctx=MAIN opts=114 kept=64 dropped_types={ATTACH:48,PLAY:1,RETREAT:1}
[TRUNC] turn=71 ctx=MAIN opts=115 kept=64 dropped_types={ATTACH:48,PLAY:2,RETREAT:1}
[TRUNC] turn=70 ctx=MAIN opts=65 kept=64 dropped_types={PLAY:1}
[TRUNC] turn=71 ctx=MAIN opts=117 kept=64 dropped_types={ATTACH:51,PLAY:1,RETREAT:1}
[TRUNC] turn=73 ctx=MAIN opts=118 kept=64 dropped_types={ATTACH:51,PLAY:2,RETREAT:1}
[TRUNC] turn=72 ctx=MAIN opts=68 kept=64 dropped_types={ATTACH:3,PLAY:1}
[TRUNC] turn=73 ctx=MAIN opts=120 kept=64 dropped_types={ATTACH:54,PLAY:1,RETREAT:1}
[MULTISELECT] ctx=DISCARD min=2 max=2 generated_lens=[2] shorter_legal_exists=False shorter_missed=False
[TRUNC] turn=74 ctx=MAIN opts=71 kept=64 dropped_types={ATTACH:6,PLAY:1}
[TRUNC] turn=75 ctx=MAIN opts=123 kept=64 dropped_types={ATTACH:57,PLAY:1,RETREAT:1}
[MULTISELECT] ctx=DISCARD min=2 max=2 generated_lens=[2] shorter_legal_exists=False shorter_missed=False
[TRUNC] turn=76 ctx=MAIN opts=74 kept=64 dropped_types={ATTACH:9,PLAY:1}
[TRUNC] turn=77 ctx=MAIN opts=126 kept=64 dropped_types={ATTACH:60,PLAY:1,RETREAT:1}
[TRUNC] turn=79 ctx=MAIN opts=127 kept=64 dropped_types={ATTACH:60,PLAY:2,RETREAT:1}
[TRUNC] turn=78 ctx=MAIN opts=77 kept=64 dropped_types={ATTACH:12,PLAY:1}
[TRUNC] turn=79 ctx=MAIN opts=129 kept=64 dropped_types={ATTACH:63,PLAY:1,RETREAT:1}
[MULTISELECT] ctx=DISCARD min=2 max=2 generated_lens=[2] shorter_legal_exists=False shorter_missed=False
[TRUNC] turn=80 ctx=MAIN opts=80 kept=64 dropped_types={ATTACH:15,PLAY:1}
[TRUNC] turn=81 ctx=MAIN opts=132 kept=64 dropped_types={ATTACH:66,PLAY:1,RETREAT:1}
[MULTISELECT] ctx=DISCARD min=2 max=2 generated_lens=[2] shorter_legal_exists=False shorter_missed=False
[TRUNC] turn=82 ctx=MAIN opts=83 kept=64 dropped_types={ATTACH:18,PLAY:1}
[TRUNC] turn=82 ctx=MAIN opts=83 kept=64 dropped_types={ATTACH:18,PLAY:1}
[MULTISELECT] ctx=TO_BENCH min=0 max=2 generated_lens=[2] shorter_legal_exists=True shorter_missed=True
[MULTISELECT] ctx=DISCARD min=2 max=2 generated_lens=[2] shorter_legal_exists=False shorter_missed=False
[MULTISELECT] ctx=DISCARD min=2 max=2 generated_lens=[2] shorter_legal_exists=False shorter_missed=False
[MULTISELECT] ctx=DISCARD min=2 max=2 generated_lens=[2] shorter_legal_exists=False shorter_missed=False
[MULTISELECT] ctx=DISCARD min=2 max=2 generated_lens=[2] shorter_legal_exists=False shorter_missed=False
[MULTISELECT] ctx=DISCARD min=2 max=2 generated_lens=[2] shorter_legal_exists=False shorter_missed=False
[MULTISELECT] ctx=DISCARD min=2 max=2 generated_lens=[2] shorter_legal_exists=False shorter_missed=False
[TRUNC] turn=84 ctx=MAIN opts=71 kept=64 dropped_types={ATTACH:6,PLAY:1}
[TRUNC] turn=86 ctx=MAIN opts=74 kept=64 dropped_types={ATTACH:9,PLAY:1}
[TRUNC] turn=88 ctx=MAIN opts=98 kept=64 dropped_types={ATTACH:33,PLAY:1}
[TRUNC] turn=90 ctx=MAIN opts=102 kept=64 dropped_types={ATTACH:37,PLAY:1}
[MULTISELECT] ctx=DISCARD min=2 max=2 generated_lens=[2] shorter_legal_exists=False shorter_missed=False
[MULTISELECT] ctx=DISCARD min=2 max=2 generated_lens=[2] shorter_legal_exists=False shorter_missed=False
[MULTISELECT] ctx=DISCARD min=2 max=2 generated_lens=[2] shorter_legal_exists=False shorter_missed=False
[TRUNC] turn=109 ctx=MAIN opts=65 kept=64 dropped_types={PLAY:1}
[TRUNC] turn=109 ctx=MAIN opts=65 kept=64 dropped_types={PLAY:1}
[TRUNC] turn=109 ctx=MAIN opts=65 kept=64 dropped_types={PLAY:1}
[TRUNC] turn=111 ctx=MAIN opts=66 kept=64 dropped_types={PLAY:2}
[TRUNC] turn=111 ctx=MAIN opts=68 kept=64 dropped_types={ATTACH:3,PLAY:1}
[TRUNC] turn=113 ctx=MAIN opts=71 kept=64 dropped_types={ATTACH:6,PLAY:1}
[TRUNC] turn=114 ctx=MAIN opts=66 kept=64 dropped_types={ATTACH:1,PLAY:1}
[TRUNC] turn=115 ctx=MAIN opts=74 kept=64 dropped_types={ATTACH:9,PLAY:1}
[TRUNC] turn=115 ctx=MAIN opts=74 kept=64 dropped_types={ATTACH:9,PLAY:1}
[MULTISELECT] ctx=TO_HAND min=0 max=2 generated_lens=[2] shorter_legal_exists=True shorter_missed=True
[MULTISELECT] ctx=TO_HAND min=0 max=2 generated_lens=[2] shorter_legal_exists=True shorter_missed=True
[TRUNC] turn=115 ctx=MAIN opts=74 kept=64 dropped_types={ATTACH:9,PLAY:1}
[TRUNC] turn=115 ctx=MAIN opts=74 kept=64 dropped_types={ATTACH:9,PLAY:1}
[TRUNC] turn=115 ctx=MAIN opts=74 kept=64 dropped_types={ATTACH:9,PLAY:1}
[TRUNC] turn=115 ctx=MAIN opts=74 kept=64 dropped_types={ATTACH:9,PLAY:1}
[TRUNC] turn=115 ctx=MAIN opts=75 kept=64 dropped_types={ATTACH:9,PLAY:1,RETREAT:1}
[TRUNC] turn=115 ctx=MAIN opts=75 kept=64 dropped_types={ATTACH:9,PLAY:1,RETREAT:1}
[TRUNC] turn=115 ctx=MAIN opts=75 kept=64 dropped_types={ATTACH:9,PLAY:1,RETREAT:1}
[TRUNC] turn=115 ctx=MAIN opts=75 kept=64 dropped_types={ATTACH:9,PLAY:1,RETREAT:1}
[TRUNC] turn=115 ctx=MAIN opts=75 kept=64 dropped_types={ATTACH:9,PLAY:1,RETREAT:1}
[TRUNC] turn=115 ctx=MAIN opts=75 kept=64 dropped_types={ATTACH:9,PLAY:1,RETREAT:1}
[TRUNC] turn=115 ctx=MAIN opts=75 kept=64 dropped_types={ATTACH:9,PLAY:1,RETREAT:1}
[TRUNC] turn=115 ctx=MAIN opts=75 kept=64 dropped_types={ATTACH:9,PLAY:1,RETREAT:1}
[TRUNC] turn=116 ctx=MAIN opts=91 kept=64 dropped_types={ATTACH:27}
[TRUNC] turn=117 ctx=MAIN opts=78 kept=64 dropped_types={ATTACH:12,PLAY:1,RETREAT:1}
[TRUNC] turn=117 ctx=MAIN opts=77 kept=64 dropped_types={ATTACH:12,PLAY:1}
[TRUNC] turn=117 ctx=MAIN opts=77 kept=64 dropped_types={ATTACH:12,PLAY:1}
[TRUNC] turn=117 ctx=MAIN opts=77 kept=64 dropped_types={ATTACH:12,PLAY:1}
[TRUNC] turn=117 ctx=MAIN opts=77 kept=64 dropped_types={ATTACH:12,PLAY:1}
[TRUNC] turn=117 ctx=MAIN opts=77 kept=64 dropped_types={ATTACH:12,PLAY:1}
[TRUNC] turn=117 ctx=MAIN opts=77 kept=64 dropped_types={ATTACH:12,PLAY:1}
[TRUNC] turn=117 ctx=MAIN opts=77 kept=64 dropped_types={ATTACH:12,PLAY:1}
[TRUNC] turn=119 ctx=MAIN opts=78 kept=64 dropped_types={ATTACH:12,PLAY:2}
[TRUNC] turn=118 ctx=MAIN opts=91 kept=64 dropped_types={ATTACH:27}
[TRUNC] turn=119 ctx=MAIN opts=80 kept=64 dropped_types={ATTACH:15,PLAY:1}
[TRUNC] turn=121 ctx=MAIN opts=81 kept=64 dropped_types={ATTACH:15,PLAY:2}
[TRUNC] turn=120 ctx=MAIN opts=97 kept=64 dropped_types={ATTACH:33}
[TRUNC] turn=121 ctx=MAIN opts=83 kept=64 dropped_types={ATTACH:18,PLAY:1}
[MULTISELECT] ctx=TO_HAND min=0 max=2 generated_lens=[2] shorter_legal_exists=True shorter_missed=True
[TRUNC] turn=123 ctx=MAIN opts=84 kept=64 dropped_types={ATTACH:18,PLAY:2}
[TRUNC] turn=122 ctx=MAIN opts=103 kept=64 dropped_types={ATTACH:39}
[TRUNC] turn=123 ctx=MAIN opts=86 kept=64 dropped_types={ATTACH:21,PLAY:1}
[MULTISELECT] ctx=DISCARD min=2 max=2 generated_lens=[2] shorter_legal_exists=False shorter_missed=False
[MULTISELECT] ctx=DISCARD min=2 max=2 generated_lens=[2] shorter_legal_exists=False shorter_missed=False
[TRUNC] turn=123 ctx=MAIN opts=86 kept=64 dropped_types={ATTACH:21,PLAY:1}
[TRUNC] turn=123 ctx=MAIN opts=86 kept=64 dropped_types={ATTACH:21,PLAY:1}
[TRUNC] turn=123 ctx=MAIN opts=86 kept=64 dropped_types={ATTACH:21,PLAY:1}
[MULTISELECT] ctx=TO_HAND min=0 max=2 generated_lens=[2] shorter_legal_exists=True shorter_missed=True
[TRUNC] turn=125 ctx=MAIN opts=87 kept=64 dropped_types={ATTACH:21,PLAY:2}
[TRUNC] turn=124 ctx=MAIN opts=97 kept=64 dropped_types={ATTACH:33}
[TRUNC] turn=125 ctx=MAIN opts=89 kept=64 dropped_types={ATTACH:24,PLAY:1}
[TRUNC] turn=127 ctx=MAIN opts=90 kept=64 dropped_types={ATTACH:24,PLAY:2}
[TRUNC] turn=126 ctx=MAIN opts=103 kept=64 dropped_types={ATTACH:39}
[TRUNC] turn=127 ctx=MAIN opts=92 kept=64 dropped_types={ATTACH:27,PLAY:1}
[TRUNC] turn=129 ctx=MAIN opts=93 kept=64 dropped_types={ATTACH:27,PLAY:2}
[TRUNC] turn=128 ctx=MAIN opts=109 kept=64 dropped_types={ATTACH:45}
[TRUNC] turn=129 ctx=MAIN opts=95 kept=64 dropped_types={ATTACH:30,PLAY:1}
[TRUNC] turn=131 ctx=MAIN opts=96 kept=64 dropped_types={ATTACH:30,PLAY:2}
[TRUNC] turn=130 ctx=MAIN opts=115 kept=64 dropped_types={ATTACH:51}
[TRUNC] turn=131 ctx=MAIN opts=98 kept=64 dropped_types={ATTACH:33,PLAY:1}
[TRUNC] turn=133 ctx=MAIN opts=99 kept=64 dropped_types={ATTACH:33,PLAY:2}
[TRUNC] turn=132 ctx=MAIN opts=121 kept=64 dropped_types={ATTACH:57}
[TRUNC] turn=133 ctx=MAIN opts=101 kept=64 dropped_types={ATTACH:36,PLAY:1}
[TRUNC] turn=133 ctx=MAIN opts=101 kept=64 dropped_types={ATTACH:36,PLAY:1}
[TRUNC] turn=133 ctx=MAIN opts=101 kept=64 dropped_types={ATTACH:36,PLAY:1}
[TRUNC] turn=135 ctx=MAIN opts=102 kept=64 dropped_types={ATTACH:36,PLAY:2}
[TRUNC] turn=134 ctx=MAIN opts=121 kept=64 dropped_types={ATTACH:57}
[TRUNC] turn=135 ctx=MAIN opts=104 kept=64 dropped_types={ATTACH:39,PLAY:1}
[MULTISELECT] ctx=SETUP_BENCH_POKEMON min=0 max=5 generated_lens=[5] shorter_legal_exists=True shorter_missed=True
[MULTISELECT] ctx=SETUP_BENCH_POKEMON min=0 max=5 generated_lens=[5] shorter_legal_exists=True shorter_missed=True
[MULTISELECT] ctx=SETUP_BENCH_POKEMON min=0 max=5 generated_lens=[5] shorter_legal_exists=True shorter_missed=True
[MULTISELECT] ctx=SETUP_BENCH_POKEMON min=0 max=5 generated_lens=[5] shorter_legal_exists=True shorter_missed=True
[MULTISELECT] ctx=SETUP_BENCH_POKEMON min=0 max=2 generated_lens=[2] shorter_legal_exists=True shorter_missed=True
[MULTISELECT] ctx=SETUP_BENCH_POKEMON min=0 max=2 generated_lens=[2] shorter_legal_exists=True shorter_missed=True
[MULTISELECT] ctx=TO_HAND min=0 max=3 generated_lens=[3] shorter_legal_exists=True shorter_missed=True
[MULTISELECT] ctx=SETUP_BENCH_POKEMON min=0 max=2 generated_lens=[2] shorter_legal_exists=True shorter_missed=True
[MULTISELECT] ctx=TO_HAND min=0 max=3 generated_lens=[3] shorter_legal_exists=True shorter_missed=True
[MULTISELECT] ctx=TO_HAND min=0 max=3 generated_lens=[3] shorter_legal_exists=True shorter_missed=True
[MULTISELECT] ctx=TO_HAND min=0 max=3 generated_lens=[3] shorter_legal_exists=True shorter_missed=True
[MULTISELECT] ctx=TO_HAND min=0 max=3 generated_lens=[3] shorter_legal_exists=True shorter_missed=True
[MULTISELECT] ctx=TO_HAND min=0 max=3 generated_lens=[3] shorter_legal_exists=True shorter_missed=True
[MULTISELECT] ctx=TO_HAND min=0 max=3 generated_lens=[3] shorter_legal_exists=True shorter_missed=True
[MULTISELECT] ctx=TO_HAND min=0 max=3 generated_lens=[3] shorter_legal_exists=True shorter_missed=True
[MULTISELECT] ctx=TO_HAND min=0 max=3 generated_lens=[3] shorter_legal_exists=True shorter_missed=True
[MULTISELECT] ctx=TO_HAND min=0 max=3 generated_lens=[3] shorter_legal_exists=True shorter_missed=True
[MULTISELECT] ctx=TO_HAND min=0 max=3 generated_lens=[3] shorter_legal_exists=True shorter_missed=True
[MULTISELECT] ctx=TO_HAND min=0 max=3 generated_lens=[3] shorter_legal_exists=True shorter_missed=True
[MULTISELECT] ctx=TO_HAND min=0 max=3 generated_lens=[3] shorter_legal_exists=True shorter_missed=True
[MULTISELECT] ctx=TO_HAND min=0 max=3 generated_lens=[3] shorter_legal_exists=True shorter_missed=True
[MULTISELECT] ctx=TO_HAND min=0 max=3 generated_lens=[3] shorter_legal_exists=True shorter_missed=True
[MULTISELECT] ctx=TO_HAND min=0 max=3 generated_lens=[3] shorter_legal_exists=True shorter_missed=True
[MULTISELECT] ctx=TO_HAND min=0 max=3 generated_lens=[3] shorter_legal_exists=True shorter_missed=True
[MULTISELECT] ctx=TO_HAND min=0 max=3 generated_lens=[3] shorter_legal_exists=True shorter_missed=True
[MULTISELECT] ctx=TO_HAND min=0 max=3 generated_lens=[3] shorter_legal_exists=True shorter_missed=True
[MULTISELECT] ctx=TO_HAND min=0 max=3 generated_lens=[3] shorter_legal_exists=True shorter_missed=True
[MULTISELECT] ctx=TO_HAND min=0 max=3 generated_lens=[3] shorter_legal_exists=True shorter_missed=True
[MULTISELECT] ctx=TO_HAND min=0 max=3 generated_lens=[3] shorter_legal_exists=True shorter_missed=True
[MULTISELECT] ctx=DISCARD min=2 max=2 generated_lens=[2] shorter_legal_exists=False shorter_missed=False
[MULTISELECT] ctx=TO_HAND min=0 max=3 generated_lens=[3] shorter_legal_exists=True shorter_missed=True
[MULTISELECT] ctx=DISCARD min=2 max=2 generated_lens=[2] shorter_legal_exists=False shorter_missed=False
[MULTISELECT] ctx=TO_HAND min=0 max=3 generated_lens=[3] shorter_legal_exists=True shorter_missed=True
[MULTISELECT] ctx=DISCARD min=2 max=2 generated_lens=[2] shorter_legal_exists=False shorter_missed=False
[MULTISELECT] ctx=TO_HAND min=0 max=3 generated_lens=[3] shorter_legal_exists=True shorter_missed=True
[MULTISELECT] ctx=DISCARD min=2 max=2 generated_lens=[2] shorter_legal_exists=False shorter_missed=False
[MULTISELECT] ctx=TO_HAND min=0 max=3 generated_lens=[3] shorter_legal_exists=True shorter_missed=True
[MULTISELECT] ctx=DISCARD min=2 max=2 generated_lens=[2] shorter_legal_exists=False shorter_missed=False
[MULTISELECT] ctx=TO_HAND min=0 max=3 generated_lens=[3] shorter_legal_exists=True shorter_missed=True
[MULTISELECT] ctx=TO_HAND min=0 max=3 generated_lens=[3] shorter_legal_exists=True shorter_missed=True
[MULTISELECT] ctx=TO_HAND min=0 max=3 generated_lens=[3] shorter_legal_exists=True shorter_missed=True
[MULTISELECT] ctx=TO_HAND min=0 max=3 generated_lens=[3] shorter_legal_exists=True shorter_missed=True
[MULTISELECT] ctx=TO_HAND min=0 max=3 generated_lens=[3] shorter_legal_exists=True shorter_missed=True
[MULTISELECT] ctx=TO_HAND min=0 max=3 generated_lens=[3] shorter_legal_exists=True shorter_missed=True
[MULTISELECT] ctx=TO_HAND min=0 max=3 generated_lens=[3] shorter_legal_exists=True shorter_missed=True
[MULTISELECT] ctx=DISCARD min=2 max=2 generated_lens=[2] shorter_legal_exists=False shorter_missed=False
[TRUNC] turn=77 ctx=MAIN opts=65 kept=64 dropped_types={PLAY:1}
[MULTISELECT] ctx=DISCARD min=2 max=2 generated_lens=[2] shorter_legal_exists=False shorter_missed=False
[MULTISELECT] ctx=DISCARD min=2 max=2 generated_lens=[2] shorter_legal_exists=False shorter_missed=False
[MULTISELECT] ctx=DISCARD min=2 max=2 generated_lens=[2] shorter_legal_exists=False shorter_missed=False
[MULTISELECT] ctx=DISCARD min=2 max=2 generated_lens=[2] shorter_legal_exists=False shorter_missed=False
[MULTISELECT] ctx=DISCARD min=2 max=2 generated_lens=[2] shorter_legal_exists=False shorter_missed=False
[MULTISELECT] ctx=DISCARD min=2 max=2 generated_lens=[2] shorter_legal_exists=False shorter_missed=False
[MULTISELECT] ctx=DISCARD min=2 max=2 generated_lens=[2] shorter_legal_exists=False shorter_missed=False
[MULTISELECT] ctx=DISCARD min=2 max=2 generated_lens=[2] shorter_legal_exists=False shorter_missed=False
[MULTISELECT] ctx=DISCARD min=2 max=2 generated_lens=[2] shorter_legal_exists=False shorter_missed=False
[MULTISELECT] ctx=DISCARD min=2 max=2 generated_lens=[2] shorter_legal_exists=False shorter_missed=False
[TRUNC] turn=80 ctx=MAIN opts=73 kept=64 dropped_types={ATTACH:9}
[TRUNC] turn=80 ctx=MAIN opts=73 kept=64 dropped_types={ATTACH:9}
[TRUNC] turn=80 ctx=MAIN opts=73 kept=64 dropped_types={ATTACH:9}
[TRUNC] turn=82 ctx=MAIN opts=79 kept=64 dropped_types={ATTACH:15}
[TRUNC] turn=84 ctx=MAIN opts=85 kept=64 dropped_types={ATTACH:21}
[TRUNC] turn=86 ctx=MAIN opts=85 kept=64 dropped_types={ATTACH:21}
[TRUNC] turn=88 ctx=MAIN opts=79 kept=64 dropped_types={ATTACH:15}
[TRUNC] turn=88 ctx=MAIN opts=79 kept=64 dropped_types={ATTACH:15}
[TRUNC] turn=88 ctx=MAIN opts=79 kept=64 dropped_types={ATTACH:15}
[TRUNC] turn=88 ctx=MAIN opts=79 kept=64 dropped_types={ATTACH:15}
[TRUNC] turn=88 ctx=MAIN opts=79 kept=64 dropped_types={ATTACH:15}
[TRUNC] turn=90 ctx=MAIN opts=85 kept=64 dropped_types={ATTACH:21}
[TRUNC] turn=98 ctx=MAIN opts=67 kept=64 dropped_types={ATTACH:3}
[TRUNC] turn=100 ctx=MAIN opts=73 kept=64 dropped_types={ATTACH:9}
[TRUNC] turn=102 ctx=MAIN opts=79 kept=64 dropped_types={ATTACH:15}
[MULTISELECT] ctx=DISCARD min=2 max=2 generated_lens=[2] shorter_legal_exists=False shorter_missed=False
[MULTISELECT] ctx=DISCARD min=2 max=2 generated_lens=[2] shorter_legal_exists=False shorter_missed=False
[TRUNC] turn=104 ctx=MAIN opts=73 kept=64 dropped_types={ATTACH:9}
[TRUNC] turn=106 ctx=MAIN opts=79 kept=64 dropped_types={ATTACH:15}
[TRUNC] turn=107 ctx=MAIN opts=65 kept=64 dropped_types={PLAY:1}
[TRUNC] turn=108 ctx=MAIN opts=85 kept=64 dropped_types={ATTACH:21}
[TRUNC] turn=109 ctx=MAIN opts=68 kept=64 dropped_types={ATTACH:3,PLAY:1}
[TRUNC] turn=110 ctx=MAIN opts=91 kept=64 dropped_types={ATTACH:27}
[TRUNC] turn=111 ctx=MAIN opts=71 kept=64 dropped_types={ATTACH:6,PLAY:1}
[TRUNC] turn=112 ctx=MAIN opts=97 kept=64 dropped_types={ATTACH:33}
[TRUNC] turn=113 ctx=MAIN opts=74 kept=64 dropped_types={ATTACH:9,PLAY:1}
[TRUNC] turn=113 ctx=MAIN opts=74 kept=64 dropped_types={ATTACH:9,PLAY:1}
[TRUNC] turn=113 ctx=MAIN opts=74 kept=64 dropped_types={ATTACH:9,PLAY:1}
[TRUNC] turn=114 ctx=MAIN opts=103 kept=64 dropped_types={ATTACH:39}
[TRUNC] turn=115 ctx=MAIN opts=77 kept=64 dropped_types={ATTACH:12,PLAY:1}
[TRUNC] turn=116 ctx=MAIN opts=109 kept=64 dropped_types={ATTACH:45}
[TRUNC] turn=117 ctx=MAIN opts=80 kept=64 dropped_types={ATTACH:15,PLAY:1}
[TRUNC] turn=118 ctx=MAIN opts=115 kept=64 dropped_types={ATTACH:51}
[TRUNC] turn=119 ctx=MAIN opts=83 kept=64 dropped_types={ATTACH:18,PLAY:1}
[TRUNC] turn=120 ctx=MAIN opts=121 kept=64 dropped_types={ATTACH:57}
[TRUNC] turn=121 ctx=MAIN opts=86 kept=64 dropped_types={ATTACH:21,PLAY:1}
[TRUNC] turn=122 ctx=MAIN opts=127 kept=64 dropped_types={ATTACH:63}
[TRUNC] turn=123 ctx=MAIN opts=89 kept=64 dropped_types={ATTACH:24,PLAY:1}
[TRUNC] turn=124 ctx=MAIN opts=133 kept=64 dropped_types={ATTACH:69}
[TRUNC] turn=125 ctx=MAIN opts=92 kept=64 dropped_types={ATTACH:27,PLAY:1}
[TRUNC] turn=126 ctx=MAIN opts=139 kept=64 dropped_types={ATTACH:75}
[TRUNC] turn=127 ctx=MAIN opts=95 kept=64 dropped_types={ATTACH:30,PLAY:1}
[TRUNC] turn=127 ctx=MAIN opts=95 kept=64 dropped_types={ATTACH:30,PLAY:1}
[TRUNC] turn=127 ctx=MAIN opts=95 kept=64 dropped_types={ATTACH:30,PLAY:1}
[TRUNC] turn=128 ctx=MAIN opts=139 kept=64 dropped_types={ATTACH:75}
[TRUNC] turn=129 ctx=MAIN opts=98 kept=64 dropped_types={ATTACH:33,PLAY:1}
[TRUNC] turn=130 ctx=MAIN opts=145 kept=64 dropped_types={ATTACH:81}
[TRUNC] turn=131 ctx=MAIN opts=101 kept=64 dropped_types={ATTACH:36,PLAY:1}
[TRUNC] turn=131 ctx=MAIN opts=101 kept=64 dropped_types={ATTACH:36,PLAY:1}
[TRUNC] turn=131 ctx=MAIN opts=101 kept=64 dropped_types={ATTACH:36,PLAY:1}
[TRUNC] turn=131 ctx=MAIN opts=101 kept=64 dropped_types={ATTACH:36,PLAY:1}
[TRUNC] turn=131 ctx=MAIN opts=101 kept=64 dropped_types={ATTACH:36,PLAY:1}
[TRUNC] turn=131 ctx=MAIN opts=101 kept=64 dropped_types={ATTACH:36,PLAY:1}
[TRUNC] turn=131 ctx=MAIN opts=101 kept=64 dropped_types={ATTACH:36,PLAY:1}
[TRUNC] turn=131 ctx=MAIN opts=101 kept=64 dropped_types={ATTACH:36,PLAY:1}
[TRUNC] turn=131 ctx=MAIN opts=101 kept=64 dropped_types={ATTACH:36,PLAY:1}
[TRUNC] turn=131 ctx=MAIN opts=101 kept=64 dropped_types={ATTACH:36,PLAY:1}
[MULTISELECT] ctx=SETUP_BENCH_POKEMON min=0 max=5 generated_lens=[5] shorter_legal_exists=True shorter_missed=True
[MULTISELECT] ctx=SETUP_BENCH_POKEMON min=0 max=5 generated_lens=[5] shorter_legal_exists=True shorter_missed=True
[MULTISELECT] ctx=DISCARD min=2 max=2 generated_lens=[2] shorter_legal_exists=False shorter_missed=False
[MULTISELECT] ctx=DISCARD min=2 max=2 generated_lens=[2] shorter_legal_exists=False shorter_missed=False
[MULTISELECT] ctx=DISCARD min=2 max=2 generated_lens=[2] shorter_legal_exists=False shorter_missed=False
[MULTISELECT] ctx=DISCARD min=2 max=2 generated_lens=[2] shorter_legal_exists=False shorter_missed=False
[MULTISELECT] ctx=DISCARD min=2 max=2 generated_lens=[2] shorter_legal_exists=False shorter_missed=False
[MULTISELECT] ctx=TO_HAND min=0 max=3 generated_lens=[3] shorter_legal_exists=True shorter_missed=True
[MULTISELECT] ctx=DISCARD min=2 max=2 generated_lens=[2] shorter_legal_exists=False shorter_missed=False
[MULTISELECT] ctx=DISCARD min=2 max=2 generated_lens=[2] shorter_legal_exists=False shorter_missed=False
[MULTISELECT] ctx=TO_HAND min=0 max=3 generated_lens=[3] shorter_legal_exists=True shorter_missed=True
[MULTISELECT] ctx=DISCARD min=2 max=2 generated_lens=[2] shorter_legal_exists=False shorter_missed=False
[MULTISELECT] ctx=DISCARD min=2 max=2 generated_lens=[2] shorter_legal_exists=False shorter_missed=False
[MULTISELECT] ctx=TO_HAND min=0 max=2 generated_lens=[2] shorter_legal_exists=True shorter_missed=True
[MULTISELECT] ctx=TO_HAND min=0 max=2 generated_lens=[2] shorter_legal_exists=True shorter_missed=True
[MULTISELECT] ctx=DISCARD min=2 max=2 generated_lens=[2] shorter_legal_exists=False shorter_missed=False
[MULTISELECT] ctx=DISCARD min=2 max=2 generated_lens=[2] shorter_legal_exists=False shorter_missed=False
[MULTISELECT] ctx=DISCARD min=2 max=2 generated_lens=[2] shorter_legal_exists=False shorter_missed=False
[MULTISELECT] ctx=DISCARD min=2 max=2 generated_lens=[2] shorter_legal_exists=False shorter_missed=False
[MULTISELECT] ctx=DISCARD min=2 max=2 generated_lens=[2] shorter_legal_exists=False shorter_missed=False
[MULTISELECT] ctx=DISCARD min=2 max=2 generated_lens=[2] shorter_legal_exists=False shorter_missed=False
[MULTISELECT] ctx=DISCARD min=2 max=2 generated_lens=[2] shorter_legal_exists=False shorter_missed=False
[MULTISELECT] ctx=TO_HAND min=0 max=3 generated_lens=[3] shorter_legal_exists=True shorter_missed=True
[MULTISELECT] ctx=DISCARD min=2 max=2 generated_lens=[2] shorter_legal_exists=False shorter_missed=False
[MULTISELECT] ctx=DISCARD min=2 max=2 generated_lens=[2] shorter_legal_exists=False shorter_missed=False
[MULTISELECT] ctx=DISCARD min=2 max=2 generated_lens=[2] shorter_legal_exists=False shorter_missed=False
[MULTISELECT] ctx=DISCARD min=2 max=2 generated_lens=[2] shorter_legal_exists=False shorter_missed=False
[MULTISELECT] ctx=SETUP_BENCH_POKEMON min=0 max=5 generated_lens=[5] shorter_legal_exists=True shorter_missed=True
[MULTISELECT] ctx=SETUP_BENCH_POKEMON min=0 max=5 generated_lens=[5] shorter_legal_exists=True shorter_missed=True
[MULTISELECT] ctx=SETUP_BENCH_POKEMON min=0 max=4 generated_lens=[4] shorter_legal_exists=True shorter_missed=True
[MULTISELECT] ctx=SETUP_BENCH_POKEMON min=0 max=4 generated_lens=[4] shorter_legal_exists=True shorter_missed=True
[MULTISELECT] ctx=TO_HAND min=0 max=3 generated_lens=[3] shorter_legal_exists=True shorter_missed=True
[MULTISELECT] ctx=TO_HAND min=0 max=3 generated_lens=[3] shorter_legal_exists=True shorter_missed=True
[MULTISELECT] ctx=TO_HAND min=0 max=3 generated_lens=[3] shorter_legal_exists=True shorter_missed=True
[MULTISELECT] ctx=TO_HAND min=0 max=3 generated_lens=[3] shorter_legal_exists=True shorter_missed=True
[MULTISELECT] ctx=TO_HAND min=0 max=3 generated_lens=[3] shorter_legal_exists=True shorter_missed=True
[MULTISELECT] ctx=TO_HAND min=0 max=3 generated_lens=[3] shorter_legal_exists=True shorter_missed=True
[MULTISELECT] ctx=TO_HAND min=0 max=3 generated_lens=[3] shorter_legal_exists=True shorter_missed=True
[MULTISELECT] ctx=TO_HAND min=0 max=3 generated_lens=[3] shorter_legal_exists=True shorter_missed=True
[MULTISELECT] ctx=TO_HAND min=0 max=3 generated_lens=[3] shorter_legal_exists=True shorter_missed=True
[MULTISELECT] ctx=TO_HAND min=0 max=3 generated_lens=[3] shorter_legal_exists=True shorter_missed=True
[MULTISELECT] ctx=TO_HAND min=0 max=3 generated_lens=[3] shorter_legal_exists=True shorter_missed=True
[MULTISELECT] ctx=TO_HAND min=0 max=3 generated_lens=[3] shorter_legal_exists=True shorter_missed=True
[TRUNC] turn=53 ctx=MAIN opts=66 kept=64 dropped_types={ATTACH:1,PLAY:1}
[TRUNC] turn=53 ctx=MAIN opts=66 kept=64 dropped_types={ATTACH:1,PLAY:1}
[TRUNC] turn=55 ctx=MAIN opts=68 kept=64 dropped_types={ATTACH:3,PLAY:1}
[TRUNC] turn=57 ctx=MAIN opts=70 kept=64 dropped_types={ATTACH:5,PLAY:1}
[TRUNC] turn=59 ctx=MAIN opts=72 kept=64 dropped_types={ATTACH:7,PLAY:1}
[TRUNC] turn=61 ctx=MAIN opts=74 kept=64 dropped_types={ATTACH:9,PLAY:1}
[TRUNC] turn=63 ctx=MAIN opts=76 kept=64 dropped_types={ATTACH:11,PLAY:1}
[TRUNC] turn=65 ctx=MAIN opts=78 kept=64 dropped_types={ATTACH:13,PLAY:1}
[TRUNC] turn=67 ctx=MAIN opts=78 kept=64 dropped_types={ATTACH:13,PLAY:1}
[TRUNC] turn=69 ctx=MAIN opts=80 kept=64 dropped_types={ATTACH:15,PLAY:1}
[TRUNC] turn=71 ctx=MAIN opts=82 kept=64 dropped_types={ATTACH:17,PLAY:1}
[TRUNC] turn=73 ctx=MAIN opts=84 kept=64 dropped_types={ATTACH:19,PLAY:1}
[TRUNC] turn=75 ctx=MAIN opts=86 kept=64 dropped_types={ATTACH:21,PLAY:1}
[TRUNC] turn=77 ctx=MAIN opts=88 kept=64 dropped_types={ATTACH:23,PLAY:1}
[MULTISELECT] ctx=DISCARD min=2 max=2 generated_lens=[2] shorter_legal_exists=False shorter_missed=False
[TRUNC] turn=77 ctx=MAIN opts=88 kept=64 dropped_types={ATTACH:23,PLAY:1}
[MULTISELECT] ctx=DISCARD min=2 max=2 generated_lens=[2] shorter_legal_exists=False shorter_missed=False
[TRUNC] turn=77 ctx=MAIN opts=88 kept=64 dropped_types={ATTACH:23,PLAY:1}
[TRUNC] turn=77 ctx=MAIN opts=88 kept=64 dropped_types={ATTACH:23,PLAY:1}
[TRUNC] turn=77 ctx=MAIN opts=88 kept=64 dropped_types={ATTACH:23,PLAY:1}
[TRUNC] turn=77 ctx=MAIN opts=88 kept=64 dropped_types={ATTACH:23,PLAY:1}
[TRUNC] turn=77 ctx=MAIN opts=88 kept=64 dropped_types={ATTACH:23,PLAY:1}
[TRUNC] turn=79 ctx=MAIN opts=90 kept=64 dropped_types={ATTACH:25,PLAY:1}
[TRUNC] turn=79 ctx=MAIN opts=90 kept=64 dropped_types={ATTACH:25,PLAY:1}
[TRUNC] turn=79 ctx=MAIN opts=90 kept=64 dropped_types={ATTACH:25,PLAY:1}
[MULTISELECT] ctx=SETUP_BENCH_POKEMON min=0 max=5 generated_lens=[5] shorter_legal_exists=True shorter_missed=True
[MULTISELECT] ctx=SETUP_BENCH_POKEMON min=0 max=5 generated_lens=[5] shorter_legal_exists=True shorter_missed=True
[MULTISELECT] ctx=SETUP_BENCH_POKEMON min=0 max=5 generated_lens=[5] shorter_legal_exists=True shorter_missed=True
[MULTISELECT] ctx=DISCARD min=2 max=2 generated_lens=[2] shorter_legal_exists=False shorter_missed=False
[MULTISELECT] ctx=DISCARD min=2 max=2 generated_lens=[2] shorter_legal_exists=False shorter_missed=False
[MULTISELECT] ctx=DISCARD min=2 max=2 generated_lens=[2] shorter_legal_exists=False shorter_missed=False
[MULTISELECT] ctx=DISCARD min=2 max=2 generated_lens=[2] shorter_legal_exists=False shorter_missed=False
[MULTISELECT] ctx=DISCARD min=2 max=2 generated_lens=[2] shorter_legal_exists=False shorter_missed=False
[MULTISELECT] ctx=DISCARD min=2 max=2 generated_lens=[2] shorter_legal_exists=False shorter_missed=False
[MULTISELECT] ctx=DISCARD min=2 max=2 generated_lens=[2] shorter_legal_exists=False shorter_missed=False
[MULTISELECT] ctx=DISCARD min=2 max=2 generated_lens=[2] shorter_legal_exists=False shorter_missed=False
[MULTISELECT] ctx=TO_HAND min=0 max=2 generated_lens=[2] shorter_legal_exists=True shorter_missed=True
[MULTISELECT] ctx=TO_HAND min=0 max=3 generated_lens=[3] shorter_legal_exists=True shorter_missed=True
[MULTISELECT] ctx=TO_HAND min=0 max=3 generated_lens=[3] shorter_legal_exists=True shorter_missed=True
[MULTISELECT] ctx=TO_HAND min=0 max=3 generated_lens=[3] shorter_legal_exists=True shorter_missed=True
[MULTISELECT] ctx=TO_HAND min=0 max=3 generated_lens=[3] shorter_legal_exists=True shorter_missed=True
[MULTISELECT] ctx=DISCARD min=2 max=2 generated_lens=[2] shorter_legal_exists=False shorter_missed=False
[MULTISELECT] ctx=DISCARD min=2 max=2 generated_lens=[2] shorter_legal_exists=False shorter_missed=False
[MULTISELECT] ctx=DISCARD min=2 max=2 generated_lens=[2] shorter_legal_exists=False shorter_missed=False
[MULTISELECT] ctx=DISCARD min=2 max=2 generated_lens=[2] shorter_legal_exists=False shorter_missed=False
[MULTISELECT] ctx=DISCARD min=2 max=2 generated_lens=[2] shorter_legal_exists=False shorter_missed=False
[MULTISELECT] ctx=DISCARD min=2 max=2 generated_lens=[2] shorter_legal_exists=False shorter_missed=False
[MULTISELECT] ctx=DISCARD min=2 max=2 generated_lens=[2] shorter_legal_exists=False shorter_missed=False
[MULTISELECT] ctx=TO_HAND min=0 max=2 generated_lens=[2] shorter_legal_exists=True shorter_missed=True
[MULTISELECT] ctx=TO_HAND min=0 max=2 generated_lens=[2] shorter_legal_exists=True shorter_missed=True
[MULTISELECT] ctx=DISCARD min=2 max=2 generated_lens=[2] shorter_legal_exists=False shorter_missed=False
[MULTISELECT] ctx=DISCARD min=2 max=2 generated_lens=[2] shorter_legal_exists=False shorter_missed=False
[MULTISELECT] ctx=TO_HAND min=2 max=2 generated_lens=[2] shorter_legal_exists=False shorter_missed=False
[MULTISELECT] ctx=TO_HAND min=2 max=2 generated_lens=[2] shorter_legal_exists=False shorter_missed=False
[MULTISELECT] ctx=SETUP_BENCH_POKEMON min=0 max=5 generated_lens=[5] shorter_legal_exists=True shorter_missed=True
[MULTISELECT] ctx=SETUP_BENCH_POKEMON min=0 max=5 generated_lens=[5] shorter_legal_exists=True shorter_missed=True
[MULTISELECT] ctx=TO_HAND min=0 max=2 generated_lens=[2] shorter_legal_exists=True shorter_missed=True
[MULTISELECT] ctx=DISCARD min=2 max=2 generated_lens=[2] shorter_legal_exists=False shorter_missed=False
[MULTISELECT] ctx=DISCARD min=2 max=2 generated_lens=[2] shorter_legal_exists=False shorter_missed=False
[MULTISELECT] ctx=DISCARD min=2 max=2 generated_lens=[2] shorter_legal_exists=False shorter_missed=False
[MULTISELECT] ctx=DISCARD min=2 max=2 generated_lens=[2] shorter_legal_exists=False shorter_missed=False
[MULTISELECT] ctx=TO_HAND min=0 max=3 generated_lens=[3] shorter_legal_exists=True shorter_missed=True
[MULTISELECT] ctx=TO_HAND min=0 max=2 generated_lens=[2] shorter_legal_exists=True shorter_missed=True
[MULTISELECT] ctx=TO_HAND min=0 max=3 generated_lens=[3] shorter_legal_exists=True shorter_missed=True
[MULTISELECT] ctx=TO_HAND min=0 max=3 generated_lens=[3] shorter_legal_exists=True shorter_missed=True
[MULTISELECT] ctx=TO_DECK min=2 max=2 generated_lens=[2] shorter_legal_exists=False shorter_missed=False
[MULTISELECT] ctx=TO_DECK min=2 max=2 generated_lens=[2] shorter_legal_exists=False shorter_missed=False
[MULTISELECT] ctx=DISCARD min=2 max=2 generated_lens=[2] shorter_legal_exists=False shorter_missed=False
[MULTISELECT] ctx=DISCARD min=2 max=2 generated_lens=[2] shorter_legal_exists=False shorter_missed=False
[MULTISELECT] ctx=DISCARD min=2 max=2 generated_lens=[2] shorter_legal_exists=False shorter_missed=False
[MULTISELECT] ctx=DISCARD min=2 max=2 generated_lens=[2] shorter_legal_exists=False shorter_missed=False
[MULTISELECT] ctx=DISCARD min=2 max=2 generated_lens=[2] shorter_legal_exists=False shorter_missed=False
[MULTISELECT] ctx=DISCARD min=2 max=2 generated_lens=[2] shorter_legal_exists=False shorter_missed=False
[MULTISELECT] ctx=DISCARD min=2 max=2 generated_lens=[2] shorter_legal_exists=False shorter_missed=False
[MULTISELECT] ctx=TO_HAND min=0 max=3 generated_lens=[3] shorter_legal_exists=True shorter_missed=True
[MULTISELECT] ctx=TO_HAND min=0 max=3 generated_lens=[3] shorter_legal_exists=True shorter_missed=True
[MULTISELECT] ctx=TO_HAND min=0 max=3 generated_lens=[3] shorter_legal_exists=True shorter_missed=True
[TRUNC] turn=21 ctx=MAIN opts=68 kept=64 dropped_types={ATTACH:3,RETREAT:1}
[MULTISELECT] ctx=DISCARD min=2 max=2 generated_lens=[2] shorter_legal_exists=False shorter_missed=False
[TRUNC] turn=21 ctx=MAIN opts=68 kept=64 dropped_types={ATTACH:3,RETREAT:1}
[MULTISELECT] ctx=DISCARD min=2 max=2 generated_lens=[2] shorter_legal_exists=False shorter_missed=False
[MULTISELECT] ctx=DISCARD min=2 max=2 generated_lens=[2] shorter_legal_exists=False shorter_missed=False
[TRUNC] turn=21 ctx=MAIN opts=68 kept=64 dropped_types={ATTACH:3,RETREAT:1}
[TRUNC] turn=21 ctx=MAIN opts=68 kept=64 dropped_types={ATTACH:3,RETREAT:1}
[TRUNC] turn=21 ctx=MAIN opts=68 kept=64 dropped_types={ATTACH:3,RETREAT:1}
[TRUNC] turn=21 ctx=MAIN opts=68 kept=64 dropped_types={ATTACH:3,RETREAT:1}
[TRUNC] turn=21 ctx=MAIN opts=68 kept=64 dropped_types={ATTACH:3,RETREAT:1}
[TRUNC] turn=21 ctx=MAIN opts=68 kept=64 dropped_types={ATTACH:3,RETREAT:1}
[TRUNC] turn=21 ctx=MAIN opts=68 kept=64 dropped_types={ATTACH:3,RETREAT:1}
[MULTISELECT] ctx=TO_HAND min=0 max=3 generated_lens=[3] shorter_legal_exists=True shorter_missed=True
[TRUNC] turn=23 ctx=MAIN opts=74 kept=64 dropped_types={ATTACH:9,RETREAT:1}
[TRUNC] turn=23 ctx=MAIN opts=74 kept=64 dropped_types={ATTACH:9,RETREAT:1}
[MULTISELECT] ctx=DISCARD min=2 max=2 generated_lens=[2] shorter_legal_exists=False shorter_missed=False
[MULTISELECT] ctx=DISCARD min=2 max=2 generated_lens=[2] shorter_legal_exists=False shorter_missed=False
[TRUNC] turn=23 ctx=MAIN opts=74 kept=64 dropped_types={ATTACH:9,RETREAT:1}
[TRUNC] turn=23 ctx=MAIN opts=74 kept=64 dropped_types={ATTACH:9,RETREAT:1}
[TRUNC] turn=23 ctx=MAIN opts=74 kept=64 dropped_types={ATTACH:9,RETREAT:1}
[TRUNC] turn=23 ctx=MAIN opts=74 kept=64 dropped_types={ATTACH:9,RETREAT:1}
[TRUNC] turn=25 ctx=MAIN opts=80 kept=64 dropped_types={ATTACH:15,RETREAT:1}
[TRUNC] turn=25 ctx=MAIN opts=80 kept=64 dropped_types={ATTACH:15,RETREAT:1}
[TRUNC] turn=25 ctx=MAIN opts=80 kept=64 dropped_types={ATTACH:15,RETREAT:1}
[MULTISELECT] ctx=DISCARD min=2 max=2 generated_lens=[2] shorter_legal_exists=False shorter_missed=False
[TRUNC] turn=27 ctx=MAIN opts=86 kept=64 dropped_types={ATTACH:21,RETREAT:1}
[TRUNC] turn=27 ctx=MAIN opts=86 kept=64 dropped_types={ATTACH:21,RETREAT:1}
[TRUNC] turn=27 ctx=MAIN opts=86 kept=64 dropped_types={ATTACH:21,RETREAT:1}
[TRUNC] turn=27 ctx=MAIN opts=86 kept=64 dropped_types={ATTACH:21,RETREAT:1}
[TRUNC] turn=27 ctx=MAIN opts=86 kept=64 dropped_types={ATTACH:21,RETREAT:1}
[TRUNC] turn=27 ctx=MAIN opts=86 kept=64 dropped_types={ATTACH:21,RETREAT:1}
[MULTISELECT] ctx=DISCARD min=2 max=2 generated_lens=[2] shorter_legal_exists=False shorter_missed=False
[MULTISELECT] ctx=DISCARD min=2 max=2 generated_lens=[2] shorter_legal_exists=False shorter_missed=False
[TRUNC] turn=29 ctx=MAIN opts=92 kept=64 dropped_types={ATTACH:27,RETREAT:1}
[MULTISELECT] ctx=TO_HAND min=0 max=3 generated_lens=[3] shorter_legal_exists=True shorter_missed=True
[TRUNC] turn=29 ctx=MAIN opts=92 kept=64 dropped_types={ATTACH:27,RETREAT:1}
[MULTISELECT] ctx=TO_HAND min=0 max=2 generated_lens=[2] shorter_legal_exists=True shorter_missed=True
[TRUNC] turn=29 ctx=MAIN opts=92 kept=64 dropped_types={ATTACH:27,RETREAT:1}
[TRUNC] turn=29 ctx=MAIN opts=92 kept=64 dropped_types={ATTACH:27,RETREAT:1}
[TRUNC] turn=29 ctx=MAIN opts=92 kept=64 dropped_types={ATTACH:27,RETREAT:1}
[TRUNC] turn=29 ctx=MAIN opts=92 kept=64 dropped_types={ATTACH:27,RETREAT:1}
[TRUNC] turn=29 ctx=MAIN opts=92 kept=64 dropped_types={ATTACH:27,RETREAT:1}
[TRUNC] turn=31 ctx=MAIN opts=98 kept=64 dropped_types={ATTACH:33,RETREAT:1}
[TRUNC] turn=31 ctx=MAIN opts=98 kept=64 dropped_types={ATTACH:33,RETREAT:1}
[TRUNC] turn=31 ctx=MAIN opts=98 kept=64 dropped_types={ATTACH:33,RETREAT:1}
[TRUNC] turn=31 ctx=MAIN opts=98 kept=64 dropped_types={ATTACH:33,RETREAT:1}
[TRUNC] turn=33 ctx=MAIN opts=104 kept=64 dropped_types={ATTACH:39,RETREAT:1}
[TRUNC] turn=33 ctx=MAIN opts=104 kept=64 dropped_types={ATTACH:39,RETREAT:1}
[MULTISELECT] ctx=TO_HAND min=0 max=2 generated_lens=[2] shorter_legal_exists=True shorter_missed=True
[MULTISELECT] ctx=TO_HAND min=0 max=3 generated_lens=[3] shorter_legal_exists=True shorter_missed=True
[MULTISELECT] ctx=TO_HAND min=0 max=3 generated_lens=[3] shorter_legal_exists=True shorter_missed=True
[TRUNC] turn=33 ctx=MAIN opts=104 kept=64 dropped_types={ATTACH:39,RETREAT:1}
[MULTISELECT] ctx=TO_HAND min=0 max=2 generated_lens=[2] shorter_legal_exists=True shorter_missed=True
[MULTISELECT] ctx=TO_HAND min=0 max=3 generated_lens=[3] shorter_legal_exists=True shorter_missed=True
[TRUNC] turn=33 ctx=MAIN opts=104 kept=64 dropped_types={ATTACH:39,RETREAT:1}
[TRUNC] turn=33 ctx=MAIN opts=104 kept=64 dropped_types={ATTACH:39,RETREAT:1}
[TRUNC] turn=33 ctx=MAIN opts=104 kept=64 dropped_types={ATTACH:39,RETREAT:1}
[TRUNC] turn=33 ctx=MAIN opts=104 kept=64 dropped_types={ATTACH:39,RETREAT:1}
[MULTISELECT] ctx=TO_HAND min=0 max=2 generated_lens=[2] shorter_legal_exists=True shorter_missed=True
[TRUNC] turn=35 ctx=MAIN opts=110 kept=64 dropped_types={ATTACH:45,RETREAT:1}
[MULTISELECT] ctx=TO_HAND min=0 max=3 generated_lens=[3] shorter_legal_exists=True shorter_missed=True
[TRUNC] turn=35 ctx=MAIN opts=110 kept=64 dropped_types={ATTACH:45,RETREAT:1}
[TRUNC] turn=35 ctx=MAIN opts=110 kept=64 dropped_types={ATTACH:45,RETREAT:1}
[TRUNC] turn=35 ctx=MAIN opts=110 kept=64 dropped_types={ATTACH:45,RETREAT:1}
[MULTISELECT] ctx=DISCARD_ENERGY_CARD min=0 max=2 generated_lens=[2] shorter_legal_exists=True shorter_missed=True
[TRUNC] turn=35 ctx=MAIN opts=110 kept=64 dropped_types={ATTACH:45,RETREAT:1}
[MULTISELECT] ctx=DISCARD_ENERGY_CARD min=0 max=2 generated_lens=[2] shorter_legal_exists=True shorter_missed=True
[TRUNC] turn=35 ctx=MAIN opts=110 kept=64 dropped_types={ATTACH:45,RETREAT:1}
[MULTISELECT] ctx=DISCARD_ENERGY_CARD min=0 max=2 generated_lens=[2] shorter_legal_exists=True shorter_missed=True
[TRUNC] turn=35 ctx=MAIN opts=110 kept=64 dropped_types={ATTACH:45,RETREAT:1}
[TRUNC] turn=35 ctx=MAIN opts=110 kept=64 dropped_types={ATTACH:45,RETREAT:1}
[TRUNC] turn=37 ctx=MAIN opts=110 kept=64 dropped_types={ATTACH:45,RETREAT:1}
[TRUNC] turn=35 ctx=MAIN opts=110 kept=64 dropped_types={ATTACH:45,RETREAT:1}
[TRUNC] turn=37 ctx=MAIN opts=110 kept=64 dropped_types={ATTACH:45,RETREAT:1}
[TRUNC] turn=37 ctx=MAIN opts=116 kept=64 dropped_types={ATTACH:51,RETREAT:1}
[TRUNC] turn=37 ctx=MAIN opts=116 kept=64 dropped_types={ATTACH:51,RETREAT:1}
[TRUNC] turn=39 ctx=MAIN opts=116 kept=64 dropped_types={ATTACH:51,RETREAT:1}
[TRUNC] turn=39 ctx=MAIN opts=122 kept=64 dropped_types={ATTACH:57,RETREAT:1}
[TRUNC] turn=41 ctx=MAIN opts=122 kept=64 dropped_types={ATTACH:57,RETREAT:1}
[TRUNC] turn=41 ctx=MAIN opts=128 kept=64 dropped_types={ATTACH:63,RETREAT:1}
[MULTISELECT] ctx=DISCARD min=2 max=2 generated_lens=[2] shorter_legal_exists=False shorter_missed=False
[MULTISELECT] ctx=DISCARD min=2 max=2 generated_lens=[2] shorter_legal_exists=False shorter_missed=False
[MULTISELECT] ctx=DISCARD min=2 max=2 generated_lens=[2] shorter_legal_exists=False shorter_missed=False
[TRUNC] turn=43 ctx=MAIN opts=116 kept=64 dropped_types={ATTACH:51,RETREAT:1}
[TRUNC] turn=43 ctx=MAIN opts=116 kept=64 dropped_types={ATTACH:51,RETREAT:1}
[TRUNC] turn=43 ctx=MAIN opts=116 kept=64 dropped_types={ATTACH:51,RETREAT:1}
[TRUNC] turn=45 ctx=MAIN opts=122 kept=64 dropped_types={ATTACH:57,RETREAT:1}
[TRUNC] turn=45 ctx=MAIN opts=122 kept=64 dropped_types={ATTACH:57,RETREAT:1}
[TRUNC] turn=45 ctx=MAIN opts=122 kept=64 dropped_types={ATTACH:57,RETREAT:1}
[TRUNC] turn=45 ctx=MAIN opts=122 kept=64 dropped_types={ATTACH:57,RETREAT:1}
[TRUNC] turn=47 ctx=MAIN opts=122 kept=64 dropped_types={ATTACH:57,RETREAT:1}
[TRUNC] turn=47 ctx=MAIN opts=128 kept=64 dropped_types={ATTACH:63,RETREAT:1}
[TRUNC] turn=49 ctx=MAIN opts=128 kept=64 dropped_types={ATTACH:63,RETREAT:1}
[TRUNC] turn=49 ctx=MAIN opts=134 kept=64 dropped_types={ATTACH:69,RETREAT:1}
[MULTISELECT] ctx=SETUP_BENCH_POKEMON min=0 max=2 generated_lens=[2] shorter_legal_exists=True shorter_missed=True
[MULTISELECT] ctx=SETUP_BENCH_POKEMON min=0 max=2 generated_lens=[2] shorter_legal_exists=True shorter_missed=True
[MULTISELECT] ctx=DISCARD min=2 max=2 generated_lens=[2] shorter_legal_exists=False shorter_missed=False
[MULTISELECT] ctx=SETUP_BENCH_POKEMON min=0 max=2 generated_lens=[2] shorter_legal_exists=True shorter_missed=True
[MULTISELECT] ctx=DISCARD min=2 max=2 generated_lens=[2] shorter_legal_exists=False shorter_missed=False
[MULTISELECT] ctx=DISCARD min=2 max=2 generated_lens=[2] shorter_legal_exists=False shorter_missed=False
[MULTISELECT] ctx=TO_HAND min=0 max=3 generated_lens=[3] shorter_legal_exists=True shorter_missed=True
[MULTISELECT] ctx=TO_HAND min=0 max=3 generated_lens=[3] shorter_legal_exists=True shorter_missed=True
[MULTISELECT] ctx=TO_DECK min=2 max=2 generated_lens=[2] shorter_legal_exists=False shorter_missed=False
[MULTISELECT] ctx=TO_DECK min=2 max=2 generated_lens=[2] shorter_legal_exists=False shorter_missed=False
[MULTISELECT] ctx=TO_HAND min=0 max=3 generated_lens=[3] shorter_legal_exists=True shorter_missed=True
[MULTISELECT] ctx=TO_HAND min=0 max=3 generated_lens=[3] shorter_legal_exists=True shorter_missed=True
[MULTISELECT] ctx=TO_HAND min=0 max=3 generated_lens=[3] shorter_legal_exists=True shorter_missed=True
[MULTISELECT] ctx=TO_HAND min=0 max=3 generated_lens=[3] shorter_legal_exists=True shorter_missed=True
[MULTISELECT] ctx=TO_HAND min=0 max=3 generated_lens=[3] shorter_legal_exists=True shorter_missed=True
[MULTISELECT] ctx=TO_HAND min=2 max=2 generated_lens=[2] shorter_legal_exists=False shorter_missed=False
[MULTISELECT] ctx=TO_HAND min=2 max=2 generated_lens=[2] shorter_legal_exists=False shorter_missed=False
[MULTISELECT] ctx=TO_HAND min=2 max=2 generated_lens=[2] shorter_legal_exists=False shorter_missed=False
[MULTISELECT] ctx=TO_HAND min=2 max=2 generated_lens=[2] shorter_legal_exists=False shorter_missed=False
[MULTISELECT] ctx=TO_HAND min=2 max=2 generated_lens=[2] shorter_legal_exists=False shorter_missed=False
[MULTISELECT] ctx=TO_HAND min=2 max=2 generated_lens=[2] shorter_legal_exists=False shorter_missed=False
[MULTISELECT] ctx=TO_HAND min=2 max=2 generated_lens=[2] shorter_legal_exists=False shorter_missed=False
[MULTISELECT] ctx=DISCARD min=2 max=2 generated_lens=[2] shorter_legal_exists=False shorter_missed=False
[MULTISELECT] ctx=DISCARD min=2 max=2 generated_lens=[2] shorter_legal_exists=False shorter_missed=False
[MULTISELECT] ctx=DISCARD min=2 max=2 generated_lens=[2] shorter_legal_exists=False shorter_missed=False
[MULTISELECT] ctx=DISCARD min=2 max=2 generated_lens=[2] shorter_legal_exists=False shorter_missed=False
[MULTISELECT] ctx=DISCARD min=2 max=2 generated_lens=[2] shorter_legal_exists=False shorter_missed=False
[MULTISELECT] ctx=DISCARD min=2 max=2 generated_lens=[2] shorter_legal_exists=False shorter_missed=False
[MULTISELECT] ctx=DISCARD min=2 max=2 generated_lens=[2] shorter_legal_exists=False shorter_missed=False
[MULTISELECT] ctx=DISCARD min=2 max=2 generated_lens=[2] shorter_legal_exists=False shorter_missed=False
[MULTISELECT] ctx=DISCARD min=2 max=2 generated_lens=[2] shorter_legal_exists=False shorter_missed=False
[MULTISELECT] ctx=DISCARD min=2 max=2 generated_lens=[2] shorter_legal_exists=False shorter_missed=False
[MULTISELECT] ctx=DISCARD min=2 max=2 generated_lens=[2] shorter_legal_exists=False shorter_missed=False
[MULTISELECT] ctx=DISCARD min=2 max=2 generated_lens=[2] shorter_legal_exists=False shorter_missed=False
[MULTISELECT] ctx=DISCARD min=2 max=2 generated_lens=[2] shorter_legal_exists=False shorter_missed=False
[MULTISELECT] ctx=DISCARD min=2 max=2 generated_lens=[2] shorter_legal_exists=False shorter_missed=False
[MULTISELECT] ctx=DISCARD min=2 max=2 generated_lens=[2] shorter_legal_exists=False shorter_missed=False
[MULTISELECT] ctx=DISCARD min=2 max=2 generated_lens=[2] shorter_legal_exists=False shorter_missed=False
[MULTISELECT] ctx=DISCARD min=2 max=2 generated_lens=[2] shorter_legal_exists=False shorter_missed=False
[MULTISELECT] ctx=DISCARD min=2 max=2 generated_lens=[2] shorter_legal_exists=False shorter_missed=False
[MULTISELECT] ctx=DISCARD min=2 max=2 generated_lens=[2] shorter_legal_exists=False shorter_missed=False
[MULTISELECT] ctx=DISCARD min=2 max=2 generated_lens=[2] shorter_legal_exists=False shorter_missed=False
[MULTISELECT] ctx=DISCARD min=2 max=2 generated_lens=[2] shorter_legal_exists=False shorter_missed=False
[MULTISELECT] ctx=TO_DECK min=2 max=2 generated_lens=[2] shorter_legal_exists=False shorter_missed=False
[MULTISELECT] ctx=TO_DECK min=2 max=2 generated_lens=[2] shorter_legal_exists=False shorter_missed=False
[MULTISELECT] ctx=TO_DECK min=2 max=2 generated_lens=[2] shorter_legal_exists=False shorter_missed=False
[TRUNC] turn=41 ctx=MAIN opts=68 kept=64 dropped_types={ABILITY:1,ATTACH:3}
[TRUNC] turn=41 ctx=MAIN opts=68 kept=64 dropped_types={ABILITY:1,ATTACH:3}
[TRUNC] turn=41 ctx=MAIN opts=68 kept=64 dropped_types={ABILITY:1,ATTACH:3}
[TRUNC] turn=41 ctx=MAIN opts=68 kept=64 dropped_types={ABILITY:1,ATTACH:3}
[TRUNC] turn=41 ctx=MAIN opts=68 kept=64 dropped_types={ABILITY:1,ATTACH:3}
[TRUNC] turn=41 ctx=MAIN opts=68 kept=64 dropped_types={ABILITY:1,ATTACH:3}
[TRUNC] turn=41 ctx=MAIN opts=68 kept=64 dropped_types={ABILITY:1,ATTACH:3}
[TRUNC] turn=41 ctx=MAIN opts=68 kept=64 dropped_types={ABILITY:1,ATTACH:3}
[TRUNC] turn=41 ctx=MAIN opts=68 kept=64 dropped_types={ABILITY:1,ATTACH:3}
[TRUNC] turn=41 ctx=MAIN opts=68 kept=64 dropped_types={ABILITY:1,ATTACH:3}
[TRUNC] turn=43 ctx=MAIN opts=68 kept=64 dropped_types={ABILITY:1,ATTACH:3}
[TRUNC] turn=43 ctx=MAIN opts=88 kept=64 dropped_types={ABILITY:1,ATTACH:22,RETREAT:1}
[TRUNC] turn=43 ctx=MAIN opts=88 kept=64 dropped_types={ABILITY:1,ATTACH:22,RETREAT:1}
[TRUNC] turn=43 ctx=MAIN opts=88 kept=64 dropped_types={ABILITY:1,ATTACH:22,RETREAT:1}
[TRUNC] turn=43 ctx=MAIN opts=85 kept=64 dropped_types={ATTACH:21}
[TRUNC] turn=43 ctx=MAIN opts=85 kept=64 dropped_types={ATTACH:21}
[TRUNC] turn=43 ctx=MAIN opts=85 kept=64 dropped_types={ATTACH:21}
[TRUNC] turn=43 ctx=MAIN opts=85 kept=64 dropped_types={ATTACH:21}
[TRUNC] turn=43 ctx=MAIN opts=85 kept=64 dropped_types={ATTACH:21}
[TRUNC] turn=43 ctx=MAIN opts=85 kept=64 dropped_types={ATTACH:21}
[TRUNC] turn=43 ctx=MAIN opts=85 kept=64 dropped_types={ATTACH:21}
[TRUNC] turn=43 ctx=MAIN opts=85 kept=64 dropped_types={ATTACH:21}
[TRUNC] turn=43 ctx=MAIN opts=85 kept=64 dropped_types={ATTACH:21}
[TRUNC] turn=43 ctx=MAIN opts=85 kept=64 dropped_types={ATTACH:21}
[TRUNC] turn=43 ctx=MAIN opts=85 kept=64 dropped_types={ATTACH:21}
[MULTISELECT] ctx=TO_HAND min=2 max=2 generated_lens=[2] shorter_legal_exists=False shorter_missed=False
[MULTISELECT] ctx=TO_HAND min=2 max=2 generated_lens=[2] shorter_legal_exists=False shorter_missed=False
[TRUNC] turn=45 ctx=MAIN opts=85 kept=64 dropped_types={ABILITY:1,ATTACH:18,PLAY:1,RETREAT:1}
[TRUNC] turn=45 ctx=MAIN opts=85 kept=64 dropped_types={ABILITY:1,ATTACH:18,PLAY:1,RETREAT:1}
[TRUNC] turn=45 ctx=MAIN opts=85 kept=64 dropped_types={ABILITY:1,ATTACH:18,PLAY:1,RETREAT:1}
[TRUNC] turn=45 ctx=MAIN opts=85 kept=64 dropped_types={ABILITY:1,ATTACH:18,PLAY:1,RETREAT:1}
[TRUNC] turn=45 ctx=MAIN opts=85 kept=64 dropped_types={ABILITY:1,ATTACH:18,PLAY:1,RETREAT:1}
[TRUNC] turn=45 ctx=MAIN opts=85 kept=64 dropped_types={ABILITY:1,ATTACH:18,PLAY:1,RETREAT:1}
[TRUNC] turn=45 ctx=MAIN opts=85 kept=64 dropped_types={ABILITY:1,ATTACH:18,PLAY:1,RETREAT:1}
[TRUNC] turn=45 ctx=MAIN opts=85 kept=64 dropped_types={ABILITY:1,ATTACH:18,PLAY:1,RETREAT:1}
[TRUNC] turn=45 ctx=MAIN opts=85 kept=64 dropped_types={ABILITY:1,ATTACH:18,PLAY:1,RETREAT:1}
[TRUNC] turn=45 ctx=MAIN opts=85 kept=64 dropped_types={ABILITY:1,ATTACH:18,PLAY:1,RETREAT:1}
[TRUNC] turn=45 ctx=MAIN opts=85 kept=64 dropped_types={ABILITY:1,ATTACH:18,PLAY:1,RETREAT:1}
[TRUNC] turn=45 ctx=MAIN opts=85 kept=64 dropped_types={ABILITY:1,ATTACH:18,PLAY:1,RETREAT:1}
[TRUNC] turn=45 ctx=MAIN opts=85 kept=64 dropped_types={ABILITY:1,ATTACH:18,PLAY:1,RETREAT:1}
[MULTISELECT] ctx=TO_HAND min=2 max=2 generated_lens=[2] shorter_legal_exists=False shorter_missed=False
[MULTISELECT] ctx=TO_HAND min=2 max=2 generated_lens=[2] shorter_legal_exists=False shorter_missed=False
[MULTISELECT] ctx=TO_HAND min=2 max=2 generated_lens=[2] shorter_legal_exists=False shorter_missed=False
[TRUNC] turn=47 ctx=MAIN opts=124 kept=64 dropped_types={ABILITY:1,ATTACH:58,RETREAT:1}
[TRUNC] turn=47 ctx=MAIN opts=124 kept=64 dropped_types={ABILITY:1,ATTACH:58,RETREAT:1}
[TRUNC] turn=47 ctx=MAIN opts=124 kept=64 dropped_types={ABILITY:1,ATTACH:58,RETREAT:1}
[TRUNC] turn=47 ctx=MAIN opts=124 kept=64 dropped_types={ABILITY:1,ATTACH:58,RETREAT:1}
[TRUNC] turn=47 ctx=MAIN opts=124 kept=64 dropped_types={ABILITY:1,ATTACH:58,RETREAT:1}
[TRUNC] turn=47 ctx=MAIN opts=124 kept=64 dropped_types={ABILITY:1,ATTACH:58,RETREAT:1}
[TRUNC] turn=47 ctx=MAIN opts=124 kept=64 dropped_types={ABILITY:1,ATTACH:58,RETREAT:1}
[TRUNC] turn=47 ctx=MAIN opts=124 kept=64 dropped_types={ABILITY:1,ATTACH:58,RETREAT:1}
[TRUNC] turn=47 ctx=MAIN opts=124 kept=64 dropped_types={ABILITY:1,ATTACH:58,RETREAT:1}
[TRUNC] turn=47 ctx=MAIN opts=124 kept=64 dropped_types={ABILITY:1,ATTACH:58,RETREAT:1}
[TRUNC] turn=47 ctx=MAIN opts=124 kept=64 dropped_types={ABILITY:1,ATTACH:58,RETREAT:1}
[TRUNC] turn=49 ctx=MAIN opts=124 kept=64 dropped_types={ABILITY:1,ATTACH:58,RETREAT:1}
[MULTISELECT] ctx=DISCARD min=2 max=2 generated_lens=[2] shorter_legal_exists=False shorter_missed=False
[MULTISELECT] ctx=TO_DECK min=2 max=2 generated_lens=[2] shorter_legal_exists=False shorter_missed=False
[TRUNC] turn=49 ctx=MAIN opts=130 kept=64 dropped_types={ABILITY:1,ATTACH:64,RETREAT:1}
[TRUNC] turn=49 ctx=MAIN opts=130 kept=64 dropped_types={ABILITY:1,ATTACH:64,RETREAT:1}
[TRUNC] turn=49 ctx=MAIN opts=130 kept=64 dropped_types={ABILITY:1,ATTACH:64,RETREAT:1}
[TRUNC] turn=49 ctx=MAIN opts=130 kept=64 dropped_types={ABILITY:1,ATTACH:64,RETREAT:1}
[TRUNC] turn=49 ctx=MAIN opts=130 kept=64 dropped_types={ABILITY:1,ATTACH:64,RETREAT:1}
[TRUNC] turn=49 ctx=MAIN opts=130 kept=64 dropped_types={ABILITY:1,ATTACH:64,RETREAT:1}
[TRUNC] turn=49 ctx=MAIN opts=130 kept=64 dropped_types={ABILITY:1,ATTACH:64,RETREAT:1}
[TRUNC] turn=49 ctx=MAIN opts=130 kept=64 dropped_types={ABILITY:1,ATTACH:64,RETREAT:1}
[TRUNC] turn=49 ctx=MAIN opts=130 kept=64 dropped_types={ABILITY:1,ATTACH:64,RETREAT:1}
[TRUNC] turn=49 ctx=MAIN opts=130 kept=64 dropped_types={ABILITY:1,ATTACH:64,RETREAT:1}
[TRUNC] turn=49 ctx=MAIN opts=130 kept=64 dropped_types={ABILITY:1,ATTACH:64,RETREAT:1}
[MULTISELECT] ctx=DISCARD min=2 max=2 generated_lens=[2] shorter_legal_exists=False shorter_missed=False
