=== Warm-up Phase (4 epochs) ===
--- Warm-up Epoch 1/4 ---
=== DIAG_DUMP_BEGIN ===
DIAG_GAMES=25
TRUNC_TOTAL_NODES=103220
TRUNC_FIRED=57
TRUNC_FIRE_RATE=0.06%
TRUNC_OPTCOUNT_HIST=1-8:81955|9-16:7028|17-32:8210|33-64:5970|65-128:57|129-256:0|257+:0
TRUNC_FIRE_RATE_BY_TURN=1-2:0.00%(0/9112)|3-5:0.00%(0/13146)|6+:0.07%(57/80962)
TRUNC_DROPPED_BY_TYPE=ATTACH:207,RETREAT:18
TRUNC_DROPPED_CRITICAL=0
TRUNC_DROPPED_CRITICAL_STATUS=PASS
MULTISELECT_FIXED_LEN=min=0,max=2:nodes=783,shorter_legal=783,shorter_generated=0,shorter_missed=783|min=0,max=3:nodes=360,shorter_legal=360,shorter_generated=0,shorter_missed=360|min=0,max=4:nodes=6,shorter_legal=6,shorter_generated=0,shorter_missed=6|min=0,max=5:nodes=122,shorter_legal=122,shorter_generated=0,shorter_missed=122|min=2,max=2:nodes=1120,shorter_legal=0,shorter_generated=0,shorter_missed=0
MULTISELECT_SHORTER_MISSED=1271
MULTISELECT_CTX_HIST=DISCARD:1120,DISCARD_ENERGY_CARD:89,SETUP_BENCH_POKEMON:181,TO_HAND:1001
GAME_LENGTH_HIST=1-15:0|16-25:3|26-40:21|41-60:1|61+:0
WIN_BY_CAUSE=DECK_OUT:W=25,L=25,D=0
TURN_NODE_DIST=1-2:8.83%(9112/103220)|3-5:12.74%(13146/103220)|6+:78.44%(80962/103220)
SEARCH_MAX_DEPTH=12
SEARCH_MEAN_DEPTH=3.1270
MEAN_DEPTH=3.1270
SIMS_CONTRIBUTED=99500
SIMS_CONFIGURED=99500
SIMS_CONTRIBUTED_PER_DECISION=20.0000
SIMS_CONFIGURED_PER_DECISION=20.0000
PRIZE_REWARD_REACHED=0.00%(0/4975)
STALL_DRAW_PASS_TURNS=118
STALL_SHUFFLE_WITH_RESOURCES=102
MISSED_ATTACH=25
SHAPING_BREAKDOWN=BOARD_DECK_DIFF:0.013334|DAMAGE_PRESSURE:0.000638|DISRUPTION:0.000064|ENERGY_DENIAL:0.000464|ITEM_LOCK_PENALTY:0.000000|KO_BONUS:0.000000|PARALYSIS:0.000000|PRIZE_DIFF:-0.000121|SLEEP:0.000000
ROOT_OPTION_STATS=ATTACK:available=34,chosen=7,not_chosen=27,zero_visit_rate=55.88%(19/34),mean_opt_visit=1.07,mean_opt_q=0.0220,mean_chosen_visit=14.07,mean_chosen_q=0.1525|ENERGY_ATTACH:available=763,chosen=540,not_chosen=223,zero_visit_rate=11.40%(87/763),mean_opt_visit=2.39,mean_opt_q=0.0374,mean_chosen_visit=10.82,mean_chosen_q=0.0748
ATTACH_PRIOR_DIST=special:n=801,attach_prior[mean=0.1529,min=0.0020,max=0.9385,hist=(<0.001:0,0.001-0.005:49,0.005-0.01:33,0.01-0.03:294,0.03-0.1:151,0.1-0.3:70,0.3-1.0:204,1.0:0)],chosen_prior[mean=0.3951,min=0.0008,max=0.9385,hist=(<0.001:2,0.001-0.005:0,0.005-0.01:0,0.01-0.03:0,0.03-0.1:11,0.1-0.3:198,0.3-1.0:590,1.0:0)]|plain:n=3457,attach_prior[mean=0.1137,min=0.0002,max=0.9403,hist=(<0.001:105,0.001-0.005:607,0.005-0.01:350,0.01-0.03:599,0.03-0.1:688,0.1-0.3:612,0.3-1.0:496,1.0:0)],chosen_prior[mean=0.4244,min=0.0008,max=0.9403,hist=(<0.001:4,0.001-0.005:0,0.005-0.01:0,0.01-0.03:6,0.03-0.1:64,0.1-0.3:791,0.3-1.0:2592,1.0:0)]
SIM_KO_REACHED=0.00%(0/99500)
SIM_KO_DEPTH_MEAN=0.0000
SIM_KO_DEPTH_MIN=0
SIM_KO_DEPTH_MAX=0
TRUE_RESULT_TALLY=P0_WINS=15,P1_WINS=10,DRAWS=0
=== DIAG_DUMP_END ===
[m2] Training (4975 samples, 38 batches)...
[m2] Done (38 batches).
=== DIAG_DUMP_BEGIN ===
DIAG_GAMES=25
TRUNC_TOTAL_NODES=116915
TRUNC_FIRED=38
TRUNC_FIRE_RATE=0.03%
TRUNC_OPTCOUNT_HIST=1-8:96480|9-16:9390|17-32:6156|33-64:4851|65-128:38|129-256:0|257+:0
TRUNC_FIRE_RATE_BY_TURN=1-2:0.00%(0/10348)|3-5:0.00%(0/14225)|6+:0.04%(38/92342)
TRUNC_DROPPED_BY_TYPE=ATTACH:152,RETREAT:38
TRUNC_DROPPED_CRITICAL=0
TRUNC_DROPPED_CRITICAL_STATUS=PASS
MULTISELECT_FIXED_LEN=min=0,max=2:nodes=461,shorter_legal=461,shorter_generated=0,shorter_missed=461|min=0,max=3:nodes=11,shorter_legal=11,shorter_generated=0,shorter_missed=11|min=0,max=4:nodes=20,shorter_legal=20,shorter_generated=0,shorter_missed=20|min=0,max=5:nodes=139,shorter_legal=139,shorter_generated=0,shorter_missed=139|min=1,max=2:nodes=86,shorter_legal=86,shorter_generated=0,shorter_missed=86|min=2,max=2:nodes=2175,shorter_legal=0,shorter_generated=0,shorter_missed=0
MULTISELECT_SHORTER_MISSED=717
MULTISELECT_CTX_HIST=ATTACH_TO:86,DISCARD:1293,SETUP_BENCH_POKEMON:191,SKILL_ORDER:444,TO_BENCH:440,TO_HAND:438
GAME_LENGTH_HIST=1-15:0|16-25:9|26-40:16|41-60:0|61+:0
WIN_BY_CAUSE=DECK_OUT:W=18,L=18,D=0|PRIZE:W=7,L=7,D=0
TURN_NODE_DIST=1-2:8.85%(10348/116915)|3-5:12.17%(14225/116915)|6+:78.98%(92342/116915)
SEARCH_MAX_DEPTH=14
SEARCH_MEAN_DEPTH=3.1590
MEAN_DEPTH=3.1590
SIMS_CONTRIBUTED=112960
SIMS_CONFIGURED=112960
SIMS_CONTRIBUTED_PER_DECISION=20.0000
SIMS_CONFIGURED_PER_DECISION=20.0000
PRIZE_REWARD_REACHED=1.84%(104/5648)
STALL_DRAW_PASS_TURNS=181
STALL_SHUFFLE_WITH_RESOURCES=117
MISSED_ATTACH=51
SHAPING_BREAKDOWN=BOARD_DECK_DIFF:0.016284|DAMAGE_PRESSURE:0.003410|DISRUPTION:0.000098|ENERGY_DENIAL:0.001229|ITEM_LOCK_PENALTY:-0.006833|KO_BONUS:0.000392|PARALYSIS:0.000000|PRIZE_DIFF:-0.001333|SLEEP:0.000000
ROOT_OPTION_STATS=ATTACK:available=731,chosen=187,not_chosen=544,zero_visit_rate=25.58%(187/731),mean_opt_visit=1.66,mean_opt_q=-0.1229,mean_chosen_visit=10.81,mean_chosen_q=0.1661|ENERGY_ATTACH:available=780,chosen=357,not_chosen=423,zero_visit_rate=18.85%(147/780),mean_opt_visit=2.56,mean_opt_q=0.1510,mean_chosen_visit=10.68,mean_chosen_q=0.1696
ATTACH_PRIOR_DIST=special:n=0,attach_prior[mean=nan,min=0.0000,max=0.0000,hist=(<0.001:0,0.001-0.005:0,0.005-0.01:0,0.01-0.03:0,0.03-0.1:0,0.1-0.3:0,0.3-1.0:0,1.0:0)],chosen_prior[mean=nan,min=0.0000,max=0.0000,hist=(<0.001:0,0.001-0.005:0,0.005-0.01:0,0.01-0.03:0,0.03-0.1:0,0.1-0.3:0,0.3-1.0:0,1.0:0)]|plain:n=4735,attach_prior[mean=0.0851,min=0.0013,max=0.7963,hist=(<0.001:0,0.001-0.005:142,0.005-0.01:407,0.01-0.03:1242,0.03-0.1:1518,0.1-0.3:1220,0.3-1.0:206,1.0:0)],chosen_prior[mean=0.3235,min=0.0469,max=0.9433,hist=(<0.001:0,0.001-0.005:0,0.005-0.01:0,0.01-0.03:0,0.03-0.1:268,0.1-0.3:2208,0.3-1.0:2259,1.0:0)]
SIM_KO_REACHED=1.05%(1188/112960)
SIM_KO_DEPTH_MEAN=2.7399
SIM_KO_DEPTH_MIN=1
SIM_KO_DEPTH_MAX=10
TRUE_RESULT_TALLY=P0_WINS=11,P1_WINS=14,DRAWS=0
=== DIAG_DUMP_END ===
[dragapult] Training (5648 samples, 44 batches)...
[dragapult] Done (44 batches).
=== DIAG_DUMP_BEGIN ===
DIAG_GAMES=25
TRUNC_TOTAL_NODES=89807
TRUNC_FIRED=75
TRUNC_FIRE_RATE=0.08%
TRUNC_OPTCOUNT_HIST=1-8:75326|9-16:7899|17-32:4274|33-64:2233|65-128:75|129-256:0|257+:0
TRUNC_FIRE_RATE_BY_TURN=1-2:0.00%(0/7283)|3-5:0.00%(0/10521)|6+:0.10%(75/72003)
TRUNC_DROPPED_BY_TYPE=ABILITY:35,ATTACH:106,RETREAT:53
TRUNC_DROPPED_CRITICAL=0
TRUNC_DROPPED_CRITICAL_STATUS=PASS
MULTISELECT_FIXED_LEN=min=0,max=2:nodes=400,shorter_legal=400,shorter_generated=0,shorter_missed=400|min=0,max=3:nodes=68,shorter_legal=68,shorter_generated=0,shorter_missed=68|min=0,max=4:nodes=87,shorter_legal=87,shorter_generated=0,shorter_missed=87|min=0,max=5:nodes=319,shorter_legal=319,shorter_generated=0,shorter_missed=319|min=2,max=2:nodes=4130,shorter_legal=0,shorter_generated=0,shorter_missed=0|min=3,max=3:nodes=3489,shorter_legal=0,shorter_generated=0,shorter_missed=0|min=4,max=4:nodes=1443,shorter_legal=0,shorter_generated=0,shorter_missed=0|min=5,max=5:nodes=635,shorter_legal=0,shorter_generated=0,shorter_missed=0|min=6,max=6:nodes=6,shorter_legal=0,shorter_generated=0,shorter_missed=0
MULTISELECT_SHORTER_MISSED=874
MULTISELECT_CTX_HIST=ATTACH_TO:341,DISCARD:281,SETUP_BENCH_POKEMON:288,SKILL_ORDER:8988,TO_BENCH:245,TO_HAND:434
GAME_LENGTH_HIST=1-15:4|16-25:6|26-40:12|41-60:3|61+:0
WIN_BY_CAUSE=NO_ACTIVE:W=4,L=4,D=0|PRIZE:W=21,L=21,D=0
TURN_NODE_DIST=1-2:8.11%(7283/89807)|3-5:11.72%(10521/89807)|6+:80.18%(72003/89807)
SEARCH_MAX_DEPTH=17
SEARCH_MEAN_DEPTH=3.1058
MEAN_DEPTH=3.1058
SIMS_CONTRIBUTED=87480
SIMS_CONFIGURED=87480
SIMS_CONTRIBUTED_PER_DECISION=20.0000
SIMS_CONFIGURED_PER_DECISION=20.0000
PRIZE_REWARD_REACHED=9.26%(405/4374)
STALL_DRAW_PASS_TURNS=228
STALL_SHUFFLE_WITH_RESOURCES=91
MISSED_ATTACH=64
SHAPING_BREAKDOWN=BOARD_DECK_DIFF:0.008593|DAMAGE_PRESSURE:0.005895|DISRUPTION:0.000139|ENERGY_DENIAL:0.001389|ITEM_LOCK_PENALTY:-0.006086|KO_BONUS:0.002679|PARALYSIS:0.000000|PRIZE_DIFF:0.002474|SLEEP:0.000000
ROOT_OPTION_STATS=ATTACK:available=210,chosen=94,not_chosen=116,zero_visit_rate=2.86%(6/210),mean_opt_visit=4.09,mean_opt_q=-0.0590,mean_chosen_visit=11.11,mean_chosen_q=0.1015|ENERGY_ATTACH:available=533,chosen=220,not_chosen=313,zero_visit_rate=19.70%(105/533),mean_opt_visit=2.22,mean_opt_q=0.1060,mean_chosen_visit=10.56,mean_chosen_q=0.1213
ATTACH_PRIOR_DIST=special:n=0,attach_prior[mean=nan,min=0.0000,max=0.0000,hist=(<0.001:0,0.001-0.005:0,0.005-0.01:0,0.01-0.03:0,0.03-0.1:0,0.1-0.3:0,0.3-1.0:0,1.0:0)],chosen_prior[mean=nan,min=0.0000,max=0.0000,hist=(<0.001:0,0.001-0.005:0,0.005-0.01:0,0.01-0.03:0,0.03-0.1:0,0.1-0.3:0,0.3-1.0:0,1.0:0)]|plain:n=2740,attach_prior[mean=0.0916,min=0.0027,max=0.6838,hist=(<0.001:0,0.001-0.005:30,0.005-0.01:120,0.01-0.03:621,0.03-0.1:982,0.1-0.3:913,0.3-1.0:74,1.0:0)],chosen_prior[mean=0.3012,min=0.0437,max=0.9142,hist=(<0.001:0,0.001-0.005:0,0.005-0.01:0,0.01-0.03:0,0.03-0.1:140,0.1-0.3:1513,0.3-1.0:1087,1.0:0)]
SIM_KO_REACHED=5.13%(4492/87480)
SIM_KO_DEPTH_MEAN=2.2010
SIM_KO_DEPTH_MIN=1
SIM_KO_DEPTH_MAX=17
TRUE_RESULT_TALLY=P0_WINS=11,P1_WINS=14,DRAWS=0
=== DIAG_DUMP_END ===
[grimmsnarl] Training (4374 samples, 34 batches)...
[grimmsnarl] Done (34 batches).
=== DIAG_DUMP_BEGIN ===
DIAG_GAMES=25
TRUNC_TOTAL_NODES=74115
TRUNC_FIRED=622
TRUNC_FIRE_RATE=0.84%
TRUNC_OPTCOUNT_HIST=1-8:52724|9-16:12767|17-32:6054|33-64:1948|65-128:604|129-256:18|257+:0
TRUNC_FIRE_RATE_BY_TURN=1-2:0.00%(0/8649)|3-5:0.00%(0/9187)|6+:1.11%(622/56279)
TRUNC_DROPPED_BY_TYPE=ATTACH:14538,PLAY:339,RETREAT:484
TRUNC_DROPPED_CRITICAL=0
TRUNC_DROPPED_CRITICAL_STATUS=PASS
MULTISELECT_FIXED_LEN=min=0,max=2:nodes=65,shorter_legal=65,shorter_generated=0,shorter_missed=65|min=0,max=3:nodes=4,shorter_legal=4,shorter_generated=0,shorter_missed=4|min=0,max=4:nodes=4,shorter_legal=4,shorter_generated=0,shorter_missed=4|min=0,max=5:nodes=112,shorter_legal=112,shorter_generated=0,shorter_missed=112|min=2,max=2:nodes=1929,shorter_legal=0,shorter_generated=0,shorter_missed=0
MULTISELECT_SHORTER_MISSED=185
MULTISELECT_CTX_HIST=ATTACH_TO:3,DISCARD:1836,SETUP_BENCH_POKEMON:182,TO_HAND:93
GAME_LENGTH_HIST=1-15:1|16-25:2|26-40:1|41-60:8|61+:13
WIN_BY_CAUSE=DECK_OUT:W=15,L=15,D=0|NO_ACTIVE:W=5,L=5,D=0|PRIZE:W=5,L=5,D=0
TURN_NODE_DIST=1-2:11.67%(8649/74115)|3-5:12.40%(9187/74115)|6+:75.93%(56279/74115)
SEARCH_MAX_DEPTH=11
SEARCH_MEAN_DEPTH=2.2304
MEAN_DEPTH=2.2304
SIMS_CONTRIBUTED=71360
SIMS_CONFIGURED=71360
SIMS_CONTRIBUTED_PER_DECISION=20.0000
SIMS_CONFIGURED_PER_DECISION=20.0000
PRIZE_REWARD_REACHED=1.74%(62/3568)
STALL_DRAW_PASS_TURNS=646
STALL_SHUFFLE_WITH_RESOURCES=117
MISSED_ATTACH=381
SHAPING_BREAKDOWN=BOARD_DECK_DIFF:0.011720|DAMAGE_PRESSURE:0.001722|DISRUPTION:0.000141|ENERGY_DENIAL:0.000530|ITEM_LOCK_PENALTY:0.000000|KO_BONUS:0.000278|PARALYSIS:0.000000|PRIZE_DIFF:-0.001226|SLEEP:0.000000
ROOT_OPTION_STATS=ATTACK:available=1114,chosen=485,not_chosen=629,zero_visit_rate=27.38%(305/1114),mean_opt_visit=1.68,mean_opt_q=-0.1018,mean_chosen_visit=10.01,mean_chosen_q=0.0983|ENERGY_ATTACH:available=1068,chosen=483,not_chosen=585,zero_visit_rate=0.75%(8/1068),mean_opt_visit=2.08,mean_opt_q=-0.2122,mean_chosen_visit=7.18,mean_chosen_q=0.1637
ATTACH_PRIOR_DIST=special:n=0,attach_prior[mean=nan,min=0.0000,max=0.0000,hist=(<0.001:0,0.001-0.005:0,0.005-0.01:0,0.01-0.03:0,0.03-0.1:0,0.1-0.3:0,0.3-1.0:0,1.0:0)],chosen_prior[mean=nan,min=0.0000,max=0.0000,hist=(<0.001:0,0.001-0.005:0,0.005-0.01:0,0.01-0.03:0,0.03-0.1:0,0.1-0.3:0,0.3-1.0:0,1.0:0)]|plain:n=7003,attach_prior[mean=0.1078,min=0.0141,max=0.9534,hist=(<0.001:0,0.001-0.005:0,0.005-0.01:0,0.01-0.03:413,0.03-0.1:3947,0.1-0.3:2333,0.3-1.0:310,1.0:0)],chosen_prior[mean=0.1131,min=0.0018,max=0.9534,hist=(<0.001:0,0.001-0.005:123,0.005-0.01:1089,0.01-0.03:1233,0.03-0.1:1905,0.1-0.3:1974,0.3-1.0:679,1.0:0)]
SIM_KO_REACHED=0.93%(666/71360)
SIM_KO_DEPTH_MEAN=2.4174
SIM_KO_DEPTH_MIN=1
SIM_KO_DEPTH_MAX=7
TRUE_RESULT_TALLY=P0_WINS=12,P1_WINS=13,DRAWS=0
=== DIAG_DUMP_END ===
[lucario] Training (3568 samples, 27 batches)...
[lucario] Done (27 batches).
=== DIAG_DUMP_BEGIN ===
DIAG_GAMES=25
TRUNC_TOTAL_NODES=70258
TRUNC_FIRED=1330
TRUNC_FIRE_RATE=1.89%
TRUNC_OPTCOUNT_HIST=1-8:37281|9-16:18588|17-32:10771|33-64:2288|65-128:1170|129-256:160|257+:0
TRUNC_FIRE_RATE_BY_TURN=1-2:0.00%(0/5225)|3-5:0.00%(0/2937)|6+:2.14%(1330/62096)
TRUNC_DROPPED_BY_TYPE=ABILITY:304,ATTACH:40701,PLAY:642,RETREAT:846
TRUNC_DROPPED_CRITICAL=0
TRUNC_DROPPED_CRITICAL_STATUS=PASS
MULTISELECT_FIXED_LEN=min=0,max=2:nodes=1838,shorter_legal=1838,shorter_generated=0,shorter_missed=1838|min=0,max=3:nodes=125,shorter_legal=125,shorter_generated=0,shorter_missed=125|min=0,max=4:nodes=25,shorter_legal=25,shorter_generated=0,shorter_missed=25|min=0,max=5:nodes=260,shorter_legal=260,shorter_generated=0,shorter_missed=260|min=2,max=2:nodes=2640,shorter_legal=0,shorter_generated=0,shorter_missed=0|min=3,max=3:nodes=72,shorter_legal=0,shorter_generated=0,shorter_missed=0
MULTISELECT_SHORTER_MISSED=2248
MULTISELECT_CTX_HIST=DISCARD:2634,SETUP_BENCH_POKEMON:329,TO_BENCH:1800,TO_HAND:197
GAME_LENGTH_HIST=1-15:3|16-25:3|26-40:3|41-60:3|61+:13
WIN_BY_CAUSE=DECK_OUT:W=12,L=12,D=0|NO_ACTIVE:W=8,L=8,D=0|PRIZE:W=5,L=5,D=0
TURN_NODE_DIST=1-2:7.44%(5225/70258)|3-5:4.18%(2937/70258)|6+:88.38%(62096/70258)
SEARCH_MAX_DEPTH=11
SEARCH_MEAN_DEPTH=1.9131
MEAN_DEPTH=1.9131
SIMS_CONTRIBUTED=67700
SIMS_CONFIGURED=67700
SIMS_CONTRIBUTED_PER_DECISION=20.0000
SIMS_CONFIGURED_PER_DECISION=20.0000
PRIZE_REWARD_REACHED=1.60%(54/3385)
STALL_DRAW_PASS_TURNS=643
STALL_SHUFFLE_WITH_RESOURCES=32
MISSED_ATTACH=720
SHAPING_BREAKDOWN=BOARD_DECK_DIFF:0.008933|DAMAGE_PRESSURE:0.001484|DISRUPTION:0.000096|ENERGY_DENIAL:0.000428|ITEM_LOCK_PENALTY:0.000000|KO_BONUS:0.000120|PARALYSIS:0.000000|PRIZE_DIFF:-0.004292|SLEEP:0.000000
ROOT_OPTION_STATS=ATTACK:available=675,chosen=398,not_chosen=277,zero_visit_rate=2.96%(20/675),mean_opt_visit=1.73,mean_opt_q=-0.3038,mean_chosen_visit=5.26,mean_chosen_q=-0.0986|ENERGY_ATTACH:available=1561,chosen=338,not_chosen=1223,zero_visit_rate=5.45%(85/1561),mean_opt_visit=1.34,mean_opt_q=-0.3598,mean_chosen_visit=7.12,mean_chosen_q=0.0948
ATTACH_PRIOR_DIST=special:n=0,attach_prior[mean=nan,min=0.0000,max=0.0000,hist=(<0.001:0,0.001-0.005:0,0.005-0.01:0,0.01-0.03:0,0.03-0.1:0,0.1-0.3:0,0.3-1.0:0,1.0:0)],chosen_prior[mean=nan,min=0.0000,max=0.0000,hist=(<0.001:0,0.001-0.005:0,0.005-0.01:0,0.01-0.03:0,0.03-0.1:0,0.1-0.3:0,0.3-1.0:0,1.0:0)]|plain:n=9401,attach_prior[mean=0.0752,min=0.0005,max=0.9579,hist=(<0.001:31,0.001-0.005:539,0.005-0.01:725,0.01-0.03:2428,0.03-0.1:3435,0.1-0.3:1930,0.3-1.0:313,1.0:0)],chosen_prior[mean=0.1594,min=0.0002,max=0.9579,hist=(<0.001:484,0.001-0.005:1201,0.005-0.01:1184,0.01-0.03:1550,0.03-0.1:943,0.1-0.3:1968,0.3-1.0:2071,1.0:0)]
SIM_KO_REACHED=0.82%(558/67700)
SIM_KO_DEPTH_MEAN=2.0663
SIM_KO_DEPTH_MIN=1
SIM_KO_DEPTH_MAX=6
TRUE_RESULT_TALLY=P0_WINS=10,P1_WINS=15,DRAWS=0
=== DIAG_DUMP_END ===
[mega_lopunny] Training (3385 samples, 26 batches)...
[mega_lopunny] Done (26 batches).
=== DIAG_DUMP_BEGIN ===
DIAG_GAMES=25
TRUNC_TOTAL_NODES=65789
TRUNC_FIRED=5553
TRUNC_FIRE_RATE=8.44%
TRUNC_OPTCOUNT_HIST=1-8:29217|9-16:15475|17-32:9546|33-64:5998|65-128:4711|129-256:842|257+:0
TRUNC_FIRE_RATE_BY_TURN=1-2:0.00%(0/5069)|3-5:0.00%(0/7717)|6+:10.48%(5553/53003)
TRUNC_DROPPED_BY_TYPE=ABILITY:2041,ATTACH:201393,PLAY:4314,RETREAT:3154
TRUNC_DROPPED_CRITICAL=0
TRUNC_DROPPED_CRITICAL_STATUS=PASS
MULTISELECT_FIXED_LEN=min=0,max=2:nodes=144,shorter_legal=144,shorter_generated=0,shorter_missed=144|min=0,max=3:nodes=274,shorter_legal=274,shorter_generated=0,shorter_missed=274|min=0,max=4:nodes=47,shorter_legal=47,shorter_generated=0,shorter_missed=47|min=0,max=5:nodes=110,shorter_legal=110,shorter_generated=0,shorter_missed=110|min=2,max=2:nodes=616,shorter_legal=0,shorter_generated=0,shorter_missed=0|min=3,max=3:nodes=65,shorter_legal=0,shorter_generated=0,shorter_missed=0
MULTISELECT_SHORTER_MISSED=575
MULTISELECT_CTX_HIST=DISCARD:39,SETUP_BENCH_POKEMON:333,TO_BENCH:43,TO_DECK:481,TO_HAND:360
GAME_LENGTH_HIST=1-15:4|16-25:2|26-40:5|41-60:7|61+:7
WIN_BY_CAUSE=DECK_OUT:W=19,L=19,D=0|NO_ACTIVE:W=1,L=1,D=0|PRIZE:W=5,L=5,D=0
TURN_NODE_DIST=1-2:7.70%(5069/65789)|3-5:11.73%(7717/65789)|6+:80.57%(53003/65789)
SEARCH_MAX_DEPTH=10
SEARCH_MEAN_DEPTH=2.4931
MEAN_DEPTH=2.4931
SIMS_CONTRIBUTED=64040
SIMS_CONFIGURED=64040
SIMS_CONTRIBUTED_PER_DECISION=20.0000
SIMS_CONFIGURED_PER_DECISION=20.0000
PRIZE_REWARD_REACHED=1.56%(50/3202)
STALL_DRAW_PASS_TURNS=564
STALL_SHUFFLE_WITH_RESOURCES=0
MISSED_ATTACH=39
SHAPING_BREAKDOWN=BOARD_DECK_DIFF:0.019438|DAMAGE_PRESSURE:0.002913|DISRUPTION:0.000098|ENERGY_DENIAL:0.000477|ITEM_LOCK_PENALTY:0.000000|KO_BONUS:0.000511|PARALYSIS:0.000000|PRIZE_DIFF:-0.000534|SLEEP:0.000000
ROOT_OPTION_STATS=ATTACK:available=341,chosen=40,not_chosen=301,zero_visit_rate=46.04%(157/341),mean_opt_visit=1.41,mean_opt_q=-0.2873,mean_chosen_visit=10.15,mean_chosen_q=0.0538|ENERGY_ATTACH:available=541,chosen=386,not_chosen=155,zero_visit_rate=2.03%(11/541),mean_opt_visit=3.74,mean_opt_q=-0.0131,mean_chosen_visit=7.87,mean_chosen_q=0.0815
ATTACH_PRIOR_DIST=special:n=0,attach_prior[mean=nan,min=0.0000,max=0.0000,hist=(<0.001:0,0.001-0.005:0,0.005-0.01:0,0.01-0.03:0,0.03-0.1:0,0.1-0.3:0,0.3-1.0:0,1.0:0)],chosen_prior[mean=nan,min=0.0000,max=0.0000,hist=(<0.001:0,0.001-0.005:0,0.005-0.01:0,0.01-0.03:0,0.03-0.1:0,0.1-0.3:0,0.3-1.0:0,1.0:0)]|plain:n=2224,attach_prior[mean=0.1411,min=0.0006,max=0.6665,hist=(<0.001:9,0.001-0.005:57,0.005-0.01:120,0.01-0.03:351,0.03-0.1:569,0.1-0.3:809,0.3-1.0:309,1.0:0)],chosen_prior[mean=0.2670,min=0.0156,max=0.6904,hist=(<0.001:0,0.001-0.005:0,0.005-0.01:0,0.01-0.03:24,0.03-0.1:412,0.1-0.3:856,0.3-1.0:932,1.0:0)]
SIM_KO_REACHED=0.97%(623/64040)
SIM_KO_DEPTH_MEAN=2.7897
SIM_KO_DEPTH_MIN=1
SIM_KO_DEPTH_MAX=6
TRUE_RESULT_TALLY=P0_WINS=8,P1_WINS=17,DRAWS=0
=== DIAG_DUMP_END ===
[slop_box] Training (3202 samples, 25 batches)...
[slop_box] Done (25 batches).
[m2] Saved: checkpoints/m2/model_2026-08-08_22-21.pth
[dragapult] Saved: checkpoints/dragapult/model_2026-08-08_22-21.pth
[grimmsnarl] Saved: checkpoints/grimmsnarl/model_2026-08-08_22-21.pth
[lucario] Saved: checkpoints/lucario/model_2026-08-08_22-21.pth
[mega_lopunny] Saved: checkpoints/mega_lopunny/model_2026-08-08_22-21.pth
[slop_box] Saved: checkpoints/slop_box/model_2026-08-08_22-21.pth
--- Warm-up Epoch 2/4 ---
=== DIAG_DUMP_BEGIN ===
DIAG_GAMES=25
TRUNC_TOTAL_NODES=100022
TRUNC_FIRED=38
TRUNC_FIRE_RATE=0.04%
TRUNC_OPTCOUNT_HIST=1-8:85503|9-16:6451|17-32:4683|33-64:3347|65-128:38|129-256:0|257+:0
TRUNC_FIRE_RATE_BY_TURN=1-2:0.00%(0/9482)|3-5:0.00%(0/12668)|6+:0.05%(38/77872)
TRUNC_DROPPED_BY_TYPE=ABILITY:20,ATTACH:210,RETREAT:28
TRUNC_DROPPED_CRITICAL=0
TRUNC_DROPPED_CRITICAL_STATUS=PASS
MULTISELECT_FIXED_LEN=min=0,max=2:nodes=832,shorter_legal=832,shorter_generated=0,shorter_missed=832|min=0,max=3:nodes=347,shorter_legal=347,shorter_generated=0,shorter_missed=347|min=0,max=4:nodes=7,shorter_legal=7,shorter_generated=0,shorter_missed=7|min=0,max=5:nodes=75,shorter_legal=75,shorter_generated=0,shorter_missed=75|min=2,max=2:nodes=2315,shorter_legal=0,shorter_generated=0,shorter_missed=0
MULTISELECT_SHORTER_MISSED=1261
MULTISELECT_CTX_HIST=DISCARD:2255,DISCARD_ENERGY_CARD:97,SETUP_BENCH_POKEMON:195,TO_HAND:1029
GAME_LENGTH_HIST=1-15:0|16-25:8|26-40:14|41-60:3|61+:0
WIN_BY_CAUSE=DECK_OUT:W=24,L=24,D=0|PRIZE:W=1,L=1,D=0
TURN_NODE_DIST=1-2:9.48%(9482/100022)|3-5:12.67%(12668/100022)|6+:77.85%(77872/100022)
SEARCH_MAX_DEPTH=18
SEARCH_MEAN_DEPTH=3.5866
MEAN_DEPTH=3.5866
SIMS_CONTRIBUTED=97180
SIMS_CONFIGURED=97180
SIMS_CONTRIBUTED_PER_DECISION=20.0000
SIMS_CONFIGURED_PER_DECISION=20.0000
PRIZE_REWARD_REACHED=0.19%(9/4859)
STALL_DRAW_PASS_TURNS=152
STALL_SHUFFLE_WITH_RESOURCES=80
MISSED_ATTACH=31
SHAPING_BREAKDOWN=BOARD_DECK_DIFF:0.017246|DAMAGE_PRESSURE:0.000584|DISRUPTION:0.000061|ENERGY_DENIAL:0.000201|ITEM_LOCK_PENALTY:0.000000|KO_BONUS:0.000000|PARALYSIS:0.000000|PRIZE_DIFF:-0.000296|SLEEP:0.000000
ROOT_OPTION_STATS=ATTACK:available=27,chosen=8,not_chosen=19,zero_visit_rate=48.15%(13/27),mean_opt_visit=1.16,mean_opt_q=-0.0022,mean_chosen_visit=13.26,mean_chosen_q=0.3971|ENERGY_ATTACH:available=861,chosen=535,not_chosen=326,zero_visit_rate=10.34%(89/861),mean_opt_visit=2.70,mean_opt_q=-0.1120,mean_chosen_visit=11.33,mean_chosen_q=0.1294
ATTACH_PRIOR_DIST=special:n=1127,attach_prior[mean=0.0913,min=0.0001,max=0.9998,hist=(<0.001:642,0.001-0.005:107,0.005-0.01:48,0.01-0.03:38,0.03-0.1:17,0.1-0.3:109,0.3-1.0:166,1.0:0)],chosen_prior[mean=0.3661,min=0.0001,max=0.9998,hist=(<0.001:20,0.001-0.005:10,0.005-0.01:0,0.01-0.03:4,0.03-0.1:16,0.1-0.3:419,0.3-1.0:658,1.0:0)]|plain:n=4285,attach_prior[mean=0.1089,min=0.0000,max=0.9989,hist=(<0.001:1997,0.001-0.005:289,0.005-0.01:73,0.01-0.03:103,0.03-0.1:407,0.1-0.3:863,0.3-1.0:553,1.0:0)],chosen_prior[mean=0.4020,min=0.0001,max=0.9993,hist=(<0.001:108,0.001-0.005:22,0.005-0.01:0,0.01-0.03:6,0.03-0.1:68,0.1-0.3:1498,0.3-1.0:2583,1.0:0)]
SIM_KO_REACHED=0.13%(128/97180)
SIM_KO_DEPTH_MEAN=4.2812
SIM_KO_DEPTH_MIN=1
SIM_KO_DEPTH_MAX=9
TRUE_RESULT_TALLY=P0_WINS=5,P1_WINS=20,DRAWS=0
=== DIAG_DUMP_END ===
[m2] Training (9834 samples, 76 batches)...
[m2] Done (76 batches).
=== DIAG_DUMP_BEGIN ===
DIAG_GAMES=25
TRUNC_TOTAL_NODES=108523
TRUNC_FIRED=14
TRUNC_FIRE_RATE=0.01%
TRUNC_OPTCOUNT_HIST=1-8:90817|9-16:9290|17-32:5900|33-64:2502|65-128:14|129-256:0|257+:0
TRUNC_FIRE_RATE_BY_TURN=1-2:0.00%(0/7229)|3-5:0.00%(0/10964)|6+:0.02%(14/90330)
TRUNC_DROPPED_BY_TYPE=ABILITY:38,ATTACH:120
TRUNC_DROPPED_CRITICAL=0
TRUNC_DROPPED_CRITICAL_STATUS=PASS
MULTISELECT_FIXED_LEN=min=0,max=2:nodes=598,shorter_legal=598,shorter_generated=0,shorter_missed=598|min=0,max=3:nodes=4,shorter_legal=4,shorter_generated=0,shorter_missed=4|min=0,max=4:nodes=51,shorter_legal=51,shorter_generated=0,shorter_missed=51|min=0,max=5:nodes=286,shorter_legal=286,shorter_generated=0,shorter_missed=286|min=1,max=2:nodes=42,shorter_legal=42,shorter_generated=0,shorter_missed=42|min=2,max=2:nodes=1964,shorter_legal=0,shorter_generated=0,shorter_missed=0
MULTISELECT_SHORTER_MISSED=981
MULTISELECT_CTX_HIST=ATTACH_TO:42,DISCARD:1615,SETUP_BENCH_POKEMON:372,SKILL_ORDER:137,TO_BENCH:567,TO_HAND:212
GAME_LENGTH_HIST=1-15:1|16-25:4|26-40:10|41-60:10|61+:0
WIN_BY_CAUSE=DECK_OUT:W=23,L=23,D=0|PRIZE:W=2,L=2,D=0
TURN_NODE_DIST=1-2:6.66%(7229/108523)|3-5:10.10%(10964/108523)|6+:83.24%(90330/108523)
SEARCH_MAX_DEPTH=18
SEARCH_MEAN_DEPTH=3.5705
MEAN_DEPTH=3.5705
SIMS_CONTRIBUTED=104900
SIMS_CONFIGURED=104900
SIMS_CONTRIBUTED_PER_DECISION=20.0000
SIMS_CONFIGURED_PER_DECISION=20.0000
PRIZE_REWARD_REACHED=2.23%(117/5245)
STALL_DRAW_PASS_TURNS=290
STALL_SHUFFLE_WITH_RESOURCES=104
MISSED_ATTACH=130
SHAPING_BREAKDOWN=BOARD_DECK_DIFF:0.023085|DAMAGE_PRESSURE:0.002037|DISRUPTION:0.000091|ENERGY_DENIAL:0.001025|ITEM_LOCK_PENALTY:-0.005117|KO_BONUS:0.000354|PARALYSIS:0.000000|PRIZE_DIFF:-0.000688|SLEEP:0.000000
ROOT_OPTION_STATS=ATTACK:available=465,chosen=123,not_chosen=342,zero_visit_rate=46.45%(216/465),mean_opt_visit=1.37,mean_opt_q=-0.1739,mean_chosen_visit=14.64,mean_chosen_q=0.2741|ENERGY_ATTACH:available=864,chosen=325,not_chosen=539,zero_visit_rate=26.97%(233/864),mean_opt_visit=1.30,mean_opt_q=-0.2894,mean_chosen_visit=12.21,mean_chosen_q=0.1192
ATTACH_PRIOR_DIST=special:n=0,attach_prior[mean=nan,min=0.0000,max=0.0000,hist=(<0.001:0,0.001-0.005:0,0.005-0.01:0,0.01-0.03:0,0.03-0.1:0,0.1-0.3:0,0.3-1.0:0,1.0:0)],chosen_prior[mean=nan,min=0.0000,max=0.0000,hist=(<0.001:0,0.001-0.005:0,0.005-0.01:0,0.01-0.03:0,0.03-0.1:0,0.1-0.3:0,0.3-1.0:0,1.0:0)]|plain:n=5268,attach_prior[mean=0.0680,min=0.0000,max=0.9958,hist=(<0.001:2163,0.001-0.005:697,0.005-0.01:315,0.01-0.03:450,0.03-0.1:579,0.1-0.3:725,0.3-1.0:339,1.0:0)],chosen_prior[mean=0.4876,min=0.0000,max=0.9991,hist=(<0.001:223,0.001-0.005:0,0.005-0.01:0,0.01-0.03:51,0.03-0.1:243,0.1-0.3:1355,0.3-1.0:3396,1.0:0)]
SIM_KO_REACHED=1.03%(1083/104900)
SIM_KO_DEPTH_MEAN=4.2225
SIM_KO_DEPTH_MIN=1
SIM_KO_DEPTH_MAX=12
TRUE_RESULT_TALLY=P0_WINS=11,P1_WINS=14,DRAWS=0
=== DIAG_DUMP_END ===
[dragapult] Training (10893 samples, 85 batches)...
[dragapult] Done (85 batches).
=== DIAG_DUMP_BEGIN ===
DIAG_GAMES=25
TRUNC_TOTAL_NODES=82545
TRUNC_FIRED=216
TRUNC_FIRE_RATE=0.26%
TRUNC_OPTCOUNT_HIST=1-8:67261|9-16:9030|17-32:4328|33-64:1710|65-128:203|129-256:13|257+:0
TRUNC_FIRE_RATE_BY_TURN=1-2:0.00%(0/8920)|3-5:0.00%(0/11115)|6+:0.35%(216/62510)
TRUNC_DROPPED_BY_TYPE=ABILITY:215,ATTACH:4233,PLAY:31,RETREAT:170
TRUNC_DROPPED_CRITICAL=0
TRUNC_DROPPED_CRITICAL_STATUS=PASS
MULTISELECT_FIXED_LEN=min=0,max=2:nodes=511,shorter_legal=511,shorter_generated=0,shorter_missed=511|min=0,max=3:nodes=102,shorter_legal=102,shorter_generated=0,shorter_missed=102|min=0,max=4:nodes=90,shorter_legal=90,shorter_generated=0,shorter_missed=90|min=0,max=5:nodes=255,shorter_legal=255,shorter_generated=0,shorter_missed=255|min=2,max=2:nodes=1624,shorter_legal=0,shorter_generated=0,shorter_missed=0|min=3,max=3:nodes=1620,shorter_legal=0,shorter_generated=0,shorter_missed=0|min=4,max=4:nodes=734,shorter_legal=0,shorter_generated=0,shorter_missed=0|min=5,max=5:nodes=563,shorter_legal=0,shorter_generated=0,shorter_missed=0|min=6,max=6:nodes=20,shorter_legal=0,shorter_generated=0,shorter_missed=0
MULTISELECT_SHORTER_MISSED=958
MULTISELECT_CTX_HIST=ATTACH_TO:374,DISCARD:432,SETUP_BENCH_POKEMON:182,SKILL_ORDER:3919,TO_BENCH:402,TO_HAND:210
GAME_LENGTH_HIST=1-15:2|16-25:9|26-40:6|41-60:6|61+:2
WIN_BY_CAUSE=DECK_OUT:W=4,L=4,D=0|NO_ACTIVE:W=4,L=4,D=0|PRIZE:W=17,L=17,D=0
TURN_NODE_DIST=1-2:10.81%(8920/82545)|3-5:13.47%(11115/82545)|6+:75.73%(62510/82545)
SEARCH_MAX_DEPTH=17
SEARCH_MEAN_DEPTH=3.2888
MEAN_DEPTH=3.2888
SIMS_CONTRIBUTED=80600
SIMS_CONFIGURED=80600
SIMS_CONTRIBUTED_PER_DECISION=20.0000
SIMS_CONFIGURED_PER_DECISION=20.0000
PRIZE_REWARD_REACHED=8.41%(339/4030)
STALL_DRAW_PASS_TURNS=417
STALL_SHUFFLE_WITH_RESOURCES=87
MISSED_ATTACH=144
SHAPING_BREAKDOWN=BOARD_DECK_DIFF:0.010773|DAMAGE_PRESSURE:0.003497|DISRUPTION:0.000100|ENERGY_DENIAL:0.001108|ITEM_LOCK_PENALTY:-0.004559|KO_BONUS:0.001933|PARALYSIS:0.000000|PRIZE_DIFF:0.003437|SLEEP:0.000000
ROOT_OPTION_STATS=ATTACK:available=392,chosen=158,not_chosen=234,zero_visit_rate=16.33%(64/392),mean_opt_visit=1.62,mean_opt_q=-0.3839,mean_chosen_visit=11.49,mean_chosen_q=0.3264|ENERGY_ATTACH:available=751,chosen=255,not_chosen=496,zero_visit_rate=26.90%(202/751),mean_opt_visit=1.57,mean_opt_q=-0.2449,mean_chosen_visit=12.41,mean_chosen_q=0.2256
ATTACH_PRIOR_DIST=special:n=0,attach_prior[mean=nan,min=0.0000,max=0.0000,hist=(<0.001:0,0.001-0.005:0,0.005-0.01:0,0.01-0.03:0,0.03-0.1:0,0.1-0.3:0,0.3-1.0:0,1.0:0)],chosen_prior[mean=nan,min=0.0000,max=0.0000,hist=(<0.001:0,0.001-0.005:0,0.005-0.01:0,0.01-0.03:0,0.03-0.1:0,0.1-0.3:0,0.3-1.0:0,1.0:0)]|plain:n=4514,attach_prior[mean=0.0741,min=0.0001,max=0.9863,hist=(<0.001:1233,0.001-0.005:654,0.005-0.01:297,0.01-0.03:502,0.03-0.1:715,0.1-0.3:830,0.3-1.0:283,1.0:0)],chosen_prior[mean=0.3538,min=0.0002,max=0.9968,hist=(<0.001:305,0.001-0.005:48,0.005-0.01:3,0.01-0.03:85,0.03-0.1:206,0.1-0.3:1514,0.3-1.0:2353,1.0:0)]
SIM_KO_REACHED=5.34%(4303/80600)
SIM_KO_DEPTH_MEAN=3.0332
SIM_KO_DEPTH_MIN=1
SIM_KO_DEPTH_MAX=13
TRUE_RESULT_TALLY=P0_WINS=12,P1_WINS=13,DRAWS=0
=== DIAG_DUMP_END ===
[grimmsnarl] Training (8404 samples, 65 batches)...
[grimmsnarl] Done (65 batches).
=== DIAG_DUMP_BEGIN ===
DIAG_GAMES=25
TRUNC_TOTAL_NODES=66956
TRUNC_FIRED=1290
TRUNC_FIRE_RATE=1.93%
TRUNC_OPTCOUNT_HIST=1-8:46718|9-16:11602|17-32:4701|33-64:2645|65-128:1248|129-256:42|257+:0
TRUNC_FIRE_RATE_BY_TURN=1-2:0.00%(0/7407)|3-5:0.00%(0/6855)|6+:2.45%(1290/52694)
TRUNC_DROPPED_BY_TYPE=ATTACH:35791,PLAY:750,RETREAT:988
TRUNC_DROPPED_CRITICAL=0
TRUNC_DROPPED_CRITICAL_STATUS=PASS
MULTISELECT_FIXED_LEN=min=0,max=2:nodes=73,shorter_legal=73,shorter_generated=0,shorter_missed=73|min=0,max=3:nodes=14,shorter_legal=14,shorter_generated=0,shorter_missed=14|min=0,max=4:nodes=21,shorter_legal=21,shorter_generated=0,shorter_missed=21|min=0,max=5:nodes=208,shorter_legal=208,shorter_generated=0,shorter_missed=208|min=2,max=2:nodes=1213,shorter_legal=0,shorter_generated=0,shorter_missed=0
MULTISELECT_SHORTER_MISSED=316
MULTISELECT_CTX_HIST=DISCARD:1049,SETUP_BENCH_POKEMON:316,TO_HAND:164
GAME_LENGTH_HIST=1-15:4|16-25:2|26-40:2|41-60:6|61+:11
WIN_BY_CAUSE=DECK_OUT:W=9,L=9,D=0|NO_ACTIVE:W=7,L=7,D=0|PRIZE:W=9,L=9,D=0
TURN_NODE_DIST=1-2:11.06%(7407/66956)|3-5:10.24%(6855/66956)|6+:78.70%(52694/66956)
SEARCH_MAX_DEPTH=18
SEARCH_MEAN_DEPTH=2.6688
MEAN_DEPTH=2.6688
SIMS_CONTRIBUTED=65020
SIMS_CONFIGURED=65020
SIMS_CONTRIBUTED_PER_DECISION=20.0000
SIMS_CONFIGURED_PER_DECISION=20.0000
PRIZE_REWARD_REACHED=5.88%(191/3251)
STALL_DRAW_PASS_TURNS=529
STALL_SHUFFLE_WITH_RESOURCES=98
MISSED_ATTACH=333
SHAPING_BREAKDOWN=BOARD_DECK_DIFF:0.005053|DAMAGE_PRESSURE:0.002490|DISRUPTION:0.000171|ENERGY_DENIAL:0.000789|ITEM_LOCK_PENALTY:0.000000|KO_BONUS:0.001553|PARALYSIS:0.000000|PRIZE_DIFF:-0.000155|SLEEP:0.000000
ROOT_OPTION_STATS=ATTACK:available=1058,chosen=540,not_chosen=518,zero_visit_rate=17.01%(180/1058),mean_opt_visit=2.33,mean_opt_q=-0.2223,mean_chosen_visit=12.05,mean_chosen_q=0.1567|ENERGY_ATTACH:available=937,chosen=443,not_chosen=494,zero_visit_rate=15.58%(146/937),mean_opt_visit=2.24,mean_opt_q=-0.1732,mean_chosen_visit=10.90,mean_chosen_q=0.2039
ATTACH_PRIOR_DIST=special:n=0,attach_prior[mean=nan,min=0.0000,max=0.0000,hist=(<0.001:0,0.001-0.005:0,0.005-0.01:0,0.01-0.03:0,0.03-0.1:0,0.1-0.3:0,0.3-1.0:0,1.0:0)],chosen_prior[mean=nan,min=0.0000,max=0.0000,hist=(<0.001:0,0.001-0.005:0,0.005-0.01:0,0.01-0.03:0,0.03-0.1:0,0.1-0.3:0,0.3-1.0:0,1.0:0)]|plain:n=5469,attach_prior[mean=0.1100,min=0.0011,max=0.9991,hist=(<0.001:0,0.001-0.005:249,0.005-0.01:164,0.01-0.03:976,0.03-0.1:2170,0.1-0.3:1465,0.3-1.0:445,1.0:0)],chosen_prior[mean=0.2213,min=0.0000,max=0.9991,hist=(<0.001:260,0.001-0.005:38,0.005-0.01:94,0.01-0.03:218,0.03-0.1:753,0.1-0.3:2662,0.3-1.0:1444,1.0:0)]
SIM_KO_REACHED=2.10%(1368/65020)
SIM_KO_DEPTH_MEAN=2.8385
SIM_KO_DEPTH_MIN=1
SIM_KO_DEPTH_MAX=8
TRUE_RESULT_TALLY=P0_WINS=12,P1_WINS=13,DRAWS=0
=== DIAG_DUMP_END ===
[lucario] Training (6819 samples, 53 batches)...
[lucario] Done (53 batches).
=== DIAG_DUMP_BEGIN ===
DIAG_GAMES=25
TRUNC_TOTAL_NODES=56083
TRUNC_FIRED=3224
TRUNC_FIRE_RATE=5.75%
TRUNC_OPTCOUNT_HIST=1-8:23757|9-16:9690|17-32:11554|33-64:7858|65-128:2547|129-256:677|257+:0
TRUNC_FIRE_RATE_BY_TURN=1-2:0.00%(0/3160)|3-5:0.00%(0/2522)|6+:6.40%(3224/50401)
TRUNC_DROPPED_BY_TYPE=ABILITY:17,ATTACH:113607,PLAY:3513,RETREAT:1659
TRUNC_DROPPED_CRITICAL=0
TRUNC_DROPPED_CRITICAL_STATUS=PASS
MULTISELECT_FIXED_LEN=min=0,max=2:nodes=1270,shorter_legal=1270,shorter_generated=0,shorter_missed=1270|min=0,max=3:nodes=42,shorter_legal=42,shorter_generated=0,shorter_missed=42|min=0,max=4:nodes=10,shorter_legal=10,shorter_generated=0,shorter_missed=10|min=0,max=5:nodes=299,shorter_legal=299,shorter_generated=0,shorter_missed=299|min=2,max=2:nodes=509,shorter_legal=0,shorter_generated=0,shorter_missed=0|min=3,max=3:nodes=49,shorter_legal=0,shorter_generated=0,shorter_missed=0
MULTISELECT_SHORTER_MISSED=1621
MULTISELECT_CTX_HIST=DISCARD:509,SETUP_BENCH_POKEMON:361,TO_BENCH:1225,TO_HAND:84
GAME_LENGTH_HIST=1-15:3|16-25:3|26-40:2|41-60:1|61+:16
WIN_BY_CAUSE=DECK_OUT:W=13,L=13,D=0|NO_ACTIVE:W=9,L=9,D=0|PRIZE:W=3,L=3,D=0
TURN_NODE_DIST=1-2:5.63%(3160/56083)|3-5:4.50%(2522/56083)|6+:89.87%(50401/56083)
SEARCH_MAX_DEPTH=15
SEARCH_MEAN_DEPTH=2.3624
MEAN_DEPTH=2.3624
SIMS_CONTRIBUTED=54560
SIMS_CONFIGURED=54560
SIMS_CONTRIBUTED_PER_DECISION=20.0000
SIMS_CONFIGURED_PER_DECISION=20.0000
PRIZE_REWARD_REACHED=4.55%(124/2728)
STALL_DRAW_PASS_TURNS=892
STALL_SHUFFLE_WITH_RESOURCES=6
MISSED_ATTACH=1145
SHAPING_BREAKDOWN=BOARD_DECK_DIFF:0.002258|DAMAGE_PRESSURE:0.001475|DISRUPTION:0.000118|ENERGY_DENIAL:0.000333|ITEM_LOCK_PENALTY:0.000000|KO_BONUS:0.001020|PARALYSIS:0.000000|PRIZE_DIFF:-0.002431|SLEEP:0.000000
ROOT_OPTION_STATS=ATTACK:available=616,chosen=270,not_chosen=346,zero_visit_rate=20.13%(124/616),mean_opt_visit=1.24,mean_opt_q=-0.2417,mean_chosen_visit=9.02,mean_chosen_q=-0.0333|ENERGY_ATTACH:available=1844,chosen=212,not_chosen=1632,zero_visit_rate=34.44%(635/1844),mean_opt_visit=1.07,mean_opt_q=-0.2886,mean_chosen_visit=11.84,mean_chosen_q=0.0616
ATTACH_PRIOR_DIST=special:n=0,attach_prior[mean=nan,min=0.0000,max=0.0000,hist=(<0.001:0,0.001-0.005:0,0.005-0.01:0,0.01-0.03:0,0.03-0.1:0,0.1-0.3:0,0.3-1.0:0,1.0:0)],chosen_prior[mean=nan,min=0.0000,max=0.0000,hist=(<0.001:0,0.001-0.005:0,0.005-0.01:0,0.01-0.03:0,0.03-0.1:0,0.1-0.3:0,0.3-1.0:0,1.0:0)]|plain:n=15221,attach_prior[mean=0.0302,min=0.0001,max=0.9690,hist=(<0.001:1409,0.001-0.005:3614,0.005-0.01:3311,0.01-0.03:3861,0.03-0.1:1813,0.1-0.3:1022,0.3-1.0:191,1.0:0)],chosen_prior[mean=0.3424,min=0.0029,max=0.9757,hist=(<0.001:0,0.001-0.005:250,0.005-0.01:395,0.01-0.03:802,0.03-0.1:1157,0.1-0.3:5434,0.3-1.0:7183,1.0:0)]
SIM_KO_REACHED=1.68%(917/54560)
SIM_KO_DEPTH_MEAN=2.6761
SIM_KO_DEPTH_MIN=1
SIM_KO_DEPTH_MAX=8
TRUE_RESULT_TALLY=P0_WINS=11,P1_WINS=14,DRAWS=0
=== DIAG_DUMP_END ===
[mega_lopunny] Training (6113 samples, 47 batches)...
[mega_lopunny] Done (47 batches).
=== DIAG_DUMP_BEGIN ===
DIAG_GAMES=25
TRUNC_TOTAL_NODES=60875
TRUNC_FIRED=2970
TRUNC_FIRE_RATE=4.88%
TRUNC_OPTCOUNT_HIST=1-8:29657|9-16:14077|17-32:11362|33-64:2809|65-128:2083|129-256:887|257+:0
TRUNC_FIRE_RATE_BY_TURN=1-2:0.00%(0/4164)|3-5:0.00%(0/6628)|6+:5.93%(2970/50083)
TRUNC_DROPPED_BY_TYPE=ABILITY:474,ATTACH:129440,PLAY:2226,RETREAT:2323
TRUNC_DROPPED_CRITICAL=0
TRUNC_DROPPED_CRITICAL_STATUS=PASS
MULTISELECT_FIXED_LEN=min=0,max=2:nodes=162,shorter_legal=162,shorter_generated=0,shorter_missed=162|min=0,max=3:nodes=348,shorter_legal=348,shorter_generated=0,shorter_missed=348|min=0,max=4:nodes=23,shorter_legal=23,shorter_generated=0,shorter_missed=23|min=0,max=5:nodes=300,shorter_legal=300,shorter_generated=0,shorter_missed=300|min=2,max=2:nodes=1561,shorter_legal=0,shorter_generated=0,shorter_missed=0|min=3,max=3:nodes=16,shorter_legal=0,shorter_generated=0,shorter_missed=0
MULTISELECT_SHORTER_MISSED=833
MULTISELECT_CTX_HIST=DISCARD:993,SETUP_BENCH_POKEMON:494,TO_BENCH:36,TO_DECK:394,TO_HAND:493
GAME_LENGTH_HIST=1-15:5|16-25:3|26-40:1|41-60:8|61+:8
WIN_BY_CAUSE=DECK_OUT:W=16,L=16,D=0|NO_ACTIVE:W=6,L=6,D=0|PRIZE:W=3,L=3,D=0
TURN_NODE_DIST=1-2:6.84%(4164/60875)|3-5:10.89%(6628/60875)|6+:82.27%(50083/60875)
SEARCH_MAX_DEPTH=14
SEARCH_MEAN_DEPTH=2.2226
MEAN_DEPTH=2.2226
SIMS_CONTRIBUTED=59220
SIMS_CONFIGURED=59220
SIMS_CONTRIBUTED_PER_DECISION=20.0000
SIMS_CONFIGURED_PER_DECISION=20.0000
PRIZE_REWARD_REACHED=1.49%(44/2961)
STALL_DRAW_PASS_TURNS=684
STALL_SHUFFLE_WITH_RESOURCES=0
MISSED_ATTACH=414
SHAPING_BREAKDOWN=BOARD_DECK_DIFF:0.013523|DAMAGE_PRESSURE:0.001795|DISRUPTION:0.000103|ENERGY_DENIAL:0.000381|ITEM_LOCK_PENALTY:0.000000|KO_BONUS:0.000302|PARALYSIS:0.000000|PRIZE_DIFF:0.000540|SLEEP:0.000000
ROOT_OPTION_STATS=ATTACK:available=433,chosen=40,not_chosen=393,zero_visit_rate=43.42%(188/433),mean_opt_visit=0.89,mean_opt_q=-0.4075,mean_chosen_visit=8.48,mean_chosen_q=-0.1515|ENERGY_ATTACH:available=1167,chosen=328,not_chosen=839,zero_visit_rate=9.85%(115/1167),mean_opt_visit=2.44,mean_opt_q=-0.2886,mean_chosen_visit=7.90,mean_chosen_q=-0.1163
ATTACH_PRIOR_DIST=special:n=0,attach_prior[mean=nan,min=0.0000,max=0.0000,hist=(<0.001:0,0.001-0.005:0,0.005-0.01:0,0.01-0.03:0,0.03-0.1:0,0.1-0.3:0,0.3-1.0:0,1.0:0)],chosen_prior[mean=nan,min=0.0000,max=0.0000,hist=(<0.001:0,0.001-0.005:0,0.005-0.01:0,0.01-0.03:0,0.03-0.1:0,0.1-0.3:0,0.3-1.0:0,1.0:0)]|plain:n=5809,attach_prior[mean=0.0870,min=0.0001,max=0.5039,hist=(<0.001:707,0.001-0.005:818,0.005-0.01:193,0.01-0.03:541,0.03-0.1:1312,0.1-0.3:2102,0.3-1.0:136,1.0:0)],chosen_prior[mean=0.2247,min=0.0000,max=0.9486,hist=(<0.001:446,0.001-0.005:93,0.005-0.01:35,0.01-0.03:201,0.03-0.1:455,0.1-0.3:2946,0.3-1.0:1633,1.0:0)]
SIM_KO_REACHED=0.80%(474/59220)
SIM_KO_DEPTH_MEAN=2.0738
SIM_KO_DEPTH_MIN=1
SIM_KO_DEPTH_MAX=5
TRUE_RESULT_TALLY=P0_WINS=9,P1_WINS=16,DRAWS=0
=== DIAG_DUMP_END ===
[slop_box] Training (6163 samples, 48 batches)...
[slop_box] Done (48 batches).
[m2] Saved: checkpoints/m2/model_2026-08-08_22-44.pth
[dragapult] Saved: checkpoints/dragapult/model_2026-08-08_22-44.pth
[grimmsnarl] Saved: checkpoints/grimmsnarl/model_2026-08-08_22-44.pth
[lucario] Saved: checkpoints/lucario/model_2026-08-08_22-44.pth
[mega_lopunny] Saved: checkpoints/mega_lopunny/model_2026-08-08_22-44.pth
[slop_box] Saved: checkpoints/slop_box/model_2026-08-08_22-45.pth
--- Warm-up Epoch 3/4 ---
=== DIAG_DUMP_BEGIN ===
DIAG_GAMES=25
TRUNC_TOTAL_NODES=95956
TRUNC_FIRED=154
TRUNC_FIRE_RATE=0.16%
TRUNC_OPTCOUNT_HIST=1-8:79443|9-16:8486|17-32:4277|33-64:3596|65-128:154|129-256:0|257+:0
TRUNC_FIRE_RATE_BY_TURN=1-2:0.00%(0/8861)|3-5:0.00%(0/12941)|6+:0.21%(154/74154)
TRUNC_DROPPED_BY_TYPE=ABILITY:185,ATTACH:2037,RETREAT:108
TRUNC_DROPPED_CRITICAL=0
TRUNC_DROPPED_CRITICAL_STATUS=PASS
MULTISELECT_FIXED_LEN=min=0,max=2:nodes=782,shorter_legal=782,shorter_generated=0,shorter_missed=782|min=0,max=3:nodes=318,shorter_legal=318,shorter_generated=0,shorter_missed=318|min=0,max=4:nodes=10,shorter_legal=10,shorter_generated=0,shorter_missed=10|min=0,max=5:nodes=84,shorter_legal=84,shorter_generated=0,shorter_missed=84|min=2,max=2:nodes=2201,shorter_legal=0,shorter_generated=0,shorter_missed=0
MULTISELECT_SHORTER_MISSED=1194
MULTISELECT_CTX_HIST=DISCARD:2194,DISCARD_ENERGY_CARD:117,SETUP_BENCH_POKEMON:165,TO_HAND:919
GAME_LENGTH_HIST=1-15:0|16-25:9|26-40:16|41-60:0|61+:0
WIN_BY_CAUSE=DECK_OUT:W=24,L=24,D=0|PRIZE:W=1,L=1,D=0
TURN_NODE_DIST=1-2:9.23%(8861/95956)|3-5:13.49%(12941/95956)|6+:77.28%(74154/95956)
SEARCH_MAX_DEPTH=16
SEARCH_MEAN_DEPTH=3.6328
MEAN_DEPTH=3.6328
SIMS_CONTRIBUTED=93980
SIMS_CONFIGURED=93980
SIMS_CONTRIBUTED_PER_DECISION=20.0000
SIMS_CONFIGURED_PER_DECISION=20.0000
PRIZE_REWARD_REACHED=0.34%(16/4699)
STALL_DRAW_PASS_TURNS=125
STALL_SHUFFLE_WITH_RESOURCES=73
MISSED_ATTACH=22
SHAPING_BREAKDOWN=BOARD_DECK_DIFF:0.017614|DAMAGE_PRESSURE:0.001211|DISRUPTION:0.000065|ENERGY_DENIAL:0.000388|ITEM_LOCK_PENALTY:0.000000|KO_BONUS:0.000065|PARALYSIS:0.000000|PRIZE_DIFF:0.000025|SLEEP:0.000000
ROOT_OPTION_STATS=ATTACK:available=58,chosen=15,not_chosen=43,zero_visit_rate=56.90%(33/58),mean_opt_visit=1.00,mean_opt_q=-0.2015,mean_chosen_visit=13.84,mean_chosen_q=0.5092|ENERGY_ATTACH:available=944,chosen=516,not_chosen=428,zero_visit_rate=22.56%(213/944),mean_opt_visit=1.80,mean_opt_q=-0.2130,mean_chosen_visit=12.75,mean_chosen_q=0.2030
ATTACH_PRIOR_DIST=special:n=1020,attach_prior[mean=0.0908,min=0.0001,max=0.9995,hist=(<0.001:730,0.001-0.005:50,0.005-0.01:6,0.01-0.03:5,0.03-0.1:4,0.1-0.3:80,0.3-1.0:145,1.0:0)],chosen_prior[mean=0.4138,min=0.0000,max=0.9995,hist=(<0.001:50,0.001-0.005:1,0.005-0.01:0,0.01-0.03:0,0.03-0.1:17,0.1-0.3:316,0.3-1.0:636,1.0:0)]|plain:n=4903,attach_prior[mean=0.0844,min=0.0000,max=0.9993,hist=(<0.001:2817,0.001-0.005:192,0.005-0.01:92,0.01-0.03:174,0.03-0.1:381,0.1-0.3:797,0.3-1.0:450,1.0:0)],chosen_prior[mean=0.4551,min=0.0000,max=0.9997,hist=(<0.001:121,0.001-0.005:16,0.005-0.01:0,0.01-0.03:0,0.03-0.1:136,0.1-0.3:1488,0.3-1.0:3142,1.0:0)]
SIM_KO_REACHED=0.09%(88/93980)
SIM_KO_DEPTH_MEAN=3.5795
SIM_KO_DEPTH_MIN=1
SIM_KO_DEPTH_MAX=8
TRUE_RESULT_TALLY=P0_WINS=15,P1_WINS=10,DRAWS=0
=== DIAG_DUMP_END ===
[m2] Training (14533 samples, 113 batches)...
[m2] Done (113 batches).
=== DIAG_DUMP_BEGIN ===
DIAG_GAMES=25
TRUNC_TOTAL_NODES=122508
TRUNC_FIRED=0
TRUNC_FIRE_RATE=0.00%
TRUNC_OPTCOUNT_HIST=1-8:101542|9-16:10005|17-32:7132|33-64:3829|65-128:0|129-256:0|257+:0
TRUNC_FIRE_RATE_BY_TURN=1-2:0.00%(0/8063)|3-5:0.00%(0/10201)|6+:0.00%(0/104244)
TRUNC_DROPPED_BY_TYPE=NONE
TRUNC_DROPPED_CRITICAL=0
TRUNC_DROPPED_CRITICAL_STATUS=PASS
MULTISELECT_FIXED_LEN=min=0,max=2:nodes=834,shorter_legal=834,shorter_generated=0,shorter_missed=834|min=0,max=3:nodes=21,shorter_legal=21,shorter_generated=0,shorter_missed=21|min=0,max=4:nodes=26,shorter_legal=26,shorter_generated=0,shorter_missed=26|min=0,max=5:nodes=294,shorter_legal=294,shorter_generated=0,shorter_missed=294|min=1,max=2:nodes=50,shorter_legal=50,shorter_generated=0,shorter_missed=50|min=2,max=2:nodes=2617,shorter_legal=0,shorter_generated=0,shorter_missed=0
MULTISELECT_SHORTER_MISSED=1225
MULTISELECT_CTX_HIST=ATTACH_TO:50,DISCARD:1931,SETUP_BENCH_POKEMON:381,SKILL_ORDER:411,TO_BENCH:794,TO_HAND:275
GAME_LENGTH_HIST=1-15:2|16-25:0|26-40:16|41-60:7|61+:0
WIN_BY_CAUSE=DECK_OUT:W=20,L=20,D=0|PRIZE:W=5,L=5,D=0
TURN_NODE_DIST=1-2:6.58%(8063/122508)|3-5:8.33%(10201/122508)|6+:85.09%(104244/122508)
SEARCH_MAX_DEPTH=20
SEARCH_MEAN_DEPTH=3.6408
MEAN_DEPTH=3.6408
SIMS_CONTRIBUTED=118800
SIMS_CONFIGURED=118800
SIMS_CONTRIBUTED_PER_DECISION=20.0000
SIMS_CONFIGURED_PER_DECISION=20.0000
PRIZE_REWARD_REACHED=2.95%(175/5940)
STALL_DRAW_PASS_TURNS=283
STALL_SHUFFLE_WITH_RESOURCES=132
MISSED_ATTACH=130
SHAPING_BREAKDOWN=BOARD_DECK_DIFF:0.012409|DAMAGE_PRESSURE:0.002420|DISRUPTION:0.000104|ENERGY_DENIAL:0.001217|ITEM_LOCK_PENALTY:-0.005233|KO_BONUS:0.000606|PARALYSIS:0.000000|PRIZE_DIFF:-0.000581|SLEEP:0.000000
ROOT_OPTION_STATS=ATTACK:available=536,chosen=148,not_chosen=388,zero_visit_rate=36.94%(198/536),mean_opt_visit=1.26,mean_opt_q=-0.5351,mean_chosen_visit=13.96,mean_chosen_q=0.1244|ENERGY_ATTACH:available=910,chosen=371,not_chosen=539,zero_visit_rate=23.85%(217/910),mean_opt_visit=1.53,mean_opt_q=-0.3613,mean_chosen_visit=12.15,mean_chosen_q=0.0944
ATTACH_PRIOR_DIST=special:n=0,attach_prior[mean=nan,min=0.0000,max=0.0000,hist=(<0.001:0,0.001-0.005:0,0.005-0.01:0,0.01-0.03:0,0.03-0.1:0,0.1-0.3:0,0.3-1.0:0,1.0:0)],chosen_prior[mean=nan,min=0.0000,max=0.0000,hist=(<0.001:0,0.001-0.005:0,0.005-0.01:0,0.01-0.03:0,0.03-0.1:0,0.1-0.3:0,0.3-1.0:0,1.0:0)]|plain:n=5616,attach_prior[mean=0.0628,min=0.0000,max=0.9978,hist=(<0.001:3003,0.001-0.005:514,0.005-0.01:285,0.01-0.03:411,0.03-0.1:338,0.1-0.3:703,0.3-1.0:362,1.0:0)],chosen_prior[mean=0.4525,min=0.0000,max=0.9994,hist=(<0.001:388,0.001-0.005:54,0.005-0.01:12,0.01-0.03:92,0.03-0.1:211,0.1-0.3:1398,0.3-1.0:3461,1.0:0)]
SIM_KO_REACHED=1.68%(2001/118800)
SIM_KO_DEPTH_MEAN=3.8821
SIM_KO_DEPTH_MIN=1
SIM_KO_DEPTH_MAX=13
TRUE_RESULT_TALLY=P0_WINS=17,P1_WINS=8,DRAWS=0
=== DIAG_DUMP_END ===
[dragapult] Training (16833 samples, 131 batches)...
[dragapult] Done (131 batches).
=== DIAG_DUMP_BEGIN ===
DIAG_GAMES=25
TRUNC_TOTAL_NODES=84041
TRUNC_FIRED=213
TRUNC_FIRE_RATE=0.25%
TRUNC_OPTCOUNT_HIST=1-8:69115|9-16:8873|17-32:3760|33-64:2080|65-128:213|129-256:0|257+:0
TRUNC_FIRE_RATE_BY_TURN=1-2:0.00%(0/7213)|3-5:0.00%(0/10366)|6+:0.32%(213/66462)
TRUNC_DROPPED_BY_TYPE=ABILITY:200,ATTACH:3147,PLAY:53,RETREAT:74
TRUNC_DROPPED_CRITICAL=0
TRUNC_DROPPED_CRITICAL_STATUS=PASS
MULTISELECT_FIXED_LEN=min=0,max=2:nodes=670,shorter_legal=670,shorter_generated=0,shorter_missed=670|min=0,max=3:nodes=104,shorter_legal=104,shorter_generated=0,shorter_missed=104|min=0,max=4:nodes=109,shorter_legal=109,shorter_generated=0,shorter_missed=109|min=0,max=5:nodes=329,shorter_legal=329,shorter_generated=0,shorter_missed=329|min=2,max=2:nodes=3711,shorter_legal=0,shorter_generated=0,shorter_missed=0|min=3,max=3:nodes=2356,shorter_legal=0,shorter_generated=0,shorter_missed=0|min=4,max=4:nodes=489,shorter_legal=0,shorter_generated=0,shorter_missed=0|min=5,max=5:nodes=174,shorter_legal=0,shorter_generated=0,shorter_missed=0|min=6,max=6:nodes=81,shorter_legal=0,shorter_generated=0,shorter_missed=0
MULTISELECT_SHORTER_MISSED=1212
MULTISELECT_CTX_HIST=ATTACH_TO:473,DISCARD:345,SETUP_BENCH_POKEMON:222,SKILL_ORDER:6117,TO_BENCH:517,TO_HAND:349
GAME_LENGTH_HIST=1-15:4|16-25:9|26-40:8|41-60:2|61+:2
WIN_BY_CAUSE=DECK_OUT:W=1,L=1,D=0|NO_ACTIVE:W=3,L=3,D=0|PRIZE:W=19,L=19,D=2
TURN_NODE_DIST=1-2:8.58%(7213/84041)|3-5:12.33%(10366/84041)|6+:79.08%(66462/84041)
SEARCH_MAX_DEPTH=18
SEARCH_MEAN_DEPTH=3.3463
MEAN_DEPTH=3.3463
SIMS_CONTRIBUTED=82340
SIMS_CONFIGURED=82340
SIMS_CONTRIBUTED_PER_DECISION=20.0000
SIMS_CONFIGURED_PER_DECISION=20.0000
PRIZE_REWARD_REACHED=9.89%(407/4117)
STALL_DRAW_PASS_TURNS=300
STALL_SHUFFLE_WITH_RESOURCES=95
MISSED_ATTACH=132
SHAPING_BREAKDOWN=BOARD_DECK_DIFF:0.009538|DAMAGE_PRESSURE:0.004803|DISRUPTION:0.000118|ENERGY_DENIAL:0.001710|ITEM_LOCK_PENALTY:-0.004365|KO_BONUS:0.002277|PARALYSIS:0.000000|PRIZE_DIFF:0.002766|SLEEP:0.000000
ROOT_OPTION_STATS=ATTACK:available=426,chosen=206,not_chosen=220,zero_visit_rate=10.80%(46/426),mean_opt_visit=2.77,mean_opt_q=-0.0983,mean_chosen_visit=11.63,mean_chosen_q=0.2491|ENERGY_ATTACH:available=746,chosen=218,not_chosen=528,zero_visit_rate=33.91%(253/746),mean_opt_visit=1.19,mean_opt_q=-0.3104,mean_chosen_visit=12.25,mean_chosen_q=0.1387
ATTACH_PRIOR_DIST=special:n=0,attach_prior[mean=nan,min=0.0000,max=0.0000,hist=(<0.001:0,0.001-0.005:0,0.005-0.01:0,0.01-0.03:0,0.03-0.1:0,0.1-0.3:0,0.3-1.0:0,1.0:0)],chosen_prior[mean=nan,min=0.0000,max=0.0000,hist=(<0.001:0,0.001-0.005:0,0.005-0.01:0,0.01-0.03:0,0.03-0.1:0,0.1-0.3:0,0.3-1.0:0,1.0:0)]|plain:n=3966,attach_prior[mean=0.0724,min=0.0000,max=0.9967,hist=(<0.001:1835,0.001-0.005:359,0.005-0.01:127,0.01-0.03:250,0.03-0.1:540,0.1-0.3:543,0.3-1.0:312,1.0:0)],chosen_prior[mean=0.4371,min=0.0001,max=0.9995,hist=(<0.001:102,0.001-0.005:58,0.005-0.01:6,0.01-0.03:0,0.03-0.1:42,0.1-0.3:1118,0.3-1.0:2640,1.0:0)]
SIM_KO_REACHED=6.08%(5008/82340)
SIM_KO_DEPTH_MEAN=2.8133
SIM_KO_DEPTH_MIN=1
SIM_KO_DEPTH_MAX=14
TRUE_RESULT_TALLY=P0_WINS=10,P1_WINS=13,DRAWS=2
=== DIAG_DUMP_END ===
[grimmsnarl] Training (12521 samples, 97 batches)...
[grimmsnarl] Done (97 batches).
=== DIAG_DUMP_BEGIN ===
DIAG_GAMES=25
TRUNC_TOTAL_NODES=66087
TRUNC_FIRED=1731
TRUNC_FIRE_RATE=2.62%
TRUNC_OPTCOUNT_HIST=1-8:42711|9-16:13114|17-32:5946|33-64:2585|65-128:1647|129-256:84|257+:0
TRUNC_FIRE_RATE_BY_TURN=1-2:0.00%(0/5370)|3-5:0.00%(0/6788)|6+:3.21%(1731/53929)
TRUNC_DROPPED_BY_TYPE=ATTACH:45969,PLAY:1190,RETREAT:844
TRUNC_DROPPED_CRITICAL=0
TRUNC_DROPPED_CRITICAL_STATUS=PASS
MULTISELECT_FIXED_LEN=min=0,max=2:nodes=54,shorter_legal=54,shorter_generated=0,shorter_missed=54|min=0,max=3:nodes=12,shorter_legal=12,shorter_generated=0,shorter_missed=12|min=0,max=4:nodes=5,shorter_legal=5,shorter_generated=0,shorter_missed=5|min=0,max=5:nodes=307,shorter_legal=307,shorter_generated=0,shorter_missed=307|min=2,max=2:nodes=1285,shorter_legal=0,shorter_generated=0,shorter_missed=0
MULTISELECT_SHORTER_MISSED=378
MULTISELECT_CTX_HIST=DISCARD:1188,SETUP_BENCH_POKEMON:378,TO_HAND:97
GAME_LENGTH_HIST=1-15:4|16-25:3|26-40:2|41-60:5|61+:11
WIN_BY_CAUSE=DECK_OUT:W=11,L=11,D=0|NO_ACTIVE:W=11,L=11,D=0|PRIZE:W=3,L=3,D=0
TURN_NODE_DIST=1-2:8.13%(5370/66087)|3-5:10.27%(6788/66087)|6+:81.60%(53929/66087)
SEARCH_MAX_DEPTH=16
SEARCH_MEAN_DEPTH=2.6893
MEAN_DEPTH=2.6893
SIMS_CONTRIBUTED=64220
SIMS_CONFIGURED=64220
SIMS_CONTRIBUTED_PER_DECISION=20.0000
SIMS_CONFIGURED_PER_DECISION=20.0000
PRIZE_REWARD_REACHED=5.17%(166/3211)
STALL_DRAW_PASS_TURNS=658
STALL_SHUFFLE_WITH_RESOURCES=115
MISSED_ATTACH=426
SHAPING_BREAKDOWN=BOARD_DECK_DIFF:0.004905|DAMAGE_PRESSURE:0.002195|DISRUPTION:0.000173|ENERGY_DENIAL:0.000478|ITEM_LOCK_PENALTY:0.000000|KO_BONUS:0.001310|PARALYSIS:0.000000|PRIZE_DIFF:-0.000670|SLEEP:0.000000
ROOT_OPTION_STATS=ATTACK:available=963,chosen=464,not_chosen=499,zero_visit_rate=23.16%(223/963),mean_opt_visit=2.07,mean_opt_q=-0.2124,mean_chosen_visit=11.98,mean_chosen_q=0.1990|ENERGY_ATTACH:available=1130,chosen=416,not_chosen=714,zero_visit_rate=20.80%(235/1130),mean_opt_visit=2.19,mean_opt_q=-0.1235,mean_chosen_visit=12.18,mean_chosen_q=0.1523
ATTACH_PRIOR_DIST=special:n=0,attach_prior[mean=nan,min=0.0000,max=0.0000,hist=(<0.001:0,0.001-0.005:0,0.005-0.01:0,0.01-0.03:0,0.03-0.1:0,0.1-0.3:0,0.3-1.0:0,1.0:0)],chosen_prior[mean=nan,min=0.0000,max=0.0000,hist=(<0.001:0,0.001-0.005:0,0.005-0.01:0,0.01-0.03:0,0.03-0.1:0,0.1-0.3:0,0.3-1.0:0,1.0:0)]|plain:n=6463,attach_prior[mean=0.0838,min=0.0001,max=0.9993,hist=(<0.001:1309,0.001-0.005:1631,0.005-0.01:522,0.01-0.03:618,0.03-0.1:605,0.1-0.3:1221,0.3-1.0:557,1.0:0)],chosen_prior[mean=0.4317,min=0.0000,max=0.9993,hist=(<0.001:177,0.001-0.005:39,0.005-0.01:28,0.01-0.03:14,0.03-0.1:136,0.1-0.3:2323,0.3-1.0:3746,1.0:0)]
SIM_KO_REACHED=1.80%(1159/64220)
SIM_KO_DEPTH_MEAN=2.9689
SIM_KO_DEPTH_MIN=1
SIM_KO_DEPTH_MAX=9
TRUE_RESULT_TALLY=P0_WINS=18,P1_WINS=7,DRAWS=0
=== DIAG_DUMP_END ===
[lucario] Training (10030 samples, 78 batches)...
[lucario] Done (78 batches).
=== DIAG_DUMP_BEGIN ===
DIAG_GAMES=25
TRUNC_TOTAL_NODES=49453
TRUNC_FIRED=2089
TRUNC_FIRE_RATE=4.22%
TRUNC_OPTCOUNT_HIST=1-8:21262|9-16:8523|17-32:11720|33-64:5859|65-128:1602|129-256:487|257+:0
TRUNC_FIRE_RATE_BY_TURN=1-2:0.00%(0/3414)|3-5:0.00%(0/3061)|6+:4.86%(2089/42978)
TRUNC_DROPPED_BY_TYPE=ABILITY:357,ATTACH:75077,EVOLVE:1,PLAY:2435,RETREAT:741
TRUNC_DROPPED_CRITICAL=0
TRUNC_DROPPED_CRITICAL_STATUS=PASS
MULTISELECT_FIXED_LEN=min=0,max=2:nodes=643,shorter_legal=643,shorter_generated=0,shorter_missed=643|min=0,max=3:nodes=71,shorter_legal=71,shorter_generated=0,shorter_missed=71|min=0,max=4:nodes=19,shorter_legal=19,shorter_generated=0,shorter_missed=19|min=0,max=5:nodes=260,shorter_legal=260,shorter_generated=0,shorter_missed=260|min=2,max=2:nodes=445,shorter_legal=0,shorter_generated=0,shorter_missed=0|min=3,max=3:nodes=17,shorter_legal=0,shorter_generated=0,shorter_missed=0
MULTISELECT_SHORTER_MISSED=993
MULTISELECT_CTX_HIST=DISCARD:445,SETUP_BENCH_POKEMON:334,TO_BENCH:600,TO_HAND:76
GAME_LENGTH_HIST=1-15:6|16-25:3|26-40:1|41-60:2|61+:13
WIN_BY_CAUSE=DECK_OUT:W=9,L=9,D=0|NO_ACTIVE:W=16,L=16,D=0
TURN_NODE_DIST=1-2:6.90%(3414/49453)|3-5:6.19%(3061/49453)|6+:86.91%(42978/49453)
SEARCH_MAX_DEPTH=20
SEARCH_MEAN_DEPTH=2.7379
MEAN_DEPTH=2.7379
SIMS_CONTRIBUTED=48340
SIMS_CONFIGURED=48340
SIMS_CONTRIBUTED_PER_DECISION=20.0000
SIMS_CONFIGURED_PER_DECISION=20.0000
PRIZE_REWARD_REACHED=5.83%(141/2417)
STALL_DRAW_PASS_TURNS=1095
STALL_SHUFFLE_WITH_RESOURCES=17
MISSED_ATTACH=1232
SHAPING_BREAKDOWN=BOARD_DECK_DIFF:0.007921|DAMAGE_PRESSURE:0.001704|DISRUPTION:0.000111|ENERGY_DENIAL:0.000177|ITEM_LOCK_PENALTY:0.000000|KO_BONUS:0.000744|PARALYSIS:0.000000|PRIZE_DIFF:-0.000207|SLEEP:0.000000
ROOT_OPTION_STATS=ATTACK:available=447,chosen=169,not_chosen=278,zero_visit_rate=22.37%(100/447),mean_opt_visit=1.80,mean_opt_q=-0.4361,mean_chosen_visit=9.01,mean_chosen_q=-0.0477|ENERGY_ATTACH:available=1743,chosen=141,not_chosen=1602,zero_visit_rate=39.87%(695/1743),mean_opt_visit=0.89,mean_opt_q=-0.5391,mean_chosen_visit=11.97,mean_chosen_q=0.0687
ATTACH_PRIOR_DIST=special:n=0,attach_prior[mean=nan,min=0.0000,max=0.0000,hist=(<0.001:0,0.001-0.005:0,0.005-0.01:0,0.01-0.03:0,0.03-0.1:0,0.1-0.3:0,0.3-1.0:0,1.0:0)],chosen_prior[mean=nan,min=0.0000,max=0.0000,hist=(<0.001:0,0.001-0.005:0,0.005-0.01:0,0.01-0.03:0,0.03-0.1:0,0.1-0.3:0,0.3-1.0:0,1.0:0)]|plain:n=15460,attach_prior[mean=0.0240,min=0.0000,max=0.9840,hist=(<0.001:8768,0.001-0.005:2272,0.005-0.01:577,0.01-0.03:1106,0.03-0.1:1511,0.1-0.3:1079,0.3-1.0:147,1.0:0)],chosen_prior[mean=0.3860,min=0.0000,max=0.9960,hist=(<0.001:625,0.001-0.005:295,0.005-0.01:86,0.01-0.03:215,0.03-0.1:2114,0.1-0.3:4688,0.3-1.0:7437,1.0:0)]
SIM_KO_REACHED=2.52%(1216/48340)
SIM_KO_DEPTH_MEAN=2.5962
SIM_KO_DEPTH_MIN=1
SIM_KO_DEPTH_MAX=13
TRUE_RESULT_TALLY=P0_WINS=7,P1_WINS=18,DRAWS=0
=== DIAG_DUMP_END ===
[mega_lopunny] Training (8530 samples, 66 batches)...
[mega_lopunny] Done (66 batches).
=== DIAG_DUMP_BEGIN ===
DIAG_GAMES=25
TRUNC_TOTAL_NODES=65392
TRUNC_FIRED=3571
TRUNC_FIRE_RATE=5.46%
TRUNC_OPTCOUNT_HIST=1-8:30702|9-16:14472|17-32:12614|33-64:4033|65-128:2735|129-256:836|257+:0
TRUNC_FIRE_RATE_BY_TURN=1-2:0.00%(0/3594)|3-5:0.00%(0/5403)|6+:6.33%(3571/56395)
TRUNC_DROPPED_BY_TYPE=ABILITY:578,ATTACH:137233,PLAY:2829,RETREAT:2456
TRUNC_DROPPED_CRITICAL=0
TRUNC_DROPPED_CRITICAL_STATUS=PASS
MULTISELECT_FIXED_LEN=min=0,max=2:nodes=153,shorter_legal=153,shorter_generated=0,shorter_missed=153|min=0,max=3:nodes=233,shorter_legal=233,shorter_generated=0,shorter_missed=233|min=0,max=4:nodes=41,shorter_legal=41,shorter_generated=0,shorter_missed=41|min=0,max=5:nodes=283,shorter_legal=283,shorter_generated=0,shorter_missed=283|min=2,max=2:nodes=1719,shorter_legal=0,shorter_generated=0,shorter_missed=0|min=3,max=3:nodes=98,shorter_legal=0,shorter_generated=0,shorter_missed=0
MULTISELECT_SHORTER_MISSED=710
MULTISELECT_CTX_HIST=DISCARD:1147,SETUP_BENCH_POKEMON:453,TO_BENCH:57,TO_DECK:402,TO_HAND:468
GAME_LENGTH_HIST=1-15:2|16-25:5|26-40:1|41-60:7|61+:10
WIN_BY_CAUSE=DECK_OUT:W=17,L=17,D=0|NO_ACTIVE:W=5,L=5,D=0|PRIZE:W=3,L=3,D=0
TURN_NODE_DIST=1-2:5.50%(3594/65392)|3-5:8.26%(5403/65392)|6+:86.24%(56395/65392)
SEARCH_MAX_DEPTH=11
SEARCH_MEAN_DEPTH=2.2726
MEAN_DEPTH=2.2726
SIMS_CONTRIBUTED=63460
SIMS_CONFIGURED=63460
SIMS_CONTRIBUTED_PER_DECISION=20.0000
SIMS_CONFIGURED_PER_DECISION=20.0000
PRIZE_REWARD_REACHED=2.14%(68/3173)
STALL_DRAW_PASS_TURNS=741
STALL_SHUFFLE_WITH_RESOURCES=0
MISSED_ATTACH=523
SHAPING_BREAKDOWN=BOARD_DECK_DIFF:0.011130|DAMAGE_PRESSURE:0.001895|DISRUPTION:0.000108|ENERGY_DENIAL:0.000725|ITEM_LOCK_PENALTY:0.000000|KO_BONUS:0.000541|PARALYSIS:0.000000|PRIZE_DIFF:-0.000681|SLEEP:0.000000
ROOT_OPTION_STATS=ATTACK:available=359,chosen=38,not_chosen=321,zero_visit_rate=36.49%(131/359),mean_opt_visit=1.05,mean_opt_q=-0.5278,mean_chosen_visit=10.17,mean_chosen_q=-0.0660|ENERGY_ATTACH:available=1289,chosen=305,not_chosen=984,zero_visit_rate=25.52%(329/1289),mean_opt_visit=1.43,mean_opt_q=-0.4888,mean_chosen_visit=10.02,mean_chosen_q=-0.0524
ATTACH_PRIOR_DIST=special:n=0,attach_prior[mean=nan,min=0.0000,max=0.0000,hist=(<0.001:0,0.001-0.005:0,0.005-0.01:0,0.01-0.03:0,0.03-0.1:0,0.1-0.3:0,0.3-1.0:0,1.0:0)],chosen_prior[mean=nan,min=0.0000,max=0.0000,hist=(<0.001:0,0.001-0.005:0,0.005-0.01:0,0.01-0.03:0,0.03-0.1:0,0.1-0.3:0,0.3-1.0:0,1.0:0)]|plain:n=7653,attach_prior[mean=0.0752,min=0.0000,max=0.5111,hist=(<0.001:2096,0.001-0.005:522,0.005-0.01:315,0.01-0.03:348,0.03-0.1:1878,0.1-0.3:2331,0.3-1.0:163,1.0:0)],chosen_prior[mean=0.2339,min=0.0000,max=0.9978,hist=(<0.001:705,0.001-0.005:170,0.005-0.01:114,0.01-0.03:156,0.03-0.1:1124,0.1-0.3:3385,0.3-1.0:1999,1.0:0)]
SIM_KO_REACHED=0.75%(479/63460)
SIM_KO_DEPTH_MEAN=2.2944
SIM_KO_DEPTH_MIN=1
SIM_KO_DEPTH_MAX=7
TRUE_RESULT_TALLY=P0_WINS=11,P1_WINS=14,DRAWS=0
=== DIAG_DUMP_END ===
[slop_box] Training (9336 samples, 72 batches)...
[slop_box] Done (72 batches).
[m2] Saved: checkpoints/m2/model_2026-08-08_23-09.pth
[dragapult] Saved: checkpoints/dragapult/model_2026-08-08_23-09.pth
[grimmsnarl] Saved: checkpoints/grimmsnarl/model_2026-08-08_23-09.pth
[lucario] Saved: checkpoints/lucario/model_2026-08-08_23-09.pth
[mega_lopunny] Saved: checkpoints/mega_lopunny/model_2026-08-08_23-09.pth
[slop_box] Saved: checkpoints/slop_box/model_2026-08-08_23-09.pth
--- Warm-up Epoch 4/4 ---
=== DIAG_DUMP_BEGIN ===
DIAG_GAMES=25
TRUNC_TOTAL_NODES=97361
TRUNC_FIRED=122
TRUNC_FIRE_RATE=0.13%
TRUNC_OPTCOUNT_HIST=1-8:81623|9-16:7633|17-32:4204|33-64:3779|65-128:122|129-256:0|257+:0
TRUNC_FIRE_RATE_BY_TURN=1-2:0.00%(0/7092)|3-5:0.00%(0/11545)|6+:0.15%(122/78724)
TRUNC_DROPPED_BY_TYPE=ABILITY:94,ATTACH:1358,PLAY:21,RETREAT:98
TRUNC_DROPPED_CRITICAL=0
TRUNC_DROPPED_CRITICAL_STATUS=PASS
MULTISELECT_FIXED_LEN=min=0,max=2:nodes=796,shorter_legal=796,shorter_generated=0,shorter_missed=796|min=0,max=3:nodes=331,shorter_legal=331,shorter_generated=0,shorter_missed=331|min=0,max=4:nodes=5,shorter_legal=5,shorter_generated=0,shorter_missed=5|min=0,max=5:nodes=162,shorter_legal=162,shorter_generated=0,shorter_missed=162|min=2,max=2:nodes=3340,shorter_legal=0,shorter_generated=0,shorter_missed=0
MULTISELECT_SHORTER_MISSED=1294
MULTISELECT_CTX_HIST=ATTACH_TO:1,DISCARD:3314,DISCARD_ENERGY_CARD:169,SETUP_BENCH_POKEMON:248,TO_HAND:902
GAME_LENGTH_HIST=1-15:0|16-25:6|26-40:16|41-60:3|61+:0
WIN_BY_CAUSE=DECK_OUT:W=23,L=23,D=0|PRIZE:W=2,L=2,D=0
TURN_NODE_DIST=1-2:7.28%(7092/97361)|3-5:11.86%(11545/97361)|6+:80.86%(78724/97361)
SEARCH_MAX_DEPTH=19
SEARCH_MEAN_DEPTH=3.4695
MEAN_DEPTH=3.4695
SIMS_CONTRIBUTED=94860
SIMS_CONFIGURED=94860
SIMS_CONTRIBUTED_PER_DECISION=20.0000
SIMS_CONFIGURED_PER_DECISION=20.0000
PRIZE_REWARD_REACHED=0.48%(23/4743)
STALL_DRAW_PASS_TURNS=233
STALL_SHUFFLE_WITH_RESOURCES=79
MISSED_ATTACH=80
SHAPING_BREAKDOWN=BOARD_DECK_DIFF:0.015238|DAMAGE_PRESSURE:0.001343|DISRUPTION:0.000064|ENERGY_DENIAL:0.000519|ITEM_LOCK_PENALTY:0.000000|KO_BONUS:0.000037|PARALYSIS:0.000000|PRIZE_DIFF:-0.000863|SLEEP:0.000000
ROOT_OPTION_STATS=ATTACK:available=48,chosen=18,not_chosen=30,zero_visit_rate=29.17%(14/48),mean_opt_visit=1.10,mean_opt_q=-0.4182,mean_chosen_visit=15.10,mean_chosen_q=0.5375|ENERGY_ATTACH:available=979,chosen=533,not_chosen=446,zero_visit_rate=12.77%(125/979),mean_opt_visit=2.14,mean_opt_q=-0.4653,mean_chosen_visit=11.33,mean_chosen_q=0.0839
ATTACH_PRIOR_DIST=special:n=1194,attach_prior[mean=0.1000,min=0.0000,max=0.9993,hist=(<0.001:798,0.001-0.005:59,0.005-0.01:13,0.01-0.03:24,0.03-0.1:19,0.1-0.3:99,0.3-1.0:182,1.0:0)],chosen_prior[mean=0.3863,min=0.0000,max=0.9993,hist=(<0.001:128,0.001-0.005:13,0.005-0.01:13,0.01-0.03:11,0.03-0.1:25,0.1-0.3:282,0.3-1.0:722,1.0:0)]|plain:n=4705,attach_prior[mean=0.0923,min=0.0000,max=0.9993,hist=(<0.001:2575,0.001-0.005:331,0.005-0.01:177,0.01-0.03:151,0.03-0.1:204,0.1-0.3:741,0.3-1.0:526,1.0:0)],chosen_prior[mean=0.4239,min=0.0000,max=0.9996,hist=(<0.001:409,0.001-0.005:42,0.005-0.01:28,0.01-0.03:31,0.03-0.1:64,0.1-0.3:1188,0.3-1.0:2943,1.0:0)]
SIM_KO_REACHED=0.27%(258/94860)
SIM_KO_DEPTH_MEAN=4.3178
SIM_KO_DEPTH_MIN=1
SIM_KO_DEPTH_MAX=10
TRUE_RESULT_TALLY=P0_WINS=14,P1_WINS=11,DRAWS=0
=== DIAG_DUMP_END ===
[m2] Training (19276 samples, 150 batches)...
[m2] Done (150 batches).
=== DIAG_DUMP_BEGIN ===
DIAG_GAMES=25
TRUNC_TOTAL_NODES=112386
TRUNC_FIRED=78
TRUNC_FIRE_RATE=0.07%
TRUNC_OPTCOUNT_HIST=1-8:93773|9-16:9189|17-32:6700|33-64:2646|65-128:78|129-256:0|257+:0
TRUNC_FIRE_RATE_BY_TURN=1-2:0.00%(0/8666)|3-5:0.00%(0/13474)|6+:0.09%(78/90246)
TRUNC_DROPPED_BY_TYPE=ABILITY:184,ATTACH:162,RETREAT:24
TRUNC_DROPPED_CRITICAL=0
TRUNC_DROPPED_CRITICAL_STATUS=PASS
MULTISELECT_FIXED_LEN=min=0,max=2:nodes=590,shorter_legal=590,shorter_generated=0,shorter_missed=590|min=0,max=4:nodes=18,shorter_legal=18,shorter_generated=0,shorter_missed=18|min=0,max=5:nodes=227,shorter_legal=227,shorter_generated=0,shorter_missed=227|min=1,max=2:nodes=31,shorter_legal=31,shorter_generated=0,shorter_missed=31|min=2,max=2:nodes=2439,shorter_legal=0,shorter_generated=0,shorter_missed=0
MULTISELECT_SHORTER_MISSED=866
MULTISELECT_CTX_HIST=ATTACH_TO:31,DISCARD:1771,SETUP_BENCH_POKEMON:294,SKILL_ORDER:436,TO_BENCH:541,TO_HAND:232
GAME_LENGTH_HIST=1-15:0|16-25:7|26-40:16|41-60:2|61+:0
WIN_BY_CAUSE=DECK_OUT:W=23,L=23,D=0|PRIZE:W=2,L=2,D=0
TURN_NODE_DIST=1-2:7.71%(8666/112386)|3-5:11.99%(13474/112386)|6+:80.30%(90246/112386)
SEARCH_MAX_DEPTH=19
SEARCH_MEAN_DEPTH=3.7897
MEAN_DEPTH=3.7897
SIMS_CONTRIBUTED=108980
SIMS_CONFIGURED=108980
SIMS_CONTRIBUTED_PER_DECISION=20.0000
SIMS_CONFIGURED_PER_DECISION=20.0000
PRIZE_REWARD_REACHED=1.61%(88/5449)
STALL_DRAW_PASS_TURNS=206
STALL_SHUFFLE_WITH_RESOURCES=118
MISSED_ATTACH=61
SHAPING_BREAKDOWN=BOARD_DECK_DIFF:0.015648|DAMAGE_PRESSURE:0.002157|DISRUPTION:0.000091|ENERGY_DENIAL:0.001283|ITEM_LOCK_PENALTY:-0.004592|KO_BONUS:0.000477|PARALYSIS:0.000000|PRIZE_DIFF:-0.000338|SLEEP:0.000000
ROOT_OPTION_STATS=ATTACK:available=468,chosen=106,not_chosen=362,zero_visit_rate=43.80%(205/468),mean_opt_visit=0.89,mean_opt_q=-0.5600,mean_chosen_visit=14.13,mean_chosen_q=0.2087|ENERGY_ATTACH:available=838,chosen=368,not_chosen=470,zero_visit_rate=27.92%(234/838),mean_opt_visit=1.67,mean_opt_q=-0.1227,mean_chosen_visit=12.81,mean_chosen_q=0.2620
ATTACH_PRIOR_DIST=special:n=0,attach_prior[mean=nan,min=0.0000,max=0.0000,hist=(<0.001:0,0.001-0.005:0,0.005-0.01:0,0.01-0.03:0,0.03-0.1:0,0.1-0.3:0,0.3-1.0:0,1.0:0)],chosen_prior[mean=nan,min=0.0000,max=0.0000,hist=(<0.001:0,0.001-0.005:0,0.005-0.01:0,0.01-0.03:0,0.03-0.1:0,0.1-0.3:0,0.3-1.0:0,1.0:0)]|plain:n=5203,attach_prior[mean=0.0721,min=0.0000,max=0.9988,hist=(<0.001:3100,0.001-0.005:449,0.005-0.01:176,0.01-0.03:178,0.03-0.1:253,0.1-0.3:610,0.3-1.0:437,1.0:0)],chosen_prior[mean=0.4526,min=0.0000,max=0.9995,hist=(<0.001:346,0.001-0.005:47,0.005-0.01:14,0.01-0.03:33,0.03-0.1:98,0.1-0.3:1454,0.3-1.0:3211,1.0:0)]
SIM_KO_REACHED=0.85%(925/108980)
SIM_KO_DEPTH_MEAN=3.1805
SIM_KO_DEPTH_MIN=1
SIM_KO_DEPTH_MAX=12
TRUE_RESULT_TALLY=P0_WINS=11,P1_WINS=14,DRAWS=0
=== DIAG_DUMP_END ===
[dragapult] Training (22282 samples, 174 batches)...
[dragapult] Done (174 batches).
=== DIAG_DUMP_BEGIN ===
DIAG_GAMES=25
TRUNC_TOTAL_NODES=93596
TRUNC_FIRED=815
TRUNC_FIRE_RATE=0.87%
TRUNC_OPTCOUNT_HIST=1-8:70312|9-16:12659|17-32:5727|33-64:4083|65-128:723|129-256:92|257+:0
TRUNC_FIRE_RATE_BY_TURN=1-2:0.00%(0/5935)|3-5:0.00%(0/6648)|6+:1.01%(815/81013)
TRUNC_DROPPED_BY_TYPE=ABILITY:757,ATTACH:25164,PLAY:352,RETREAT:376
TRUNC_DROPPED_CRITICAL=0
TRUNC_DROPPED_CRITICAL_STATUS=PASS
MULTISELECT_FIXED_LEN=min=0,max=2:nodes=732,shorter_legal=732,shorter_generated=0,shorter_missed=732|min=0,max=3:nodes=87,shorter_legal=87,shorter_generated=0,shorter_missed=87|min=0,max=4:nodes=122,shorter_legal=122,shorter_generated=0,shorter_missed=122|min=0,max=5:nodes=336,shorter_legal=336,shorter_generated=0,shorter_missed=336|min=2,max=2:nodes=2079,shorter_legal=0,shorter_generated=0,shorter_missed=0|min=3,max=3:nodes=1365,shorter_legal=0,shorter_generated=0,shorter_missed=0|min=4,max=4:nodes=398,shorter_legal=0,shorter_generated=0,shorter_missed=0|min=5,max=5:nodes=45,shorter_legal=0,shorter_generated=0,shorter_missed=0
MULTISELECT_SHORTER_MISSED=1277
MULTISELECT_CTX_HIST=ATTACH_TO:329,DISCARD:451,SETUP_BENCH_POKEMON:365,SKILL_ORDER:3272,TO_BENCH:583,TO_HAND:164
GAME_LENGTH_HIST=1-15:1|16-25:3|26-40:4|41-60:5|61+:12
WIN_BY_CAUSE=DECK_OUT:W=10,L=10,D=0|NO_ACTIVE:W=2,L=2,D=0|PRIZE:W=13,L=13,D=0
TURN_NODE_DIST=1-2:6.34%(5935/93596)|3-5:7.10%(6648/93596)|6+:86.56%(81013/93596)
SEARCH_MAX_DEPTH=15
SEARCH_MEAN_DEPTH=2.8848
MEAN_DEPTH=2.8848
SIMS_CONTRIBUTED=90780
SIMS_CONFIGURED=90780
SIMS_CONTRIBUTED_PER_DECISION=20.0000
SIMS_CONFIGURED_PER_DECISION=20.0000
PRIZE_REWARD_REACHED=6.06%(275/4539)
STALL_DRAW_PASS_TURNS=834
STALL_SHUFFLE_WITH_RESOURCES=133
MISSED_ATTACH=670
SHAPING_BREAKDOWN=BOARD_DECK_DIFF:0.005955|DAMAGE_PRESSURE:0.003235|DISRUPTION:0.000099|ENERGY_DENIAL:0.001159|ITEM_LOCK_PENALTY:-0.006201|KO_BONUS:0.001417|PARALYSIS:0.000000|PRIZE_DIFF:0.000311|SLEEP:0.000000
ROOT_OPTION_STATS=ATTACK:available=741,chosen=397,not_chosen=344,zero_visit_rate=6.07%(45/741),mean_opt_visit=2.29,mean_opt_q=-0.3261,mean_chosen_visit=9.51,mean_chosen_q=0.2682|ENERGY_ATTACH:available=1419,chosen=242,not_chosen=1177,zero_visit_rate=31.71%(450/1419),mean_opt_visit=0.98,mean_opt_q=-0.5998,mean_chosen_visit=10.87,mean_chosen_q=0.2093
ATTACH_PRIOR_DIST=special:n=0,attach_prior[mean=nan,min=0.0000,max=0.0000,hist=(<0.001:0,0.001-0.005:0,0.005-0.01:0,0.01-0.03:0,0.03-0.1:0,0.1-0.3:0,0.3-1.0:0,1.0:0)],chosen_prior[mean=nan,min=0.0000,max=0.0000,hist=(<0.001:0,0.001-0.005:0,0.005-0.01:0,0.01-0.03:0,0.03-0.1:0,0.1-0.3:0,0.3-1.0:0,1.0:0)]|plain:n=12406,attach_prior[mean=0.0347,min=0.0000,max=0.9973,hist=(<0.001:7789,0.001-0.005:895,0.005-0.01:330,0.01-0.03:809,0.03-0.1:1242,0.1-0.3:957,0.3-1.0:384,1.0:0)],chosen_prior[mean=0.2150,min=0.0000,max=0.9987,hist=(<0.001:1541,0.001-0.005:748,0.005-0.01:766,0.01-0.03:966,0.03-0.1:1883,0.1-0.3:2819,0.3-1.0:3683,1.0:0)]
SIM_KO_REACHED=3.49%(3167/90780)
SIM_KO_DEPTH_MEAN=2.7291
SIM_KO_DEPTH_MIN=1
SIM_KO_DEPTH_MAX=12
TRUE_RESULT_TALLY=P0_WINS=13,P1_WINS=12,DRAWS=0
=== DIAG_DUMP_END ===
[grimmsnarl] Training (17060 samples, 133 batches)...
[grimmsnarl] Done (133 batches).
=== DIAG_DUMP_BEGIN ===
DIAG_GAMES=25
TRUNC_TOTAL_NODES=62917
TRUNC_FIRED=1385
TRUNC_FIRE_RATE=2.20%
TRUNC_OPTCOUNT_HIST=1-8:37663|9-16:13166|17-32:7805|33-64:2898|65-128:1315|129-256:70|257+:0
TRUNC_FIRE_RATE_BY_TURN=1-2:0.00%(0/4022)|3-5:0.00%(0/4632)|6+:2.55%(1385/54263)
TRUNC_DROPPED_BY_TYPE=ATTACH:35609,PLAY:1174,RETREAT:898
TRUNC_DROPPED_CRITICAL=0
TRUNC_DROPPED_CRITICAL_STATUS=PASS
MULTISELECT_FIXED_LEN=min=0,max=2:nodes=56,shorter_legal=56,shorter_generated=0,shorter_missed=56|min=0,max=3:nodes=21,shorter_legal=21,shorter_generated=0,shorter_missed=21|min=0,max=4:nodes=15,shorter_legal=15,shorter_generated=0,shorter_missed=15|min=0,max=5:nodes=234,shorter_legal=234,shorter_generated=0,shorter_missed=234|min=2,max=2:nodes=1202,shorter_legal=0,shorter_generated=0,shorter_missed=0
MULTISELECT_SHORTER_MISSED=326
MULTISELECT_CTX_HIST=DISCARD:1092,SETUP_BENCH_POKEMON:326,TO_HAND:110
GAME_LENGTH_HIST=1-15:3|16-25:3|26-40:5|41-60:1|61+:13
WIN_BY_CAUSE=DECK_OUT:W=7,L=7,D=0|NO_ACTIVE:W=17,L=17,D=0|PRIZE:W=1,L=1,D=0
TURN_NODE_DIST=1-2:6.39%(4022/62917)|3-5:7.36%(4632/62917)|6+:86.25%(54263/62917)
SEARCH_MAX_DEPTH=16
SEARCH_MEAN_DEPTH=2.4849
MEAN_DEPTH=2.4849
SIMS_CONTRIBUTED=61040
SIMS_CONFIGURED=61040
SIMS_CONTRIBUTED_PER_DECISION=20.0000
SIMS_CONFIGURED_PER_DECISION=20.0000
PRIZE_REWARD_REACHED=4.78%(146/3052)
STALL_DRAW_PASS_TURNS=822
STALL_SHUFFLE_WITH_RESOURCES=103
MISSED_ATTACH=861
SHAPING_BREAKDOWN=BOARD_DECK_DIFF:-0.001587|DAMAGE_PRESSURE:0.001396|DISRUPTION:0.000134|ENERGY_DENIAL:0.000393|ITEM_LOCK_PENALTY:0.000000|KO_BONUS:0.000941|PARALYSIS:0.000000|PRIZE_DIFF:-0.000623|SLEEP:0.000000
ROOT_OPTION_STATS=ATTACK:available=895,chosen=534,not_chosen=361,zero_visit_rate=17.43%(156/895),mean_opt_visit=1.76,mean_opt_q=-0.4003,mean_chosen_visit=11.20,mean_chosen_q=0.2028|ENERGY_ATTACH:available=1519,chosen=312,not_chosen=1207,zero_visit_rate=28.90%(439/1519),mean_opt_visit=1.25,mean_opt_q=-0.5456,mean_chosen_visit=11.76,mean_chosen_q=0.1317
ATTACH_PRIOR_DIST=special:n=0,attach_prior[mean=nan,min=0.0000,max=0.0000,hist=(<0.001:0,0.001-0.005:0,0.005-0.01:0,0.01-0.03:0,0.03-0.1:0,0.1-0.3:0,0.3-1.0:0,1.0:0)],chosen_prior[mean=nan,min=0.0000,max=0.0000,hist=(<0.001:0,0.001-0.005:0,0.005-0.01:0,0.01-0.03:0,0.03-0.1:0,0.1-0.3:0,0.3-1.0:0,1.0:0)]|plain:n=10012,attach_prior[mean=0.0527,min=0.0001,max=0.9989,hist=(<0.001:5021,0.001-0.005:1581,0.005-0.01:370,0.01-0.03:549,0.03-0.1:641,0.1-0.3:1395,0.3-1.0:455,1.0:0)],chosen_prior[mean=0.4408,min=0.0000,max=0.9989,hist=(<0.001:1042,0.001-0.005:62,0.005-0.01:27,0.01-0.03:72,0.03-0.1:303,0.1-0.3:3050,0.3-1.0:5456,1.0:0)]
SIM_KO_REACHED=2.07%(1263/61040)
SIM_KO_DEPTH_MEAN=2.5273
SIM_KO_DEPTH_MIN=1
SIM_KO_DEPTH_MAX=9
TRUE_RESULT_TALLY=P0_WINS=11,P1_WINS=14,DRAWS=0
=== DIAG_DUMP_END ===
[lucario] Training (13082 samples, 102 batches)...
[lucario] Done (102 batches).
=== DIAG_DUMP_BEGIN ===
DIAG_GAMES=25
TRUNC_TOTAL_NODES=54337
TRUNC_FIRED=2113
TRUNC_FIRE_RATE=3.89%
TRUNC_OPTCOUNT_HIST=1-8:26212|9-16:10612|17-32:9417|33-64:5983|65-128:1858|129-256:255|257+:0
TRUNC_FIRE_RATE_BY_TURN=1-2:0.00%(0/3447)|3-5:0.00%(0/2962)|6+:4.41%(2113/47928)
TRUNC_DROPPED_BY_TYPE=ABILITY:33,ATTACH:63728,EVOLVE:7,PLAY:2023,RETREAT:1075
TRUNC_DROPPED_CRITICAL=0
TRUNC_DROPPED_CRITICAL_STATUS=PASS
MULTISELECT_FIXED_LEN=min=0,max=2:nodes=852,shorter_legal=852,shorter_generated=0,shorter_missed=852|min=0,max=3:nodes=64,shorter_legal=64,shorter_generated=0,shorter_missed=64|min=0,max=4:nodes=20,shorter_legal=20,shorter_generated=0,shorter_missed=20|min=0,max=5:nodes=204,shorter_legal=204,shorter_generated=0,shorter_missed=204|min=2,max=2:nodes=603,shorter_legal=0,shorter_generated=0,shorter_missed=0|min=3,max=3:nodes=72,shorter_legal=0,shorter_generated=0,shorter_missed=0
MULTISELECT_SHORTER_MISSED=1140
MULTISELECT_CTX_HIST=DISCARD:570,SETUP_BENCH_POKEMON:287,TO_BENCH:801,TO_HAND:157
GAME_LENGTH_HIST=1-15:3|16-25:7|26-40:1|41-60:0|61+:14
WIN_BY_CAUSE=DECK_OUT:W=11,L=11,D=0|NO_ACTIVE:W=11,L=11,D=0|PRIZE:W=3,L=3,D=0
TURN_NODE_DIST=1-2:6.34%(3447/54337)|3-5:5.45%(2962/54337)|6+:88.21%(47928/54337)
SEARCH_MAX_DEPTH=18
SEARCH_MEAN_DEPTH=2.4913
MEAN_DEPTH=2.4913
SIMS_CONTRIBUTED=52920
SIMS_CONFIGURED=52920
SIMS_CONTRIBUTED_PER_DECISION=20.0000
SIMS_CONFIGURED_PER_DECISION=20.0000
PRIZE_REWARD_REACHED=5.52%(146/2646)
STALL_DRAW_PASS_TURNS=922
STALL_SHUFFLE_WITH_RESOURCES=27
MISSED_ATTACH=1110
SHAPING_BREAKDOWN=BOARD_DECK_DIFF:0.004576|DAMAGE_PRESSURE:0.002547|DISRUPTION:0.000097|ENERGY_DENIAL:0.000313|ITEM_LOCK_PENALTY:0.000000|KO_BONUS:0.001274|PARALYSIS:0.000000|PRIZE_DIFF:-0.000330|SLEEP:0.000000
ROOT_OPTION_STATS=ATTACK:available=537,chosen=309,not_chosen=228,zero_visit_rate=2.61%(14/537),mean_opt_visit=3.67,mean_opt_q=-0.0950,mean_chosen_visit=9.18,mean_chosen_q=0.1960|ENERGY_ATTACH:available=1678,chosen=175,not_chosen=1503,zero_visit_rate=44.28%(743/1678),mean_opt_visit=0.97,mean_opt_q=-0.4631,mean_chosen_visit=11.91,mean_chosen_q=0.1327
ATTACH_PRIOR_DIST=special:n=0,attach_prior[mean=nan,min=0.0000,max=0.0000,hist=(<0.001:0,0.001-0.005:0,0.005-0.01:0,0.01-0.03:0,0.03-0.1:0,0.1-0.3:0,0.3-1.0:0,1.0:0)],chosen_prior[mean=nan,min=0.0000,max=0.0000,hist=(<0.001:0,0.001-0.005:0,0.005-0.01:0,0.01-0.03:0,0.03-0.1:0,0.1-0.3:0,0.3-1.0:0,1.0:0)]|plain:n=13114,attach_prior[mean=0.0261,min=0.0000,max=0.9946,hist=(<0.001:8203,0.001-0.005:989,0.005-0.01:464,0.01-0.03:842,0.03-0.1:1435,0.1-0.3:992,0.3-1.0:189,1.0:0)],chosen_prior[mean=0.3773,min=0.0000,max=0.9986,hist=(<0.001:461,0.001-0.005:160,0.005-0.01:46,0.01-0.03:187,0.03-0.1:1349,0.1-0.3:4149,0.3-1.0:6762,1.0:0)]
SIM_KO_REACHED=2.10%(1109/52920)
SIM_KO_DEPTH_MEAN=2.6005
SIM_KO_DEPTH_MIN=1
SIM_KO_DEPTH_MAX=7
TRUE_RESULT_TALLY=P0_WINS=9,P1_WINS=16,DRAWS=0
=== DIAG_DUMP_END ===
[mega_lopunny] Training (11176 samples, 87 batches)...
[mega_lopunny] Done (87 batches).
=== DIAG_DUMP_BEGIN ===
DIAG_GAMES=25
TRUNC_TOTAL_NODES=67545
TRUNC_FIRED=5373
TRUNC_FIRE_RATE=7.95%
TRUNC_OPTCOUNT_HIST=1-8:30970|9-16:14299|17-32:12620|33-64:4283|65-128:4470|129-256:903|257+:0
TRUNC_FIRE_RATE_BY_TURN=1-2:0.00%(0/3766)|3-5:0.00%(0/5905)|6+:9.28%(5373/57874)
TRUNC_DROPPED_BY_TYPE=ABILITY:923,ATTACH:186435,PLAY:4238,RETREAT:3805
TRUNC_DROPPED_CRITICAL=0
TRUNC_DROPPED_CRITICAL_STATUS=PASS
MULTISELECT_FIXED_LEN=min=0,max=2:nodes=194,shorter_legal=194,shorter_generated=0,shorter_missed=194|min=0,max=3:nodes=238,shorter_legal=238,shorter_generated=0,shorter_missed=238|min=0,max=4:nodes=38,shorter_legal=38,shorter_generated=0,shorter_missed=38|min=0,max=5:nodes=291,shorter_legal=291,shorter_generated=0,shorter_missed=291|min=2,max=2:nodes=1215,shorter_legal=0,shorter_generated=0,shorter_missed=0|min=3,max=3:nodes=40,shorter_legal=0,shorter_generated=0,shorter_missed=0
MULTISELECT_SHORTER_MISSED=761
MULTISELECT_CTX_HIST=DISCARD:792,SETUP_BENCH_POKEMON:504,TO_BENCH:57,TO_DECK:279,TO_HAND:384
GAME_LENGTH_HIST=1-15:4|16-25:1|26-40:2|41-60:8|61+:10
WIN_BY_CAUSE=DECK_OUT:W=20,L=20,D=0|NO_ACTIVE:W=3,L=3,D=0|PRIZE:W=2,L=2,D=0
TURN_NODE_DIST=1-2:5.58%(3766/67545)|3-5:8.74%(5905/67545)|6+:85.68%(57874/67545)
SEARCH_MAX_DEPTH=12
SEARCH_MEAN_DEPTH=2.4164
MEAN_DEPTH=2.4164
SIMS_CONTRIBUTED=65600
SIMS_CONFIGURED=65600
SIMS_CONTRIBUTED_PER_DECISION=20.0000
SIMS_CONFIGURED_PER_DECISION=20.0000
PRIZE_REWARD_REACHED=1.68%(55/3280)
STALL_DRAW_PASS_TURNS=740
STALL_SHUFFLE_WITH_RESOURCES=0
MISSED_ATTACH=586
SHAPING_BREAKDOWN=BOARD_DECK_DIFF:0.011333|DAMAGE_PRESSURE:0.001917|DISRUPTION:0.000093|ENERGY_DENIAL:0.000192|ITEM_LOCK_PENALTY:0.000000|KO_BONUS:0.000432|PARALYSIS:0.000000|PRIZE_DIFF:-0.000268|SLEEP:0.000000
ROOT_OPTION_STATS=ATTACK:available=339,chosen=29,not_chosen=310,zero_visit_rate=42.48%(144/339),mean_opt_visit=1.14,mean_opt_q=-0.3907,mean_chosen_visit=10.58,mean_chosen_q=0.0001|ENERGY_ATTACH:available=1418,chosen=327,not_chosen=1091,zero_visit_rate=25.04%(355/1418),mean_opt_visit=1.68,mean_opt_q=-0.3983,mean_chosen_visit=10.71,mean_chosen_q=-0.0250
ATTACH_PRIOR_DIST=special:n=0,attach_prior[mean=nan,min=0.0000,max=0.0000,hist=(<0.001:0,0.001-0.005:0,0.005-0.01:0,0.01-0.03:0,0.03-0.1:0,0.1-0.3:0,0.3-1.0:0,1.0:0)],chosen_prior[mean=nan,min=0.0000,max=0.0000,hist=(<0.001:0,0.001-0.005:0,0.005-0.01:0,0.01-0.03:0,0.03-0.1:0,0.1-0.3:0,0.3-1.0:0,1.0:0)]|plain:n=9841,attach_prior[mean=0.0444,min=0.0000,max=0.4831,hist=(<0.001:4750,0.001-0.005:1032,0.005-0.01:423,0.01-0.03:679,0.03-0.1:1106,0.1-0.3:1681,0.3-1.0:170,1.0:0)],chosen_prior[mean=0.3637,min=0.0000,max=0.9988,hist=(<0.001:521,0.001-0.005:105,0.005-0.01:126,0.01-0.03:168,0.03-0.1:615,0.1-0.3:3290,0.3-1.0:5016,1.0:0)]
SIM_KO_REACHED=0.58%(383/65600)
SIM_KO_DEPTH_MEAN=2.5483
SIM_KO_DEPTH_MIN=1
SIM_KO_DEPTH_MAX=7
TRUE_RESULT_TALLY=P0_WINS=11,P1_WINS=14,DRAWS=0
=== DIAG_DUMP_END ===
[slop_box] Training (12616 samples, 98 batches)...
[slop_box] Done (98 batches).
[m2] Saved: checkpoints/m2/model_2026-08-08_23-35.pth
[dragapult] Saved: checkpoints/dragapult/model_2026-08-08_23-35.pth
[grimmsnarl] Saved: checkpoints/grimmsnarl/model_2026-08-08_23-35.pth
[lucario] Saved: checkpoints/lucario/model_2026-08-08_23-35.pth
[mega_lopunny] Saved: checkpoints/mega_lopunny/model_2026-08-08_23-35.pth
[slop_box] Saved: checkpoints/slop_box/model_2026-08-08_23-35.pth
=== Main Phase (25 epochs) ===
--- Main Epoch 1/25 ---
=== DIAG_DUMP_BEGIN ===
DIAG_GAMES=25
TRUNC_TOTAL_NODES=96535
TRUNC_FIRED=275
TRUNC_FIRE_RATE=0.28%
TRUNC_OPTCOUNT_HIST=1-8:78926|9-16:9061|17-32:4550|33-64:3723|65-128:275|129-256:0|257+:0
TRUNC_FIRE_RATE_BY_TURN=1-2:0.00%(0/6367)|3-5:0.00%(0/9400)|6+:0.34%(275/80768)
TRUNC_DROPPED_BY_TYPE=ABILITY:205,ATTACH:2580,RETREAT:212
TRUNC_DROPPED_CRITICAL=0
TRUNC_DROPPED_CRITICAL_STATUS=PASS
MULTISELECT_FIXED_LEN=min=0,max=2:nodes=848,shorter_legal=848,shorter_generated=0,shorter_missed=848|min=0,max=3:nodes=402,shorter_legal=402,shorter_generated=0,shorter_missed=402|min=0,max=4:nodes=13,shorter_legal=13,shorter_generated=0,shorter_missed=13|min=0,max=5:nodes=283,shorter_legal=283,shorter_generated=0,shorter_missed=283|min=2,max=2:nodes=3632,shorter_legal=0,shorter_generated=0,shorter_missed=0
MULTISELECT_SHORTER_MISSED=1546
MULTISELECT_CTX_HIST=DISCARD:3527,DISCARD_ENERGY_CARD:281,SETUP_BENCH_POKEMON:374,TO_HAND:996
GAME_LENGTH_HIST=1-15:0|16-25:3|26-40:18|41-60:4|61+:0
WIN_BY_CAUSE=DECK_OUT:W=22,L=22,D=0|PRIZE:W=3,L=3,D=0
TURN_NODE_DIST=1-2:6.60%(6367/96535)|3-5:9.74%(9400/96535)|6+:83.67%(80768/96535)
SEARCH_MAX_DEPTH=19
SEARCH_MEAN_DEPTH=3.3488
MEAN_DEPTH=3.3488
SIMS_CONTRIBUTED=94080
SIMS_CONFIGURED=94080
SIMS_CONTRIBUTED_PER_DECISION=20.0000
SIMS_CONFIGURED_PER_DECISION=20.0000
PRIZE_REWARD_REACHED=0.66%(31/4704)
STALL_DRAW_PASS_TURNS=248
STALL_SHUFFLE_WITH_RESOURCES=104
MISSED_ATTACH=102
SHAPING_BREAKDOWN=BOARD_DECK_DIFF:0.013891|DAMAGE_PRESSURE:0.002356|DISRUPTION:0.000068|ENERGY_DENIAL:0.000684|ITEM_LOCK_PENALTY:0.000000|KO_BONUS:0.000054|PARALYSIS:0.000000|PRIZE_DIFF:-0.000702|SLEEP:0.000000
ROOT_OPTION_STATS=ATTACK:available=90,chosen=28,not_chosen=62,zero_visit_rate=34.44%(31/90),mean_opt_visit=2.02,mean_opt_q=-0.0480,mean_chosen_visit=13.98,mean_chosen_q=0.3685|ENERGY_ATTACH:available=1147,chosen=529,not_chosen=618,zero_visit_rate=16.83%(193/1147),mean_opt_visit=1.78,mean_opt_q=-0.5211,mean_chosen_visit=10.91,mean_chosen_q=0.0097
ATTACH_PRIOR_DIST=special:n=1374,attach_prior[mean=0.0861,min=0.0001,max=0.9993,hist=(<0.001:910,0.001-0.005:73,0.005-0.01:23,0.01-0.03:49,0.03-0.1:40,0.1-0.3:117,0.3-1.0:162,1.0:0)],chosen_prior[mean=0.4267,min=0.0000,max=0.9993,hist=(<0.001:159,0.001-0.005:3,0.005-0.01:4,0.01-0.03:1,0.03-0.1:32,0.1-0.3:317,0.3-1.0:858,1.0:0)]|plain:n=5904,attach_prior[mean=0.0740,min=0.0000,max=0.9990,hist=(<0.001:3661,0.001-0.005:340,0.005-0.01:132,0.01-0.03:240,0.03-0.1:308,0.1-0.3:723,0.3-1.0:500,1.0:0)],chosen_prior[mean=0.4597,min=0.0000,max=0.9998,hist=(<0.001:481,0.001-0.005:33,0.005-0.01:18,0.01-0.03:31,0.03-0.1:182,0.1-0.3:1330,0.3-1.0:3829,1.0:0)]
SIM_KO_REACHED=0.35%(327/94080)
SIM_KO_DEPTH_MEAN=3.8318
SIM_KO_DEPTH_MIN=1
SIM_KO_DEPTH_MAX=10
TRUE_RESULT_TALLY=P0_WINS=14,P1_WINS=11,DRAWS=0
=== DIAG_DUMP_END ===
=== DIAG_DUMP_BEGIN ===
DIAG_GAMES=25
TRUNC_TOTAL_NODES=97844
TRUNC_FIRED=372
TRUNC_FIRE_RATE=0.38%
TRUNC_OPTCOUNT_HIST=1-8:78504|9-16:9828|17-32:6209|33-64:2931|65-128:353|129-256:19|257+:0
TRUNC_FIRE_RATE_BY_TURN=1-2:0.00%(0/6630)|3-5:0.00%(0/7225)|6+:0.44%(372/83989)
TRUNC_DROPPED_BY_TYPE=ABILITY:306,ATTACH:6451,PLAY:102,RETREAT:209
TRUNC_DROPPED_CRITICAL=0
TRUNC_DROPPED_CRITICAL_STATUS=PASS
MULTISELECT_FIXED_LEN=min=0,max=2:nodes=802,shorter_legal=802,shorter_generated=0,shorter_missed=802|min=0,max=3:nodes=35,shorter_legal=35,shorter_generated=0,shorter_missed=35|min=0,max=4:nodes=59,shorter_legal=59,shorter_generated=0,shorter_missed=59|min=0,max=5:nodes=319,shorter_legal=319,shorter_generated=0,shorter_missed=319|min=1,max=2:nodes=42,shorter_legal=42,shorter_generated=0,shorter_missed=42|min=2,max=2:nodes=2345,shorter_legal=0,shorter_generated=0,shorter_missed=0|min=3,max=3:nodes=355,shorter_legal=0,shorter_generated=0,shorter_missed=0
MULTISELECT_SHORTER_MISSED=1257
MULTISELECT_CTX_HIST=ATTACH_TO:137,DISCARD:1204,SETUP_BENCH_POKEMON:377,SKILL_ORDER:1405,TO_BENCH:743,TO_HAND:91
GAME_LENGTH_HIST=1-15:1|16-25:4|26-40:8|41-60:5|61+:7
WIN_BY_CAUSE=DECK_OUT:W=15,L=15,D=0|NO_ACTIVE:W=1,L=1,D=0|PRIZE:W=9,L=9,D=0
TURN_NODE_DIST=1-2:6.78%(6630/97844)|3-5:7.38%(7225/97844)|6+:85.84%(83989/97844)
SEARCH_MAX_DEPTH=16
SEARCH_MEAN_DEPTH=3.2995
MEAN_DEPTH=3.2995
SIMS_CONTRIBUTED=95080
SIMS_CONFIGURED=95080
SIMS_CONTRIBUTED_PER_DECISION=20.0000
SIMS_CONFIGURED_PER_DECISION=20.0000
PRIZE_REWARD_REACHED=5.53%(263/4754)
STALL_DRAW_PASS_TURNS=507
STALL_SHUFFLE_WITH_RESOURCES=119
MISSED_ATTACH=384
SHAPING_BREAKDOWN=BOARD_DECK_DIFF:0.010643|DAMAGE_PRESSURE:0.002475|DISRUPTION:0.000090|ENERGY_DENIAL:0.000972|ITEM_LOCK_PENALTY:-0.005011|KO_BONUS:0.001124|PARALYSIS:0.000000|PRIZE_DIFF:0.000759|SLEEP:0.000000
ROOT_OPTION_STATS=ATTACK:available=475,chosen=210,not_chosen=265,zero_visit_rate=23.16%(110/475),mean_opt_visit=1.73,mean_opt_q=-0.3309,mean_chosen_visit=13.56,mean_chosen_q=0.3872|ENERGY_ATTACH:available=1076,chosen=272,not_chosen=804,zero_visit_rate=35.41%(381/1076),mean_opt_visit=1.15,mean_opt_q=-0.4735,mean_chosen_visit=12.05,mean_chosen_q=0.2782
ATTACH_PRIOR_DIST=special:n=0,attach_prior[mean=nan,min=0.0000,max=0.0000,hist=(<0.001:0,0.001-0.005:0,0.005-0.01:0,0.01-0.03:0,0.03-0.1:0,0.1-0.3:0,0.3-1.0:0,1.0:0)],chosen_prior[mean=nan,min=0.0000,max=0.0000,hist=(<0.001:0,0.001-0.005:0,0.005-0.01:0,0.01-0.03:0,0.03-0.1:0,0.1-0.3:0,0.3-1.0:0,1.0:0)]|plain:n=7631,attach_prior[mean=0.0430,min=0.0000,max=0.9984,hist=(<0.001:5450,0.001-0.005:401,0.005-0.01:132,0.01-0.03:249,0.03-0.1:368,0.1-0.3:722,0.3-1.0:309,1.0:0)],chosen_prior[mean=0.3754,min=0.0000,max=0.9995,hist=(<0.001:792,0.001-0.005:99,0.005-0.01:104,0.01-0.03:490,0.03-0.1:204,0.1-0.3:1899,0.3-1.0:4043,1.0:0)]
SIM_KO_REACHED=2.98%(2834/95080)
SIM_KO_DEPTH_MEAN=2.9901
SIM_KO_DEPTH_MIN=1
SIM_KO_DEPTH_MAX=12
TRUE_RESULT_TALLY=P0_WINS=15,P1_WINS=10,DRAWS=0
=== DIAG_DUMP_END ===
=== DIAG_DUMP_BEGIN ===
DIAG_GAMES=25
TRUNC_TOTAL_NODES=67940
TRUNC_FIRED=1667
TRUNC_FIRE_RATE=2.45%
TRUNC_OPTCOUNT_HIST=1-8:40938|9-16:13298|17-32:8094|33-64:3943|65-128:1564|129-256:103|257+:0
TRUNC_FIRE_RATE_BY_TURN=1-2:0.00%(0/4620)|3-5:0.00%(0/5127)|6+:2.86%(1667/58193)
TRUNC_DROPPED_BY_TYPE=ABILITY:240,ATTACH:40357,PLAY:1265,RETREAT:487
TRUNC_DROPPED_CRITICAL=0
TRUNC_DROPPED_CRITICAL_STATUS=PASS
MULTISELECT_FIXED_LEN=min=0,max=2:nodes=360,shorter_legal=360,shorter_generated=0,shorter_missed=360|min=0,max=3:nodes=33,shorter_legal=33,shorter_generated=0,shorter_missed=33|min=0,max=4:nodes=43,shorter_legal=43,shorter_generated=0,shorter_missed=43|min=0,max=5:nodes=226,shorter_legal=226,shorter_generated=0,shorter_missed=226|min=2,max=2:nodes=1682,shorter_legal=0,shorter_generated=0,shorter_missed=0|min=3,max=3:nodes=87,shorter_legal=0,shorter_generated=0,shorter_missed=0|min=4,max=4:nodes=114,shorter_legal=0,shorter_generated=0,shorter_missed=0
MULTISELECT_SHORTER_MISSED=662
MULTISELECT_CTX_HIST=ATTACH_TO:46,DISCARD:1017,SETUP_BENCH_POKEMON:324,SKILL_ORDER:779,TO_BENCH:276,TO_HAND:103
GAME_LENGTH_HIST=1-15:3|16-25:2|26-40:2|41-60:8|61+:10
WIN_BY_CAUSE=DECK_OUT:W=9,L=9,D=0|NO_ACTIVE:W=8,L=8,D=0|PRIZE:W=8,L=8,D=0
TURN_NODE_DIST=1-2:6.80%(4620/67940)|3-5:7.55%(5127/67940)|6+:85.65%(58193/67940)
SEARCH_MAX_DEPTH=15
SEARCH_MEAN_DEPTH=2.5956
MEAN_DEPTH=2.5956
SIMS_CONTRIBUTED=66080
SIMS_CONFIGURED=66080
SIMS_CONTRIBUTED_PER_DECISION=20.0000
SIMS_CONFIGURED_PER_DECISION=20.0000
PRIZE_REWARD_REACHED=5.63%(186/3304)
STALL_DRAW_PASS_TURNS=851
STALL_SHUFFLE_WITH_RESOURCES=111
MISSED_ATTACH=803
SHAPING_BREAKDOWN=BOARD_DECK_DIFF:0.005121|DAMAGE_PRESSURE:0.002490|DISRUPTION:0.000125|ENERGY_DENIAL:0.000507|ITEM_LOCK_PENALTY:-0.000487|KO_BONUS:0.001154|PARALYSIS:0.000000|PRIZE_DIFF:-0.001428|SLEEP:0.000000
ROOT_OPTION_STATS=ATTACK:available=750,chosen=363,not_chosen=387,zero_visit_rate=14.40%(108/750),mean_opt_visit=1.81,mean_opt_q=-0.4674,mean_chosen_visit=10.86,mean_chosen_q=-0.0552|ENERGY_ATTACH:available=1449,chosen=280,not_chosen=1169,zero_visit_rate=29.61%(429/1449),mean_opt_visit=1.43,mean_opt_q=-0.3737,mean_chosen_visit=11.83,mean_chosen_q=0.1341
ATTACH_PRIOR_DIST=special:n=0,attach_prior[mean=nan,min=0.0000,max=0.0000,hist=(<0.001:0,0.001-0.005:0,0.005-0.01:0,0.01-0.03:0,0.03-0.1:0,0.1-0.3:0,0.3-1.0:0,1.0:0)],chosen_prior[mean=nan,min=0.0000,max=0.0000,hist=(<0.001:0,0.001-0.005:0,0.005-0.01:0,0.01-0.03:0,0.03-0.1:0,0.1-0.3:0,0.3-1.0:0,1.0:0)]|plain:n=10285,attach_prior[mean=0.0473,min=0.0000,max=0.9990,hist=(<0.001:6498,0.001-0.005:793,0.005-0.01:332,0.01-0.03:342,0.03-0.1:603,0.1-0.3:1262,0.3-1.0:455,1.0:0)],chosen_prior[mean=0.3896,min=0.0000,max=0.9990,hist=(<0.001:794,0.001-0.005:130,0.005-0.01:37,0.01-0.03:242,0.03-0.1:298,0.1-0.3:3551,0.3-1.0:5233,1.0:0)]
SIM_KO_REACHED=2.60%(1718/66080)
SIM_KO_DEPTH_MEAN=2.5518
SIM_KO_DEPTH_MIN=1
SIM_KO_DEPTH_MAX=13
TRUE_RESULT_TALLY=P0_WINS=12,P1_WINS=13,DRAWS=0
=== DIAG_DUMP_END ===
=== DIAG_DUMP_BEGIN ===
DIAG_GAMES=25
TRUNC_TOTAL_NODES=67226
TRUNC_FIRED=4016
TRUNC_FIRE_RATE=5.97%
TRUNC_OPTCOUNT_HIST=1-8:29441|9-16:14498|17-32:13440|33-64:5831|65-128:3099|129-256:917|257+:0
TRUNC_FIRE_RATE_BY_TURN=1-2:0.00%(0/4210)|3-5:0.00%(0/5263)|6+:6.95%(4016/57753)
TRUNC_DROPPED_BY_TYPE=ABILITY:501,ATTACH:151803,PLAY:3382,RETREAT:2394
TRUNC_DROPPED_CRITICAL=0
TRUNC_DROPPED_CRITICAL_STATUS=PASS
MULTISELECT_FIXED_LEN=min=0,max=2:nodes=310,shorter_legal=310,shorter_generated=0,shorter_missed=310|min=0,max=3:nodes=164,shorter_legal=164,shorter_generated=0,shorter_missed=164|min=0,max=4:nodes=32,shorter_legal=32,shorter_generated=0,shorter_missed=32|min=0,max=5:nodes=154,shorter_legal=154,shorter_generated=0,shorter_missed=154|min=2,max=2:nodes=1097,shorter_legal=0,shorter_generated=0,shorter_missed=0|min=3,max=3:nodes=33,shorter_legal=0,shorter_generated=0,shorter_missed=0
MULTISELECT_SHORTER_MISSED=660
MULTISELECT_CTX_HIST=DISCARD:807,SETUP_BENCH_POKEMON:321,TO_BENCH:222,TO_DECK:210,TO_HAND:230
GAME_LENGTH_HIST=1-15:2|16-25:2|26-40:3|41-60:9|61+:9
WIN_BY_CAUSE=DECK_OUT:W=16,L=16,D=0|NO_ACTIVE:W=5,L=5,D=0|PRIZE:W=4,L=4,D=0
TURN_NODE_DIST=1-2:6.26%(4210/67226)|3-5:7.83%(5263/67226)|6+:85.91%(57753/67226)
SEARCH_MAX_DEPTH=14
SEARCH_MEAN_DEPTH=2.4340
MEAN_DEPTH=2.4340
SIMS_CONTRIBUTED=65400
SIMS_CONFIGURED=65400
SIMS_CONTRIBUTED_PER_DECISION=20.0000
SIMS_CONFIGURED_PER_DECISION=20.0000
PRIZE_REWARD_REACHED=1.96%(64/3270)
STALL_DRAW_PASS_TURNS=797
STALL_SHUFFLE_WITH_RESOURCES=17
MISSED_ATTACH=797
SHAPING_BREAKDOWN=BOARD_DECK_DIFF:0.012785|DAMAGE_PRESSURE:0.001856|DISRUPTION:0.000093|ENERGY_DENIAL:0.000263|ITEM_LOCK_PENALTY:0.000000|KO_BONUS:0.000607|PARALYSIS:0.000000|PRIZE_DIFF:-0.001890|SLEEP:0.000000
ROOT_OPTION_STATS=ATTACK:available=424,chosen=129,not_chosen=295,zero_visit_rate=34.67%(147/424),mean_opt_visit=1.35,mean_opt_q=-0.4166,mean_chosen_visit=10.90,mean_chosen_q=-0.0294|ENERGY_ATTACH:available=1575,chosen=292,not_chosen=1283,zero_visit_rate=32.76%(516/1575),mean_opt_visit=1.31,mean_opt_q=-0.4427,mean_chosen_visit=10.75,mean_chosen_q=-0.0801
ATTACH_PRIOR_DIST=special:n=0,attach_prior[mean=nan,min=0.0000,max=0.0000,hist=(<0.001:0,0.001-0.005:0,0.005-0.01:0,0.01-0.03:0,0.03-0.1:0,0.1-0.3:0,0.3-1.0:0,1.0:0)],chosen_prior[mean=nan,min=0.0000,max=0.0000,hist=(<0.001:0,0.001-0.005:0,0.005-0.01:0,0.01-0.03:0,0.03-0.1:0,0.1-0.3:0,0.3-1.0:0,1.0:0)]|plain:n=11104,attach_prior[mean=0.0342,min=0.0000,max=0.9961,hist=(<0.001:7185,0.001-0.005:880,0.005-0.01:278,0.01-0.03:397,0.03-0.1:809,0.1-0.3:1360,0.3-1.0:195,1.0:0)],chosen_prior[mean=0.4836,min=0.0000,max=0.9983,hist=(<0.001:777,0.001-0.005:247,0.005-0.01:97,0.01-0.03:159,0.03-0.1:317,0.1-0.3:2284,0.3-1.0:7223,1.0:0)]
SIM_KO_REACHED=0.87%(567/65400)
SIM_KO_DEPTH_MEAN=2.7725
SIM_KO_DEPTH_MIN=1
SIM_KO_DEPTH_MAX=9
TRUE_RESULT_TALLY=P0_WINS=14,P1_WINS=11,DRAWS=0
=== DIAG_DUMP_END ===
=== DIAG_DUMP_BEGIN ===
DIAG_GAMES=25
TRUNC_TOTAL_NODES=74320
TRUNC_FIRED=584
TRUNC_FIRE_RATE=0.79%
TRUNC_OPTCOUNT_HIST=1-8:58419|9-16:8494|17-32:4150|33-64:2673|65-128:446|129-256:138|257+:0
TRUNC_FIRE_RATE_BY_TURN=1-2:0.00%(0/6167)|3-5:0.00%(0/8922)|6+:0.99%(584/59231)
TRUNC_DROPPED_BY_TYPE=ABILITY:144,ATTACH:19056,EVOLVE:97,PLAY:203,RETREAT:213
TRUNC_DROPPED_CRITICAL=0
TRUNC_DROPPED_CRITICAL_STATUS=PASS
MULTISELECT_FIXED_LEN=min=0,max=2:nodes=613,shorter_legal=613,shorter_generated=0,shorter_missed=613|min=0,max=3:nodes=258,shorter_legal=258,shorter_generated=0,shorter_missed=258|min=0,max=4:nodes=15,shorter_legal=15,shorter_generated=0,shorter_missed=15|min=0,max=5:nodes=48,shorter_legal=48,shorter_generated=0,shorter_missed=48|min=2,max=2:nodes=2493,shorter_legal=0,shorter_generated=0,shorter_missed=0|min=3,max=3:nodes=40,shorter_legal=0,shorter_generated=0,shorter_missed=0
MULTISELECT_SHORTER_MISSED=934
MULTISELECT_CTX_HIST=ATTACH_TO:56,DISCARD:1867,DISCARD_ENERGY_CARD:37,SETUP_BENCH_POKEMON:135,SKILL_ORDER:546,TO_BENCH:239,TO_HAND:587
GAME_LENGTH_HIST=1-15:1|16-25:7|26-40:10|41-60:6|61+:1
WIN_BY_CAUSE=DECK_OUT:W=17,L=17,D=0|NO_ACTIVE:W=1,L=1,D=0|PRIZE:W=7,L=7,D=0
TURN_NODE_DIST=1-2:8.30%(6167/74320)|3-5:12.00%(8922/74320)|6+:79.70%(59231/74320)
SEARCH_MAX_DEPTH=20
SEARCH_MEAN_DEPTH=3.2018
MEAN_DEPTH=3.2018
SIMS_CONTRIBUTED=72200
SIMS_CONFIGURED=72200
SIMS_CONTRIBUTED_PER_DECISION=20.0000
SIMS_CONFIGURED_PER_DECISION=20.0000
PRIZE_REWARD_REACHED=3.07%(111/3610)
STALL_DRAW_PASS_TURNS=366
STALL_SHUFFLE_WITH_RESOURCES=97
MISSED_ATTACH=292
SHAPING_BREAKDOWN=BOARD_DECK_DIFF:0.034506|DAMAGE_PRESSURE:0.001878|DISRUPTION:0.000115|ENERGY_DENIAL:0.001113|ITEM_LOCK_PENALTY:-0.002090|KO_BONUS:0.000834|PARALYSIS:0.000000|PRIZE_DIFF:-0.001382|SLEEP:0.000000
ROOT_OPTION_STATS=ATTACK:available=186,chosen=84,not_chosen=102,zero_visit_rate=36.56%(68/186),mean_opt_visit=1.10,mean_opt_q=-0.0754,mean_chosen_visit=14.00,mean_chosen_q=0.4093|ENERGY_ATTACH:available=1061,chosen=340,not_chosen=721,zero_visit_rate=22.34%(237/1061),mean_opt_visit=1.31,mean_opt_q=-0.6221,mean_chosen_visit=11.41,mean_chosen_q=0.1954
ATTACH_PRIOR_DIST=special:n=708,attach_prior[mean=0.0947,min=0.0001,max=0.9993,hist=(<0.001:480,0.001-0.005:27,0.005-0.01:6,0.01-0.03:7,0.03-0.1:14,0.1-0.3:83,0.3-1.0:91,1.0:0)],chosen_prior[mean=0.3774,min=0.0000,max=0.9993,hist=(<0.001:109,0.001-0.005:1,0.005-0.01:1,0.01-0.03:7,0.03-0.1:22,0.1-0.3:169,0.3-1.0:399,1.0:0)]|plain:n=6237,attach_prior[mean=0.0545,min=0.0000,max=0.9990,hist=(<0.001:3730,0.001-0.005:464,0.005-0.01:140,0.01-0.03:400,0.03-0.1:560,0.1-0.3:614,0.3-1.0:329,1.0:0)],chosen_prior[mean=0.3630,min=0.0000,max=0.9997,hist=(<0.001:778,0.001-0.005:304,0.005-0.01:47,0.01-0.03:227,0.03-0.1:414,0.1-0.3:1396,0.3-1.0:3071,1.0:0)]
SIM_KO_REACHED=1.78%(1288/72200)
SIM_KO_DEPTH_MEAN=2.8230
SIM_KO_DEPTH_MIN=1
SIM_KO_DEPTH_MAX=11
TRUE_RESULT_TALLY=P0_WINS=11,P1_WINS=14,DRAWS=0
=== DIAG_DUMP_END ===
=== DIAG_DUMP_BEGIN ===
DIAG_GAMES=25
TRUNC_TOTAL_NODES=72161
TRUNC_FIRED=364
TRUNC_FIRE_RATE=0.50%
TRUNC_OPTCOUNT_HIST=1-8:52318|9-16:10753|17-32:5763|33-64:2963|65-128:364|129-256:0|257+:0
TRUNC_FIRE_RATE_BY_TURN=1-2:0.00%(0/4980)|3-5:0.00%(0/7573)|6+:0.61%(364/59608)
TRUNC_DROPPED_BY_TYPE=ABILITY:24,ATTACH:6045,EVOLVE:22,PLAY:183,RETREAT:33
TRUNC_DROPPED_CRITICAL=0
TRUNC_DROPPED_CRITICAL_STATUS=PASS
MULTISELECT_FIXED_LEN=min=0,max=2:nodes=604,shorter_legal=604,shorter_generated=0,shorter_missed=604|min=0,max=3:nodes=208,shorter_legal=208,shorter_generated=0,shorter_missed=208|min=0,max=5:nodes=67,shorter_legal=67,shorter_generated=0,shorter_missed=67|min=2,max=2:nodes=2250,shorter_legal=0,shorter_generated=0,shorter_missed=0|min=3,max=3:nodes=6,shorter_legal=0,shorter_generated=0,shorter_missed=0
MULTISELECT_SHORTER_MISSED=879
MULTISELECT_CTX_HIST=DISCARD:2183,DISCARD_ENERGY_CARD:29,SETUP_BENCH_POKEMON:126,TO_BENCH:199,TO_DECK:16,TO_HAND:582
GAME_LENGTH_HIST=1-15:1|16-25:2|26-40:13|41-60:8|61+:1
WIN_BY_CAUSE=DECK_OUT:W=21,L=21,D=0|NO_ACTIVE:W=2,L=2,D=0|PRIZE:W=2,L=2,D=0
TURN_NODE_DIST=1-2:6.90%(4980/72161)|3-5:10.49%(7573/72161)|6+:82.60%(59608/72161)
SEARCH_MAX_DEPTH=18
SEARCH_MEAN_DEPTH=3.1119
MEAN_DEPTH=3.1119
SIMS_CONTRIBUTED=69940
SIMS_CONFIGURED=69940
SIMS_CONTRIBUTED_PER_DECISION=20.0000
SIMS_CONFIGURED_PER_DECISION=20.0000
PRIZE_REWARD_REACHED=1.06%(37/3497)
STALL_DRAW_PASS_TURNS=379
STALL_SHUFFLE_WITH_RESOURCES=83
MISSED_ATTACH=276
SHAPING_BREAKDOWN=BOARD_DECK_DIFF:0.047100|DAMAGE_PRESSURE:0.001718|DISRUPTION:0.000150|ENERGY_DENIAL:0.001241|ITEM_LOCK_PENALTY:-0.000009|KO_BONUS:0.000186|PARALYSIS:0.000000|PRIZE_DIFF:-0.000511|SLEEP:0.000000
ROOT_OPTION_STATS=ATTACK:available=259,chosen=137,not_chosen=122,zero_visit_rate=11.97%(31/259),mean_opt_visit=2.60,mean_opt_q=-0.1543,mean_chosen_visit=10.61,mean_chosen_q=0.1604|ENERGY_ATTACH:available=1115,chosen=403,not_chosen=712,zero_visit_rate=26.55%(296/1115),mean_opt_visit=1.61,mean_opt_q=-0.3946,mean_chosen_visit=11.91,mean_chosen_q=0.0285
ATTACH_PRIOR_DIST=special:n=723,attach_prior[mean=0.0768,min=0.0000,max=0.9993,hist=(<0.001:479,0.001-0.005:59,0.005-0.01:8,0.01-0.03:17,0.03-0.1:17,0.1-0.3:68,0.3-1.0:75,1.0:0)],chosen_prior[mean=0.4231,min=0.0000,max=0.9993,hist=(<0.001:97,0.001-0.005:6,0.005-0.01:1,0.01-0.03:10,0.03-0.1:4,0.1-0.3:154,0.3-1.0:451,1.0:0)]|plain:n=5395,attach_prior[mean=0.0702,min=0.0000,max=0.9986,hist=(<0.001:2879,0.001-0.005:542,0.005-0.01:169,0.01-0.03:262,0.03-0.1:392,0.1-0.3:732,0.3-1.0:419,1.0:0)],chosen_prior[mean=0.4534,min=0.0000,max=0.9997,hist=(<0.001:555,0.001-0.005:76,0.005-0.01:12,0.01-0.03:79,0.03-0.1:159,0.1-0.3:1105,0.3-1.0:3409,1.0:0)]
SIM_KO_REACHED=0.39%(274/69940)
SIM_KO_DEPTH_MEAN=3.0219
SIM_KO_DEPTH_MIN=1
SIM_KO_DEPTH_MAX=9
TRUE_RESULT_TALLY=P0_WINS=12,P1_WINS=13,DRAWS=0
=== DIAG_DUMP_END ===
[m2] Training (25000 samples, 195 batches)...
[m2] Done (195 batches).
[dragapult] Training (25000 samples, 195 batches)...
[dragapult] Done (195 batches).
[grimmsnarl] Training (20198 samples, 157 batches)...
[grimmsnarl] Done (157 batches).
[lucario] Training (15485 samples, 120 batches)...
[lucario] Done (120 batches).
[mega_lopunny] Training (13531 samples, 105 batches)...
[mega_lopunny] Done (105 batches).
[slop_box] Training (15363 samples, 120 batches)...
[slop_box] Done (120 batches).
[m2] Saved: checkpoints/m2/model_2026-08-09_00-03.pth
[dragapult] Saved: checkpoints/dragapult/model_2026-08-09_00-03.pth
[grimmsnarl] Saved: checkpoints/grimmsnarl/model_2026-08-09_00-03.pth
[lucario] Saved: checkpoints/lucario/model_2026-08-09_00-03.pth
[mega_lopunny] Saved: checkpoints/mega_lopunny/model_2026-08-09_00-03.pth
[slop_box] Saved: checkpoints/slop_box/model_2026-08-09_00-03.pth
Games: 760 | Epoch: 27.9m | Elapsed: 126.5m | ETA: 3036.4m
--- Main Epoch 2/25 ---
=== DIAG_DUMP_BEGIN ===
DIAG_GAMES=25
TRUNC_TOTAL_NODES=91669
TRUNC_FIRED=322
TRUNC_FIRE_RATE=0.35%
TRUNC_OPTCOUNT_HIST=1-8:70339|9-16:9950|17-32:5874|33-64:5184|65-128:322|129-256:0|257+:0
TRUNC_FIRE_RATE_BY_TURN=1-2:0.00%(0/6938)|3-5:0.00%(0/11157)|6+:0.44%(322/73574)
TRUNC_DROPPED_BY_TYPE=ABILITY:36,ATTACH:2999,PLAY:127,RETREAT:231
TRUNC_DROPPED_CRITICAL=0
TRUNC_DROPPED_CRITICAL_STATUS=PASS
MULTISELECT_FIXED_LEN=min=0,max=2:nodes=561,shorter_legal=561,shorter_generated=0,shorter_missed=561|min=0,max=3:nodes=419,shorter_legal=419,shorter_generated=0,shorter_missed=419|min=0,max=4:nodes=16,shorter_legal=16,shorter_generated=0,shorter_missed=16|min=0,max=5:nodes=147,shorter_legal=147,shorter_generated=0,shorter_missed=147|min=2,max=2:nodes=2644,shorter_legal=0,shorter_generated=0,shorter_missed=0|min=3,max=3:nodes=25,shorter_legal=0,shorter_generated=0,shorter_missed=0
MULTISELECT_SHORTER_MISSED=1143
MULTISELECT_CTX_HIST=DISCARD:2422,DISCARD_ENERGY_CARD:83,SETUP_BENCH_POKEMON:261,TO_BENCH:21,TO_DECK:119,TO_HAND:906
GAME_LENGTH_HIST=1-15:1|16-25:8|26-40:12|41-60:4|61+:0
WIN_BY_CAUSE=DECK_OUT:W=23,L=23,D=0|NO_ACTIVE:W=1,L=1,D=0|PRIZE:W=1,L=1,D=0
TURN_NODE_DIST=1-2:7.57%(6938/91669)|3-5:12.17%(11157/91669)|6+:80.26%(73574/91669)
SEARCH_MAX_DEPTH=19
SEARCH_MEAN_DEPTH=3.3760
MEAN_DEPTH=3.3760
SIMS_CONTRIBUTED=89180
SIMS_CONFIGURED=89180
SIMS_CONTRIBUTED_PER_DECISION=20.0000
SIMS_CONFIGURED_PER_DECISION=20.0000
PRIZE_REWARD_REACHED=0.20%(9/4459)
STALL_DRAW_PASS_TURNS=237
STALL_SHUFFLE_WITH_RESOURCES=71
MISSED_ATTACH=82
SHAPING_BREAKDOWN=BOARD_DECK_DIFF:0.022654|DAMAGE_PRESSURE:0.001611|DISRUPTION:0.000053|ENERGY_DENIAL:0.000909|ITEM_LOCK_PENALTY:-0.000001|KO_BONUS:0.000009|PARALYSIS:0.000000|PRIZE_DIFF:0.000238|SLEEP:0.000000
ROOT_OPTION_STATS=ATTACK:available=111,chosen=14,not_chosen=97,zero_visit_rate=18.02%(20/111),mean_opt_visit=1.80,mean_opt_q=-0.4970,mean_chosen_visit=9.84,mean_chosen_q=-0.2863|ENERGY_ATTACH:available=941,chosen=487,not_chosen=454,zero_visit_rate=11.05%(104/941),mean_opt_visit=2.19,mean_opt_q=-0.4122,mean_chosen_visit=10.83,mean_chosen_q=-0.0098
ATTACH_PRIOR_DIST=special:n=988,attach_prior[mean=0.0976,min=0.0000,max=0.9996,hist=(<0.001:647,0.001-0.005:36,0.005-0.01:7,0.01-0.03:7,0.03-0.1:16,0.1-0.3:138,0.3-1.0:137,1.0:0)],chosen_prior[mean=0.3597,min=0.0000,max=0.9996,hist=(<0.001:126,0.001-0.005:8,0.005-0.01:3,0.01-0.03:8,0.03-0.1:17,0.1-0.3:255,0.3-1.0:571,1.0:0)]|plain:n=4742,attach_prior[mean=0.0901,min=0.0000,max=0.9993,hist=(<0.001:2678,0.001-0.005:232,0.005-0.01:74,0.01-0.03:98,0.03-0.1:279,0.1-0.3:870,0.3-1.0:511,1.0:0)],chosen_prior[mean=0.3917,min=0.0000,max=0.9996,hist=(<0.001:380,0.001-0.005:40,0.005-0.01:29,0.01-0.03:21,0.03-0.1:85,0.1-0.3:1426,0.3-1.0:2761,1.0:0)]
SIM_KO_REACHED=0.12%(105/89180)
SIM_KO_DEPTH_MEAN=2.5238
SIM_KO_DEPTH_MIN=1
SIM_KO_DEPTH_MAX=14
TRUE_RESULT_TALLY=P0_WINS=11,P1_WINS=14,DRAWS=0
=== DIAG_DUMP_END ===
=== DIAG_DUMP_BEGIN ===
DIAG_GAMES=25
TRUNC_TOTAL_NODES=101302
TRUNC_FIRED=68
TRUNC_FIRE_RATE=0.07%
TRUNC_OPTCOUNT_HIST=1-8:85480|9-16:7699|17-32:4757|33-64:3298|65-128:68|129-256:0|257+:0
TRUNC_FIRE_RATE_BY_TURN=1-2:0.00%(0/8432)|3-5:0.00%(0/10698)|6+:0.08%(68/82172)
TRUNC_DROPPED_BY_TYPE=ATTACH:469,RETREAT:53
TRUNC_DROPPED_CRITICAL=0
TRUNC_DROPPED_CRITICAL_STATUS=PASS
MULTISELECT_FIXED_LEN=min=0,max=2:nodes=793,shorter_legal=793,shorter_generated=0,shorter_missed=793|min=0,max=3:nodes=171,shorter_legal=171,shorter_generated=0,shorter_missed=171|min=0,max=4:nodes=21,shorter_legal=21,shorter_generated=0,shorter_missed=21|min=0,max=5:nodes=118,shorter_legal=118,shorter_generated=0,shorter_missed=118|min=1,max=2:nodes=57,shorter_legal=57,shorter_generated=0,shorter_missed=57|min=2,max=2:nodes=2759,shorter_legal=0,shorter_generated=0,shorter_missed=0
MULTISELECT_SHORTER_MISSED=1160
MULTISELECT_CTX_HIST=ATTACH_TO:57,DISCARD:2312,DISCARD_ENERGY_CARD:65,SETUP_BENCH_POKEMON:247,SKILL_ORDER:286,TO_BENCH:388,TO_HAND:564
GAME_LENGTH_HIST=1-15:1|16-25:3|26-40:14|41-60:7|61+:0
WIN_BY_CAUSE=DECK_OUT:W=22,L=22,D=0|NO_ACTIVE:W=1,L=1,D=0|PRIZE:W=2,L=2,D=0
TURN_NODE_DIST=1-2:8.32%(8432/101302)|3-5:10.56%(10698/101302)|6+:81.12%(82172/101302)
SEARCH_MAX_DEPTH=20
SEARCH_MEAN_DEPTH=3.5367
MEAN_DEPTH=3.5367
SIMS_CONTRIBUTED=98380
SIMS_CONFIGURED=98380
SIMS_CONTRIBUTED_PER_DECISION=20.0000
SIMS_CONFIGURED_PER_DECISION=20.0000
PRIZE_REWARD_REACHED=1.12%(55/4919)
STALL_DRAW_PASS_TURNS=257
STALL_SHUFFLE_WITH_RESOURCES=111
MISSED_ATTACH=80
SHAPING_BREAKDOWN=BOARD_DECK_DIFF:0.012989|DAMAGE_PRESSURE:0.001633|DISRUPTION:0.000084|ENERGY_DENIAL:0.000842|ITEM_LOCK_PENALTY:-0.003903|KO_BONUS:0.000255|PARALYSIS:0.000000|PRIZE_DIFF:0.000379|SLEEP:0.000000
ROOT_OPTION_STATS=ATTACK:available=379,chosen=109,not_chosen=270,zero_visit_rate=38.79%(147/379),mean_opt_visit=1.26,mean_opt_q=-0.4098,mean_chosen_visit=13.59,mean_chosen_q=0.2510|ENERGY_ATTACH:available=908,chosen=439,not_chosen=469,zero_visit_rate=20.93%(190/908),mean_opt_visit=1.93,mean_opt_q=-0.2760,mean_chosen_visit=12.56,mean_chosen_q=0.2357
ATTACH_PRIOR_DIST=special:n=522,attach_prior[mean=0.1003,min=0.0001,max=0.9989,hist=(<0.001:371,0.001-0.005:14,0.005-0.01:0,0.01-0.03:6,0.03-0.1:6,0.1-0.3:51,0.3-1.0:74,1.0:0)],chosen_prior[mean=0.3955,min=0.0000,max=0.9989,hist=(<0.001:35,0.001-0.005:0,0.005-0.01:3,0.01-0.03:5,0.03-0.1:5,0.1-0.3:173,0.3-1.0:301,1.0:0)]|plain:n=5297,attach_prior[mean=0.0752,min=0.0000,max=0.9989,hist=(<0.001:3494,0.001-0.005:248,0.005-0.01:80,0.01-0.03:135,0.03-0.1:234,0.1-0.3:650,0.3-1.0:456,1.0:0)],chosen_prior[mean=0.4435,min=0.0000,max=0.9994,hist=(<0.001:389,0.001-0.005:14,0.005-0.01:21,0.01-0.03:63,0.03-0.1:131,0.1-0.3:1359,0.3-1.0:3320,1.0:0)]
SIM_KO_REACHED=0.52%(514/98380)
SIM_KO_DEPTH_MEAN=4.0253
SIM_KO_DEPTH_MIN=1
SIM_KO_DEPTH_MAX=14
TRUE_RESULT_TALLY=P0_WINS=8,P1_WINS=17,DRAWS=0
=== DIAG_DUMP_END ===
=== DIAG_DUMP_BEGIN ===
DIAG_GAMES=25
TRUNC_TOTAL_NODES=80174
TRUNC_FIRED=1156
TRUNC_FIRE_RATE=1.44%
TRUNC_OPTCOUNT_HIST=1-8:57624|9-16:11508|17-32:6569|33-64:3317|65-128:1044|129-256:112|257+:0
TRUNC_FIRE_RATE_BY_TURN=1-2:0.00%(0/6503)|3-5:0.00%(0/9746)|6+:1.81%(1156/63925)
TRUNC_DROPPED_BY_TYPE=ABILITY:389,ATTACH:30399,PLAY:519,RETREAT:585
TRUNC_DROPPED_CRITICAL=0
TRUNC_DROPPED_CRITICAL_STATUS=PASS
MULTISELECT_FIXED_LEN=min=0,max=2:nodes=394,shorter_legal=394,shorter_generated=0,shorter_missed=394|min=0,max=3:nodes=95,shorter_legal=95,shorter_generated=0,shorter_missed=95|min=0,max=4:nodes=82,shorter_legal=82,shorter_generated=0,shorter_missed=82|min=0,max=5:nodes=245,shorter_legal=245,shorter_generated=0,shorter_missed=245|min=2,max=2:nodes=1712,shorter_legal=0,shorter_generated=0,shorter_missed=0|min=3,max=3:nodes=1493,shorter_legal=0,shorter_generated=0,shorter_missed=0|min=4,max=4:nodes=30,shorter_legal=0,shorter_generated=0,shorter_missed=0
MULTISELECT_SHORTER_MISSED=816
MULTISELECT_CTX_HIST=ATTACH_TO:273,DISCARD:607,SETUP_BENCH_POKEMON:287,SKILL_ORDER:2292,TO_BENCH:256,TO_HAND:336
GAME_LENGTH_HIST=1-15:2|16-25:6|26-40:8|41-60:1|61+:8
WIN_BY_CAUSE=DECK_OUT:W=5,L=5,D=0|NO_ACTIVE:W=6,L=6,D=0|PRIZE:W=14,L=14,D=0
TURN_NODE_DIST=1-2:8.11%(6503/80174)|3-5:12.16%(9746/80174)|6+:79.73%(63925/80174)
SEARCH_MAX_DEPTH=16
SEARCH_MEAN_DEPTH=3.1414
MEAN_DEPTH=3.1414
SIMS_CONTRIBUTED=78080
SIMS_CONFIGURED=78080
SIMS_CONTRIBUTED_PER_DECISION=20.0000
SIMS_CONFIGURED_PER_DECISION=20.0000
PRIZE_REWARD_REACHED=10.35%(404/3904)
STALL_DRAW_PASS_TURNS=534
STALL_SHUFFLE_WITH_RESOURCES=124
MISSED_ATTACH=428
SHAPING_BREAKDOWN=BOARD_DECK_DIFF:0.008989|DAMAGE_PRESSURE:0.004854|DISRUPTION:0.000140|ENERGY_DENIAL:0.001285|ITEM_LOCK_PENALTY:-0.003046|KO_BONUS:0.003156|PARALYSIS:0.000000|PRIZE_DIFF:0.000701|SLEEP:0.000000
ROOT_OPTION_STATS=ATTACK:available=469,chosen=241,not_chosen=228,zero_visit_rate=8.32%(39/469),mean_opt_visit=2.91,mean_opt_q=-0.3195,mean_chosen_visit=11.90,mean_chosen_q=0.1208|ENERGY_ATTACH:available=1164,chosen=285,not_chosen=879,zero_visit_rate=39.69%(462/1164),mean_opt_visit=1.31,mean_opt_q=-0.3623,mean_chosen_visit=13.25,mean_chosen_q=0.1731
ATTACH_PRIOR_DIST=special:n=0,attach_prior[mean=nan,min=0.0000,max=0.0000,hist=(<0.001:0,0.001-0.005:0,0.005-0.01:0,0.01-0.03:0,0.03-0.1:0,0.1-0.3:0,0.3-1.0:0,1.0:0)],chosen_prior[mean=nan,min=0.0000,max=0.0000,hist=(<0.001:0,0.001-0.005:0,0.005-0.01:0,0.01-0.03:0,0.03-0.1:0,0.1-0.3:0,0.3-1.0:0,1.0:0)]|plain:n=8560,attach_prior[mean=0.0420,min=0.0000,max=0.9984,hist=(<0.001:5938,0.001-0.005:589,0.005-0.01:180,0.01-0.03:300,0.03-0.1:520,0.1-0.3:605,0.3-1.0:428,1.0:0)],chosen_prior[mean=0.5655,min=0.0001,max=0.9986,hist=(<0.001:378,0.001-0.005:65,0.005-0.01:16,0.01-0.03:20,0.03-0.1:281,0.1-0.3:1294,0.3-1.0:6506,1.0:0)]
SIM_KO_REACHED=4.84%(3778/78080)
SIM_KO_DEPTH_MEAN=3.0365
SIM_KO_DEPTH_MIN=1
SIM_KO_DEPTH_MAX=13
TRUE_RESULT_TALLY=P0_WINS=15,P1_WINS=10,DRAWS=0
=== DIAG_DUMP_END ===
=== DIAG_DUMP_BEGIN ===
DIAG_GAMES=25
TRUNC_TOTAL_NODES=59263
TRUNC_FIRED=3708
TRUNC_FIRE_RATE=6.26%
TRUNC_OPTCOUNT_HIST=1-8:25554|9-16:13065|17-32:11888|33-64:5048|65-128:3189|129-256:519|257+:0
TRUNC_FIRE_RATE_BY_TURN=1-2:0.00%(0/3962)|3-5:0.00%(0/4730)|6+:7.33%(3708/50571)
TRUNC_DROPPED_BY_TYPE=ABILITY:459,ATTACH:120276,PLAY:3256,RETREAT:1201
TRUNC_DROPPED_CRITICAL=0
TRUNC_DROPPED_CRITICAL_STATUS=PASS
MULTISELECT_FIXED_LEN=min=0,max=2:nodes=426,shorter_legal=426,shorter_generated=0,shorter_missed=426|min=0,max=3:nodes=71,shorter_legal=71,shorter_generated=0,shorter_missed=71|min=0,max=4:nodes=40,shorter_legal=40,shorter_generated=0,shorter_missed=40|min=0,max=5:nodes=202,shorter_legal=202,shorter_generated=0,shorter_missed=202|min=2,max=2:nodes=871,shorter_legal=0,shorter_generated=0,shorter_missed=0|min=3,max=3:nodes=31,shorter_legal=0,shorter_generated=0,shorter_missed=0
MULTISELECT_SHORTER_MISSED=739
MULTISELECT_CTX_HIST=DISCARD:782,SETUP_BENCH_POKEMON:342,TO_BENCH:355,TO_DECK:71,TO_HAND:91
GAME_LENGTH_HIST=1-15:5|16-25:3|26-40:3|41-60:2|61+:12
WIN_BY_CAUSE=DECK_OUT:W=13,L=13,D=0|NO_ACTIVE:W=10,L=10,D=0|PRIZE:W=2,L=2,D=0
TURN_NODE_DIST=1-2:6.69%(3962/59263)|3-5:7.98%(4730/59263)|6+:85.33%(50571/59263)
SEARCH_MAX_DEPTH=17
SEARCH_MEAN_DEPTH=2.4894
MEAN_DEPTH=2.4894
SIMS_CONTRIBUTED=57800
SIMS_CONFIGURED=57800
SIMS_CONTRIBUTED_PER_DECISION=20.0000
SIMS_CONFIGURED_PER_DECISION=20.0000
PRIZE_REWARD_REACHED=3.01%(87/2890)
STALL_DRAW_PASS_TURNS=1003
STALL_SHUFFLE_WITH_RESOURCES=32
MISSED_ATTACH=1051
SHAPING_BREAKDOWN=BOARD_DECK_DIFF:0.010580|DAMAGE_PRESSURE:0.001971|DISRUPTION:0.000094|ENERGY_DENIAL:0.000402|ITEM_LOCK_PENALTY:0.000000|KO_BONUS:0.000634|PARALYSIS:0.000000|PRIZE_DIFF:-0.000620|SLEEP:0.000000
ROOT_OPTION_STATS=ATTACK:available=322,chosen=114,not_chosen=208,zero_visit_rate=18.01%(58/322),mean_opt_visit=2.32,mean_opt_q=-0.2938,mean_chosen_visit=10.25,mean_chosen_q=0.1172|ENERGY_ATTACH:available=1756,chosen=237,not_chosen=1519,zero_visit_rate=40.60%(713/1756),mean_opt_visit=1.07,mean_opt_q=-0.4656,mean_chosen_visit=12.32,mean_chosen_q=0.0048
ATTACH_PRIOR_DIST=special:n=0,attach_prior[mean=nan,min=0.0000,max=0.0000,hist=(<0.001:0,0.001-0.005:0,0.005-0.01:0,0.01-0.03:0,0.03-0.1:0,0.1-0.3:0,0.3-1.0:0,1.0:0)],chosen_prior[mean=nan,min=0.0000,max=0.0000,hist=(<0.001:0,0.001-0.005:0,0.005-0.01:0,0.01-0.03:0,0.03-0.1:0,0.1-0.3:0,0.3-1.0:0,1.0:0)]|plain:n=15234,attach_prior[mean=0.0228,min=0.0000,max=0.9966,hist=(<0.001:11351,0.001-0.005:737,0.005-0.01:271,0.01-0.03:452,0.03-0.1:1155,0.1-0.3:1054,0.3-1.0:214,1.0:0)],chosen_prior[mean=0.5591,min=0.0000,max=0.9993,hist=(<0.001:1187,0.001-0.005:173,0.005-0.01:78,0.01-0.03:59,0.03-0.1:704,0.1-0.3:2791,0.3-1.0:10242,1.0:0)]
SIM_KO_REACHED=1.14%(658/57800)
SIM_KO_DEPTH_MEAN=2.5350
SIM_KO_DEPTH_MIN=1
SIM_KO_DEPTH_MAX=8
TRUE_RESULT_TALLY=P0_WINS=10,P1_WINS=15,DRAWS=0
=== DIAG_DUMP_END ===
=== DIAG_DUMP_BEGIN ===
DIAG_GAMES=25
TRUNC_TOTAL_NODES=84397
TRUNC_FIRED=1973
TRUNC_FIRE_RATE=2.34%
TRUNC_OPTCOUNT_HIST=1-8:58021|9-16:12864|17-32:8156|33-64:3383|65-128:1792|129-256:181|257+:0
TRUNC_FIRE_RATE_BY_TURN=1-2:0.00%(0/6066)|3-5:0.00%(0/7927)|6+:2.80%(1973/70404)
TRUNC_DROPPED_BY_TYPE=ABILITY:432,ATTACH:56051,EVOLVE:3,PLAY:1508,RETREAT:1317
TRUNC_DROPPED_CRITICAL=0
TRUNC_DROPPED_CRITICAL_STATUS=PASS
MULTISELECT_FIXED_LEN=min=0,max=2:nodes=488,shorter_legal=488,shorter_generated=0,shorter_missed=488|min=0,max=3:nodes=244,shorter_legal=244,shorter_generated=0,shorter_missed=244|min=0,max=4:nodes=25,shorter_legal=25,shorter_generated=0,shorter_missed=25|min=0,max=5:nodes=78,shorter_legal=78,shorter_generated=0,shorter_missed=78|min=1,max=2:nodes=12,shorter_legal=12,shorter_generated=0,shorter_missed=12|min=2,max=2:nodes=2673,shorter_legal=0,shorter_generated=0,shorter_missed=0|min=3,max=3:nodes=29,shorter_legal=0,shorter_generated=0,shorter_missed=0
MULTISELECT_SHORTER_MISSED=847
MULTISELECT_CTX_HIST=ATTACH_TO:32,DISCARD:1860,DISCARD_ENERGY_CARD:4,SETUP_BENCH_POKEMON:176,SKILL_ORDER:477,TO_BENCH:317,TO_DECK:102,TO_HAND:581
GAME_LENGTH_HIST=1-15:2|16-25:4|26-40:9|41-60:5|61+:5
WIN_BY_CAUSE=DECK_OUT:W=18,L=18,D=0|NO_ACTIVE:W=4,L=4,D=0|PRIZE:W=3,L=3,D=0
TURN_NODE_DIST=1-2:7.19%(6066/84397)|3-5:9.39%(7927/84397)|6+:83.42%(70404/84397)
SEARCH_MAX_DEPTH=18
SEARCH_MEAN_DEPTH=3.0263
MEAN_DEPTH=3.0263
SIMS_CONTRIBUTED=81920
SIMS_CONFIGURED=81920
SIMS_CONTRIBUTED_PER_DECISION=20.0000
SIMS_CONFIGURED_PER_DECISION=20.0000
PRIZE_REWARD_REACHED=2.66%(109/4096)
STALL_DRAW_PASS_TURNS=450
STALL_SHUFFLE_WITH_RESOURCES=60
MISSED_ATTACH=312
SHAPING_BREAKDOWN=BOARD_DECK_DIFF:0.017875|DAMAGE_PRESSURE:0.002796|DISRUPTION:0.000104|ENERGY_DENIAL:0.001424|ITEM_LOCK_PENALTY:-0.001892|KO_BONUS:0.000777|PARALYSIS:0.000000|PRIZE_DIFF:-0.001808|SLEEP:0.000000
ROOT_OPTION_STATS=ATTACK:available=303,chosen=68,not_chosen=235,zero_visit_rate=40.26%(122/303),mean_opt_visit=1.22,mean_opt_q=-0.4061,mean_chosen_visit=12.38,mean_chosen_q=0.1320|ENERGY_ATTACH:available=1158,chosen=379,not_chosen=779,zero_visit_rate=22.88%(265/1158),mean_opt_visit=1.56,mean_opt_q=-0.4691,mean_chosen_visit=11.31,mean_chosen_q=0.0195
ATTACH_PRIOR_DIST=special:n=445,attach_prior[mean=0.0853,min=0.0001,max=0.9969,hist=(<0.001:275,0.001-0.005:18,0.005-0.01:13,0.01-0.03:14,0.03-0.1:18,0.1-0.3:53,0.3-1.0:54,1.0:0)],chosen_prior[mean=0.3718,min=0.0000,max=0.9981,hist=(<0.001:92,0.001-0.005:0,0.005-0.01:0,0.01-0.03:0,0.03-0.1:14,0.1-0.3:82,0.3-1.0:257,1.0:0)]|plain:n=7412,attach_prior[mean=0.0544,min=0.0000,max=0.9990,hist=(<0.001:4427,0.001-0.005:515,0.005-0.01:201,0.01-0.03:384,0.03-0.1:581,0.1-0.3:919,0.3-1.0:385,1.0:0)],chosen_prior[mean=0.4651,min=0.0000,max=0.9995,hist=(<0.001:770,0.001-0.005:111,0.005-0.01:50,0.01-0.03:60,0.03-0.1:240,0.1-0.3:1536,0.3-1.0:4645,1.0:0)]
SIM_KO_REACHED=1.54%(1258/81920)
SIM_KO_DEPTH_MEAN=2.9825
SIM_KO_DEPTH_MIN=1
SIM_KO_DEPTH_MAX=10
TRUE_RESULT_TALLY=P0_WINS=15,P1_WINS=10,DRAWS=0
=== DIAG_DUMP_END ===
=== DIAG_DUMP_BEGIN ===
DIAG_GAMES=25
TRUNC_TOTAL_NODES=71104
TRUNC_FIRED=605
TRUNC_FIRE_RATE=0.85%
TRUNC_OPTCOUNT_HIST=1-8:50670|9-16:10831|17-32:5566|33-64:3432|65-128:537|129-256:68|257+:0
TRUNC_FIRE_RATE_BY_TURN=1-2:0.00%(0/5696)|3-5:0.00%(0/7214)|6+:1.04%(605/58194)
TRUNC_DROPPED_BY_TYPE=ABILITY:292,ATTACH:14075,EVOLVE:33,PLAY:236,RETREAT:140
TRUNC_DROPPED_CRITICAL=0
TRUNC_DROPPED_CRITICAL_STATUS=PASS
MULTISELECT_FIXED_LEN=min=0,max=2:nodes=517,shorter_legal=517,shorter_generated=0,shorter_missed=517|min=0,max=3:nodes=219,shorter_legal=219,shorter_generated=0,shorter_missed=219|min=0,max=4:nodes=24,shorter_legal=24,shorter_generated=0,shorter_missed=24|min=0,max=5:nodes=76,shorter_legal=76,shorter_generated=0,shorter_missed=76|min=2,max=2:nodes=2593,shorter_legal=0,shorter_generated=0,shorter_missed=0|min=3,max=3:nodes=45,shorter_legal=0,shorter_generated=0,shorter_missed=0
MULTISELECT_SHORTER_MISSED=836
MULTISELECT_CTX_HIST=ATTACH_TO:50,DISCARD:2585,SETUP_BENCH_POKEMON:143,SKILL_ORDER:14,TO_BENCH:115,TO_DECK:3,TO_HAND:564
GAME_LENGTH_HIST=1-15:1|16-25:4|26-40:9|41-60:9|61+:2
WIN_BY_CAUSE=DECK_OUT:W=18,L=18,D=0|NO_ACTIVE:W=4,L=4,D=0|PRIZE:W=3,L=3,D=0
TURN_NODE_DIST=1-2:8.01%(5696/71104)|3-5:10.15%(7214/71104)|6+:81.84%(58194/71104)
SEARCH_MAX_DEPTH=18
SEARCH_MEAN_DEPTH=2.9746
MEAN_DEPTH=2.9746
SIMS_CONTRIBUTED=69400
SIMS_CONFIGURED=69400
SIMS_CONTRIBUTED_PER_DECISION=20.0000
SIMS_CONFIGURED_PER_DECISION=20.0000
PRIZE_REWARD_REACHED=2.16%(75/3470)
STALL_DRAW_PASS_TURNS=360
STALL_SHUFFLE_WITH_RESOURCES=106
MISSED_ATTACH=326
SHAPING_BREAKDOWN=BOARD_DECK_DIFF:0.034919|DAMAGE_PRESSURE:0.001653|DISRUPTION:0.000173|ENERGY_DENIAL:0.000625|ITEM_LOCK_PENALTY:-0.001661|KO_BONUS:0.000653|PARALYSIS:0.000000|PRIZE_DIFF:-0.002001|SLEEP:0.000000
ROOT_OPTION_STATS=ATTACK:available=278,chosen=120,not_chosen=158,zero_visit_rate=29.14%(81/278),mean_opt_visit=2.20,mean_opt_q=0.1750,mean_chosen_visit=12.69,mean_chosen_q=0.4757|ENERGY_ATTACH:available=1093,chosen=368,not_chosen=725,zero_visit_rate=21.04%(230/1093),mean_opt_visit=1.71,mean_opt_q=-0.5700,mean_chosen_visit=11.11,mean_chosen_q=-0.0184
ATTACH_PRIOR_DIST=special:n=668,attach_prior[mean=0.1042,min=0.0001,max=0.9995,hist=(<0.001:425,0.001-0.005:28,0.005-0.01:15,0.01-0.03:3,0.03-0.1:20,0.1-0.3:72,0.3-1.0:105,1.0:0)],chosen_prior[mean=0.3497,min=0.0000,max=0.9995,hist=(<0.001:98,0.001-0.005:22,0.005-0.01:0,0.01-0.03:12,0.03-0.1:52,0.1-0.3:139,0.3-1.0:345,1.0:0)]|plain:n=6746,attach_prior[mean=0.0549,min=0.0000,max=0.9989,hist=(<0.001:4381,0.001-0.005:425,0.005-0.01:137,0.01-0.03:260,0.03-0.1:340,0.1-0.3:810,0.3-1.0:393,1.0:0)],chosen_prior[mean=0.4570,min=0.0000,max=0.9995,hist=(<0.001:792,0.001-0.005:140,0.005-0.01:21,0.01-0.03:31,0.03-0.1:200,0.1-0.3:1341,0.3-1.0:4221,1.0:0)]
SIM_KO_REACHED=1.10%(763/69400)
SIM_KO_DEPTH_MEAN=2.4286
SIM_KO_DEPTH_MIN=1
SIM_KO_DEPTH_MAX=8
TRUE_RESULT_TALLY=P0_WINS=14,P1_WINS=11,DRAWS=0
=== DIAG_DUMP_END ===
[m2] Training (25000 samples, 195 batches)...
[m2] Done (195 batches).
[dragapult] Training (25000 samples, 195 batches)...
[dragapult] Done (195 batches).
[grimmsnarl] Training (23746 samples, 185 batches)...
[grimmsnarl] Done (185 batches).
[lucario] Training (17594 samples, 137 batches)...
[lucario] Done (137 batches).
[mega_lopunny] Training (15994 samples, 124 batches)...
[mega_lopunny] Done (124 batches).
[slop_box] Training (17934 samples, 140 batches)...
[slop_box] Done (140 batches).
[m2] Saved: checkpoints/m2/model_2026-08-09_00-32.pth
[dragapult] Saved: checkpoints/dragapult/model_2026-08-09_00-32.pth
[grimmsnarl] Saved: checkpoints/grimmsnarl/model_2026-08-09_00-32.pth
[lucario] Saved: checkpoints/lucario/model_2026-08-09_00-32.pth
[mega_lopunny] Saved: checkpoints/mega_lopunny/model_2026-08-09_00-32.pth
[slop_box] Saved: checkpoints/slop_box/model_2026-08-09_00-32.pth
Games: 920 | Epoch: 28.8m | Elapsed: 155.3m | ETA: 1785.8m
--- Main Epoch 3/25 ---
=== DIAG_DUMP_BEGIN ===
DIAG_GAMES=25
TRUNC_TOTAL_NODES=81551
TRUNC_FIRED=851
TRUNC_FIRE_RATE=1.04%
TRUNC_OPTCOUNT_HIST=1-8:58310|9-16:11393|17-32:6815|33-64:4182|65-128:794|129-256:57|257+:0
TRUNC_FIRE_RATE_BY_TURN=1-2:0.00%(0/5912)|3-5:0.00%(0/8955)|6+:1.28%(851/66684)
TRUNC_DROPPED_BY_TYPE=ABILITY:340,ATTACH:15651,EVOLVE:6,PLAY:242,RETREAT:625
TRUNC_DROPPED_CRITICAL=0
TRUNC_DROPPED_CRITICAL_STATUS=PASS
MULTISELECT_FIXED_LEN=min=0,max=2:nodes=626,shorter_legal=626,shorter_generated=0,shorter_missed=626|min=0,max=3:nodes=393,shorter_legal=393,shorter_generated=0,shorter_missed=393|min=0,max=4:nodes=21,shorter_legal=21,shorter_generated=0,shorter_missed=21|min=0,max=5:nodes=76,shorter_legal=76,shorter_generated=0,shorter_missed=76|min=2,max=2:nodes=2852,shorter_legal=0,shorter_generated=0,shorter_missed=0|min=3,max=3:nodes=54,shorter_legal=0,shorter_generated=0,shorter_missed=0
MULTISELECT_SHORTER_MISSED=1116
MULTISELECT_CTX_HIST=ATTACH_TO:3,DISCARD:2493,DISCARD_ENERGY_CARD:89,SETUP_BENCH_POKEMON:219,SKILL_ORDER:1,TO_BENCH:73,TO_DECK:157,TO_HAND:987
GAME_LENGTH_HIST=1-15:1|16-25:4|26-40:13|41-60:6|61+:1
WIN_BY_CAUSE=DECK_OUT:W=18,L=18,D=0|NO_ACTIVE:W=2,L=2,D=0|PRIZE:W=5,L=5,D=0
TURN_NODE_DIST=1-2:7.25%(5912/81551)|3-5:10.98%(8955/81551)|6+:81.77%(66684/81551)
SEARCH_MAX_DEPTH=17
SEARCH_MEAN_DEPTH=3.2186
MEAN_DEPTH=3.2186
SIMS_CONTRIBUTED=79320
SIMS_CONFIGURED=79320
SIMS_CONTRIBUTED_PER_DECISION=20.0000
SIMS_CONFIGURED_PER_DECISION=20.0000
PRIZE_REWARD_REACHED=1.77%(70/3966)
STALL_DRAW_PASS_TURNS=409
STALL_SHUFFLE_WITH_RESOURCES=53
MISSED_ATTACH=221
SHAPING_BREAKDOWN=BOARD_DECK_DIFF:0.040234|DAMAGE_PRESSURE:0.002152|DISRUPTION:0.000088|ENERGY_DENIAL:0.001255|ITEM_LOCK_PENALTY:-0.000010|KO_BONUS:0.000363|PARALYSIS:0.000000|PRIZE_DIFF:-0.002083|SLEEP:0.000000
ROOT_OPTION_STATS=ATTACK:available=216,chosen=53,not_chosen=163,zero_visit_rate=35.65%(77/216),mean_opt_visit=1.37,mean_opt_q=-0.3466,mean_chosen_visit=11.89,mean_chosen_q=0.2382|ENERGY_ATTACH:available=1057,chosen=429,not_chosen=628,zero_visit_rate=21.67%(229/1057),mean_opt_visit=1.62,mean_opt_q=-0.4305,mean_chosen_visit=11.33,mean_chosen_q=0.1034
ATTACH_PRIOR_DIST=special:n=1055,attach_prior[mean=0.0858,min=0.0001,max=0.9995,hist=(<0.001:738,0.001-0.005:31,0.005-0.01:26,0.01-0.03:19,0.03-0.1:26,0.1-0.3:78,0.3-1.0:137,1.0:0)],chosen_prior[mean=0.3500,min=0.0000,max=0.9995,hist=(<0.001:232,0.001-0.005:11,0.005-0.01:4,0.01-0.03:3,0.03-0.1:44,0.1-0.3:176,0.3-1.0:585,1.0:0)]|plain:n=6114,attach_prior[mean=0.0631,min=0.0000,max=0.9991,hist=(<0.001:3753,0.001-0.005:347,0.005-0.01:113,0.01-0.03:176,0.03-0.1:443,0.1-0.3:878,0.3-1.0:404,1.0:0)],chosen_prior[mean=0.3849,min=0.0000,max=0.9995,hist=(<0.001:974,0.001-0.005:65,0.005-0.01:26,0.01-0.03:18,0.03-0.1:307,0.1-0.3:1463,0.3-1.0:3261,1.0:0)]
SIM_KO_REACHED=0.90%(710/79320)
SIM_KO_DEPTH_MEAN=3.0310
SIM_KO_DEPTH_MIN=1
SIM_KO_DEPTH_MAX=10
TRUE_RESULT_TALLY=P0_WINS=12,P1_WINS=13,DRAWS=0
=== DIAG_DUMP_END ===
=== DIAG_DUMP_BEGIN ===
DIAG_GAMES=25
TRUNC_TOTAL_NODES=94285
TRUNC_FIRED=256
TRUNC_FIRE_RATE=0.27%
TRUNC_OPTCOUNT_HIST=1-8:77185|9-16:8842|17-32:5074|33-64:2928|65-128:256|129-256:0|257+:0
TRUNC_FIRE_RATE_BY_TURN=1-2:0.00%(0/6889)|3-5:0.00%(0/9891)|6+:0.33%(256/77505)
TRUNC_DROPPED_BY_TYPE=ABILITY:36,ATTACH:4153,PLAY:42,RETREAT:101
TRUNC_DROPPED_CRITICAL=0
TRUNC_DROPPED_CRITICAL_STATUS=PASS
MULTISELECT_FIXED_LEN=min=0,max=2:nodes=688,shorter_legal=688,shorter_generated=0,shorter_missed=688|min=0,max=3:nodes=279,shorter_legal=279,shorter_generated=0,shorter_missed=279|min=0,max=4:nodes=25,shorter_legal=25,shorter_generated=0,shorter_missed=25|min=0,max=5:nodes=274,shorter_legal=274,shorter_generated=0,shorter_missed=274|min=1,max=2:nodes=2,shorter_legal=2,shorter_generated=0,shorter_missed=2|min=2,max=2:nodes=2630,shorter_legal=0,shorter_generated=0,shorter_missed=0
MULTISELECT_SHORTER_MISSED=1268
MULTISELECT_CTX_HIST=ATTACH_TO:3,DISCARD:2468,DISCARD_ENERGY_CARD:33,SETUP_BENCH_POKEMON:385,SKILL_ORDER:102,TO_BENCH:126,TO_HAND:781
GAME_LENGTH_HIST=1-15:2|16-25:1|26-40:10|41-60:9|61+:3
WIN_BY_CAUSE=DECK_OUT:W=23,L=23,D=0|NO_ACTIVE:W=1,L=1,D=0|PRIZE:W=1,L=1,D=0
TURN_NODE_DIST=1-2:7.31%(6889/94285)|3-5:10.49%(9891/94285)|6+:82.20%(77505/94285)
SEARCH_MAX_DEPTH=20
SEARCH_MEAN_DEPTH=3.2826
MEAN_DEPTH=3.2826
SIMS_CONTRIBUTED=91340
SIMS_CONFIGURED=91340
SIMS_CONTRIBUTED_PER_DECISION=20.0000
SIMS_CONFIGURED_PER_DECISION=20.0000
PRIZE_REWARD_REACHED=0.57%(26/4567)
STALL_DRAW_PASS_TURNS=444
STALL_SHUFFLE_WITH_RESOURCES=96
MISSED_ATTACH=272
SHAPING_BREAKDOWN=BOARD_DECK_DIFF:0.012389|DAMAGE_PRESSURE:0.000852|DISRUPTION:0.000074|ENERGY_DENIAL:0.000567|ITEM_LOCK_PENALTY:-0.001230|KO_BONUS:0.000068|PARALYSIS:0.000000|PRIZE_DIFF:0.000069|SLEEP:0.000000
ROOT_OPTION_STATS=ATTACK:available=144,chosen=36,not_chosen=108,zero_visit_rate=46.53%(67/144),mean_opt_visit=0.94,mean_opt_q=-0.3715,mean_chosen_visit=13.63,mean_chosen_q=0.3047|ENERGY_ATTACH:available=1207,chosen=464,not_chosen=743,zero_visit_rate=14.83%(179/1207),mean_opt_visit=1.58,mean_opt_q=-0.6470,mean_chosen_visit=10.15,mean_chosen_q=0.2719
ATTACH_PRIOR_DIST=special:n=1403,attach_prior[mean=0.0687,min=0.0000,max=0.9992,hist=(<0.001:1045,0.001-0.005:47,0.005-0.01:8,0.01-0.03:10,0.03-0.1:37,0.1-0.3:110,0.3-1.0:146,1.0:0)],chosen_prior[mean=0.3009,min=0.0000,max=0.9992,hist=(<0.001:396,0.001-0.005:3,0.005-0.01:4,0.01-0.03:5,0.03-0.1:61,0.1-0.3:307,0.3-1.0:627,1.0:0)]|plain:n=6933,attach_prior[mean=0.0647,min=0.0000,max=0.9989,hist=(<0.001:4279,0.001-0.005:275,0.005-0.01:129,0.01-0.03:333,0.03-0.1:609,0.1-0.3:864,0.3-1.0:444,1.0:0)],chosen_prior[mean=0.3347,min=0.0000,max=0.9995,hist=(<0.001:1668,0.001-0.005:42,0.005-0.01:24,0.01-0.03:186,0.03-0.1:321,0.1-0.3:1432,0.3-1.0:3260,1.0:0)]
SIM_KO_REACHED=0.30%(270/91340)
SIM_KO_DEPTH_MEAN=3.4704
SIM_KO_DEPTH_MIN=1
SIM_KO_DEPTH_MAX=10
TRUE_RESULT_TALLY=P0_WINS=12,P1_WINS=13,DRAWS=0
=== DIAG_DUMP_END ===
=== DIAG_DUMP_BEGIN ===
DIAG_GAMES=25
TRUNC_TOTAL_NODES=96077
TRUNC_FIRED=63
TRUNC_FIRE_RATE=0.07%
TRUNC_OPTCOUNT_HIST=1-8:78166|9-16:8568|17-32:5903|33-64:3377|65-128:63|129-256:0|257+:0
TRUNC_FIRE_RATE_BY_TURN=1-2:0.00%(0/6541)|3-5:0.00%(0/10847)|6+:0.08%(63/78689)
TRUNC_DROPPED_BY_TYPE=ABILITY:50,ATTACH:427,PLAY:16,RETREAT:24
TRUNC_DROPPED_CRITICAL=0
TRUNC_DROPPED_CRITICAL_STATUS=PASS
MULTISELECT_FIXED_LEN=min=0,max=2:nodes=589,shorter_legal=589,shorter_generated=0,shorter_missed=589|min=0,max=3:nodes=90,shorter_legal=90,shorter_generated=0,shorter_missed=90|min=0,max=4:nodes=102,shorter_legal=102,shorter_generated=0,shorter_missed=102|min=0,max=5:nodes=322,shorter_legal=322,shorter_generated=0,shorter_missed=322|min=1,max=2:nodes=11,shorter_legal=11,shorter_generated=0,shorter_missed=11|min=2,max=2:nodes=2585,shorter_legal=0,shorter_generated=0,shorter_missed=0|min=3,max=3:nodes=1606,shorter_legal=0,shorter_generated=0,shorter_missed=0|min=4,max=4:nodes=246,shorter_legal=0,shorter_generated=0,shorter_missed=0|min=5,max=5:nodes=238,shorter_legal=0,shorter_generated=0,shorter_missed=0|min=6,max=6:nodes=179,shorter_legal=0,shorter_generated=0,shorter_missed=0
MULTISELECT_SHORTER_MISSED=1114
MULTISELECT_CTX_HIST=ATTACH_TO:366,DISCARD:919,SETUP_BENCH_POKEMON:340,SKILL_ORDER:3565,TO_BENCH:408,TO_HAND:370
GAME_LENGTH_HIST=1-15:2|16-25:11|26-40:8|41-60:3|61+:1
WIN_BY_CAUSE=DECK_OUT:W=8,L=8,D=0|NO_ACTIVE:W=2,L=2,D=0|PRIZE:W=14,L=14,D=1
TURN_NODE_DIST=1-2:6.81%(6541/96077)|3-5:11.29%(10847/96077)|6+:81.90%(78689/96077)
SEARCH_MAX_DEPTH=20
SEARCH_MEAN_DEPTH=3.5930
MEAN_DEPTH=3.5930
SIMS_CONTRIBUTED=93460
SIMS_CONFIGURED=93460
SIMS_CONTRIBUTED_PER_DECISION=20.0000
SIMS_CONFIGURED_PER_DECISION=20.0000
PRIZE_REWARD_REACHED=7.10%(332/4673)
STALL_DRAW_PASS_TURNS=324
STALL_SHUFFLE_WITH_RESOURCES=92
MISSED_ATTACH=112
SHAPING_BREAKDOWN=BOARD_DECK_DIFF:0.011142|DAMAGE_PRESSURE:0.004738|DISRUPTION:0.000119|ENERGY_DENIAL:0.001589|ITEM_LOCK_PENALTY:-0.004315|KO_BONUS:0.002115|PARALYSIS:0.000000|PRIZE_DIFF:0.002498|SLEEP:0.000000
ROOT_OPTION_STATS=ATTACK:available=323,chosen=110,not_chosen=213,zero_visit_rate=21.98%(71/323),mean_opt_visit=1.98,mean_opt_q=-0.4453,mean_chosen_visit=13.33,mean_chosen_q=0.2193|ENERGY_ATTACH:available=688,chosen=236,not_chosen=452,zero_visit_rate=30.09%(207/688),mean_opt_visit=1.45,mean_opt_q=-0.3541,mean_chosen_visit=12.33,mean_chosen_q=0.2586
ATTACH_PRIOR_DIST=special:n=0,attach_prior[mean=nan,min=0.0000,max=0.0000,hist=(<0.001:0,0.001-0.005:0,0.005-0.01:0,0.01-0.03:0,0.03-0.1:0,0.1-0.3:0,0.3-1.0:0,1.0:0)],chosen_prior[mean=nan,min=0.0000,max=0.0000,hist=(<0.001:0,0.001-0.005:0,0.005-0.01:0,0.01-0.03:0,0.03-0.1:0,0.1-0.3:0,0.3-1.0:0,1.0:0)]|plain:n=4448,attach_prior[mean=0.0581,min=0.0000,max=0.9979,hist=(<0.001:2968,0.001-0.005:210,0.005-0.01:99,0.01-0.03:137,0.03-0.1:251,0.1-0.3:485,0.3-1.0:298,1.0:0)],chosen_prior[mean=0.4399,min=0.0000,max=0.9993,hist=(<0.001:398,0.001-0.005:19,0.005-0.01:16,0.01-0.03:36,0.03-0.1:82,0.1-0.3:1050,0.3-1.0:2847,1.0:0)]
SIM_KO_REACHED=3.62%(3385/93460)
SIM_KO_DEPTH_MEAN=2.9713
SIM_KO_DEPTH_MIN=1
SIM_KO_DEPTH_MAX=16
TRUE_RESULT_TALLY=P0_WINS=11,P1_WINS=13,DRAWS=1
=== DIAG_DUMP_END ===
=== DIAG_DUMP_BEGIN ===
DIAG_GAMES=25
TRUNC_TOTAL_NODES=69585
TRUNC_FIRED=2780
TRUNC_FIRE_RATE=4.00%
TRUNC_OPTCOUNT_HIST=1-8:33491|9-16:15840|17-32:12636|33-64:4838|65-128:2451|129-256:329|257+:0
TRUNC_FIRE_RATE_BY_TURN=1-2:0.00%(0/4445)|3-5:0.00%(0/4253)|6+:4.57%(2780/60887)
TRUNC_DROPPED_BY_TYPE=ABILITY:107,ATTACH:77048,EVOLVE:2,PLAY:2176,RETREAT:1159
TRUNC_DROPPED_CRITICAL=0
TRUNC_DROPPED_CRITICAL_STATUS=PASS
MULTISELECT_FIXED_LEN=min=0,max=2:nodes=500,shorter_legal=500,shorter_generated=0,shorter_missed=500|min=0,max=3:nodes=52,shorter_legal=52,shorter_generated=0,shorter_missed=52|min=0,max=4:nodes=16,shorter_legal=16,shorter_generated=0,shorter_missed=16|min=0,max=5:nodes=169,shorter_legal=169,shorter_generated=0,shorter_missed=169|min=2,max=2:nodes=1455,shorter_legal=0,shorter_generated=0,shorter_missed=0|min=3,max=3:nodes=11,shorter_legal=0,shorter_generated=0,shorter_missed=0
MULTISELECT_SHORTER_MISSED=737
MULTISELECT_CTX_HIST=ATTACH_TO:59,DISCARD:1413,SETUP_BENCH_POKEMON:319,TO_BENCH:329,TO_HAND:83
GAME_LENGTH_HIST=1-15:3|16-25:1|26-40:3|41-60:2|61+:16
WIN_BY_CAUSE=DECK_OUT:W=13,L=13,D=0|NO_ACTIVE:W=8,L=8,D=0|PRIZE:W=4,L=4,D=0
TURN_NODE_DIST=1-2:6.39%(4445/69585)|3-5:6.11%(4253/69585)|6+:87.50%(60887/69585)
SEARCH_MAX_DEPTH=16
SEARCH_MEAN_DEPTH=2.3004
MEAN_DEPTH=2.3004
SIMS_CONTRIBUTED=67480
SIMS_CONFIGURED=67480
SIMS_CONTRIBUTED_PER_DECISION=20.0000
SIMS_CONFIGURED_PER_DECISION=20.0000
PRIZE_REWARD_REACHED=4.00%(135/3374)
STALL_DRAW_PASS_TURNS=1071
STALL_SHUFFLE_WITH_RESOURCES=72
MISSED_ATTACH=1221
SHAPING_BREAKDOWN=BOARD_DECK_DIFF:0.007937|DAMAGE_PRESSURE:0.001485|DISRUPTION:0.000126|ENERGY_DENIAL:0.000321|ITEM_LOCK_PENALTY:0.000000|KO_BONUS:0.000799|PARALYSIS:0.000000|PRIZE_DIFF:-0.000967|SLEEP:0.000000
ROOT_OPTION_STATS=ATTACK:available=916,chosen=398,not_chosen=518,zero_visit_rate=17.36%(159/916),mean_opt_visit=1.32,mean_opt_q=-0.7000,mean_chosen_visit=9.23,mean_chosen_q=-0.1569|ENERGY_ATTACH:available=2033,chosen=286,not_chosen=1747,zero_visit_rate=31.33%(637/2033),mean_opt_visit=1.17,mean_opt_q=-0.5967,mean_chosen_visit=10.91,mean_chosen_q=-0.0460
ATTACH_PRIOR_DIST=special:n=0,attach_prior[mean=nan,min=0.0000,max=0.0000,hist=(<0.001:0,0.001-0.005:0,0.005-0.01:0,0.01-0.03:0,0.03-0.1:0,0.1-0.3:0,0.3-1.0:0,1.0:0)],chosen_prior[mean=nan,min=0.0000,max=0.0000,hist=(<0.001:0,0.001-0.005:0,0.005-0.01:0,0.01-0.03:0,0.03-0.1:0,0.1-0.3:0,0.3-1.0:0,1.0:0)]|plain:n=17045,attach_prior[mean=0.0279,min=0.0000,max=0.9966,hist=(<0.001:12245,0.001-0.005:1393,0.005-0.01:381,0.01-0.03:451,0.03-0.1:761,0.1-0.3:1385,0.3-1.0:429,1.0:0)],chosen_prior[mean=0.4469,min=0.0000,max=0.9990,hist=(<0.001:1752,0.001-0.005:174,0.005-0.01:10,0.01-0.03:101,0.03-0.1:905,0.1-0.3:4611,0.3-1.0:9492,1.0:0)]
SIM_KO_REACHED=1.41%(952/67480)
SIM_KO_DEPTH_MEAN=2.7405
SIM_KO_DEPTH_MIN=1
SIM_KO_DEPTH_MAX=8
TRUE_RESULT_TALLY=P0_WINS=13,P1_WINS=12,DRAWS=0
=== DIAG_DUMP_END ===
=== DIAG_DUMP_BEGIN ===
DIAG_GAMES=25
TRUNC_TOTAL_NODES=67704
TRUNC_FIRED=2369
TRUNC_FIRE_RATE=3.50%
TRUNC_OPTCOUNT_HIST=1-8:37231|9-16:11600|17-32:12475|33-64:4029|65-128:2028|129-256:341|257+:0
TRUNC_FIRE_RATE_BY_TURN=1-2:0.00%(0/4540)|3-5:0.00%(0/5802)|6+:4.13%(2369/57362)
TRUNC_DROPPED_BY_TYPE=ABILITY:364,ATTACH:86662,PLAY:2145,RETREAT:1579
TRUNC_DROPPED_CRITICAL=0
TRUNC_DROPPED_CRITICAL_STATUS=PASS
MULTISELECT_FIXED_LEN=min=0,max=2:nodes=500,shorter_legal=500,shorter_generated=0,shorter_missed=500|min=0,max=3:nodes=217,shorter_legal=217,shorter_generated=0,shorter_missed=217|min=0,max=4:nodes=21,shorter_legal=21,shorter_generated=0,shorter_missed=21|min=0,max=5:nodes=154,shorter_legal=154,shorter_generated=0,shorter_missed=154|min=2,max=2:nodes=1931,shorter_legal=0,shorter_generated=0,shorter_missed=0|min=3,max=3:nodes=15,shorter_legal=0,shorter_generated=0,shorter_missed=0
MULTISELECT_SHORTER_MISSED=892
MULTISELECT_CTX_HIST=DISCARD:1519,SETUP_BENCH_POKEMON:311,SKILL_ORDER:34,TO_BENCH:370,TO_DECK:228,TO_HAND:376
GAME_LENGTH_HIST=1-15:5|16-25:2|26-40:4|41-60:4|61+:10
WIN_BY_CAUSE=DECK_OUT:W=15,L=15,D=0|NO_ACTIVE:W=6,L=6,D=0|PRIZE:W=4,L=4,D=0
TURN_NODE_DIST=1-2:6.71%(4540/67704)|3-5:8.57%(5802/67704)|6+:84.72%(57362/67704)
SEARCH_MAX_DEPTH=15
SEARCH_MEAN_DEPTH=2.5567
MEAN_DEPTH=2.5567
SIMS_CONTRIBUTED=65760
SIMS_CONFIGURED=65760
SIMS_CONTRIBUTED_PER_DECISION=20.0000
SIMS_CONFIGURED_PER_DECISION=20.0000
PRIZE_REWARD_REACHED=3.77%(124/3288)
STALL_DRAW_PASS_TURNS=807
STALL_SHUFFLE_WITH_RESOURCES=29
MISSED_ATTACH=794
SHAPING_BREAKDOWN=BOARD_DECK_DIFF:0.012018|DAMAGE_PRESSURE:0.001743|DISRUPTION:0.000111|ENERGY_DENIAL:0.000479|ITEM_LOCK_PENALTY:-0.001552|KO_BONUS:0.000558|PARALYSIS:0.000000|PRIZE_DIFF:-0.000944|SLEEP:0.000000
ROOT_OPTION_STATS=ATTACK:available=448,chosen=81,not_chosen=367,zero_visit_rate=32.37%(145/448),mean_opt_visit=1.09,mean_opt_q=-0.5495,mean_chosen_visit=9.62,mean_chosen_q=-0.1449|ENERGY_ATTACH:available=1624,chosen=288,not_chosen=1336,zero_visit_rate=29.80%(484/1624),mean_opt_visit=1.18,mean_opt_q=-0.6293,mean_chosen_visit=10.46,mean_chosen_q=-0.1202
ATTACH_PRIOR_DIST=special:n=233,attach_prior[mean=0.0972,min=0.0000,max=0.5738,hist=(<0.001:120,0.001-0.005:5,0.005-0.01:1,0.01-0.03:2,0.03-0.1:5,0.1-0.3:87,0.3-1.0:13,1.0:0)],chosen_prior[mean=0.2148,min=0.0000,max=0.9873,hist=(<0.001:80,0.001-0.005:0,0.005-0.01:0,0.01-0.03:0,0.03-0.1:19,0.1-0.3:52,0.3-1.0:82,1.0:0)]|plain:n=12139,attach_prior[mean=0.0341,min=0.0000,max=0.9983,hist=(<0.001:7830,0.001-0.005:940,0.005-0.01:348,0.01-0.03:457,0.03-0.1:1015,0.1-0.3:1272,0.3-1.0:277,1.0:0)],chosen_prior[mean=0.4293,min=0.0000,max=0.9993,hist=(<0.001:1353,0.001-0.005:321,0.005-0.01:137,0.01-0.03:104,0.03-0.1:685,0.1-0.3:2728,0.3-1.0:6811,1.0:0)]
SIM_KO_REACHED=1.81%(1191/65760)
SIM_KO_DEPTH_MEAN=3.6154
SIM_KO_DEPTH_MIN=1
SIM_KO_DEPTH_MAX=13
TRUE_RESULT_TALLY=P0_WINS=17,P1_WINS=8,DRAWS=0
=== DIAG_DUMP_END ===
=== DIAG_DUMP_BEGIN ===
DIAG_GAMES=25
TRUNC_TOTAL_NODES=75461
TRUNC_FIRED=539
TRUNC_FIRE_RATE=0.71%
TRUNC_OPTCOUNT_HIST=1-8:57405|9-16:9629|17-32:5153|33-64:2735|65-128:531|129-256:8|257+:0
TRUNC_FIRE_RATE_BY_TURN=1-2:0.00%(0/5763)|3-5:0.00%(0/7299)|6+:0.86%(539/62399)
TRUNC_DROPPED_BY_TYPE=ABILITY:346,ATTACH:10968,EVOLVE:42,PLAY:156,RETREAT:124
TRUNC_DROPPED_CRITICAL=0
TRUNC_DROPPED_CRITICAL_STATUS=PASS
MULTISELECT_FIXED_LEN=min=0,max=2:nodes=511,shorter_legal=511,shorter_generated=0,shorter_missed=511|min=0,max=3:nodes=360,shorter_legal=360,shorter_generated=0,shorter_missed=360|min=0,max=4:nodes=21,shorter_legal=21,shorter_generated=0,shorter_missed=21|min=0,max=5:nodes=46,shorter_legal=46,shorter_generated=0,shorter_missed=46|min=1,max=2:nodes=7,shorter_legal=7,shorter_generated=0,shorter_missed=7|min=2,max=2:nodes=2405,shorter_legal=0,shorter_generated=0,shorter_missed=0|min=3,max=3:nodes=54,shorter_legal=0,shorter_generated=0,shorter_missed=0
MULTISELECT_SHORTER_MISSED=945
MULTISELECT_CTX_HIST=ATTACH_TO:64,DISCARD:1714,DISCARD_ENERGY_CARD:31,SETUP_BENCH_POKEMON:132,SKILL_ORDER:594,TO_BENCH:138,TO_HAND:731
GAME_LENGTH_HIST=1-15:3|16-25:4|26-40:10|41-60:6|61+:2
WIN_BY_CAUSE=DECK_OUT:W=14,L=14,D=0|NO_ACTIVE:W=5,L=5,D=0|PRIZE:W=6,L=6,D=0
TURN_NODE_DIST=1-2:7.64%(5763/75461)|3-5:9.67%(7299/75461)|6+:82.69%(62399/75461)
SEARCH_MAX_DEPTH=18
SEARCH_MEAN_DEPTH=3.0952
MEAN_DEPTH=3.0952
SIMS_CONTRIBUTED=73540
SIMS_CONFIGURED=73540
SIMS_CONTRIBUTED_PER_DECISION=20.0000
SIMS_CONFIGURED_PER_DECISION=20.0000
PRIZE_REWARD_REACHED=3.62%(133/3677)
STALL_DRAW_PASS_TURNS=440
STALL_SHUFFLE_WITH_RESOURCES=95
MISSED_ATTACH=344
SHAPING_BREAKDOWN=BOARD_DECK_DIFF:0.033636|DAMAGE_PRESSURE:0.002615|DISRUPTION:0.000130|ENERGY_DENIAL:0.000997|ITEM_LOCK_PENALTY:-0.002823|KO_BONUS:0.000782|PARALYSIS:0.000000|PRIZE_DIFF:-0.002953|SLEEP:0.000000
ROOT_OPTION_STATS=ATTACK:available=210,chosen=75,not_chosen=135,zero_visit_rate=24.76%(52/210),mean_opt_visit=2.15,mean_opt_q=-0.1666,mean_chosen_visit=11.54,mean_chosen_q=0.3225|ENERGY_ATTACH:available=1070,chosen=330,not_chosen=740,zero_visit_rate=20.93%(224/1070),mean_opt_visit=1.35,mean_opt_q=-0.7217,mean_chosen_visit=10.26,mean_chosen_q=0.1331
ATTACH_PRIOR_DIST=special:n=770,attach_prior[mean=0.0803,min=0.0000,max=0.9963,hist=(<0.001:481,0.001-0.005:28,0.005-0.01:14,0.01-0.03:25,0.03-0.1:23,0.1-0.3:121,0.3-1.0:78,1.0:0)],chosen_prior[mean=0.2934,min=0.0000,max=0.9965,hist=(<0.001:162,0.001-0.005:0,0.005-0.01:5,0.01-0.03:14,0.03-0.1:34,0.1-0.3:211,0.3-1.0:344,1.0:0)]|plain:n=6850,attach_prior[mean=0.0541,min=0.0000,max=0.9988,hist=(<0.001:4295,0.001-0.005:457,0.005-0.01:189,0.01-0.03:269,0.03-0.1:430,0.1-0.3:820,0.3-1.0:390,1.0:0)],chosen_prior[mean=0.3650,min=0.0000,max=0.9996,hist=(<0.001:948,0.001-0.005:86,0.005-0.01:90,0.01-0.03:100,0.03-0.1:252,0.1-0.3:1819,0.3-1.0:3555,1.0:0)]
SIM_KO_REACHED=2.32%(1703/73540)
SIM_KO_DEPTH_MEAN=2.8649
SIM_KO_DEPTH_MIN=1
SIM_KO_DEPTH_MAX=11
TRUE_RESULT_TALLY=P0_WINS=13,P1_WINS=12,DRAWS=0
=== DIAG_DUMP_END ===
=== DIAG_DUMP_BEGIN ===
DIAG_GAMES=25
TRUNC_TOTAL_NODES=74429
TRUNC_FIRED=1779
TRUNC_FIRE_RATE=2.39%
TRUNC_OPTCOUNT_HIST=1-8:46467|9-16:12364|17-32:8861|33-64:4958|65-128:1700|129-256:79|257+:0
TRUNC_FIRE_RATE_BY_TURN=1-2:0.00%(0/4588)|3-5:0.00%(0/5783)|6+:2.78%(1779/64058)
TRUNC_DROPPED_BY_TYPE=ABILITY:131,ATTACH:33040,EVOLVE:30,PLAY:672,RETREAT:785
TRUNC_DROPPED_CRITICAL=0
TRUNC_DROPPED_CRITICAL_STATUS=PASS
MULTISELECT_FIXED_LEN=min=0,max=2:nodes=496,shorter_legal=496,shorter_generated=0,shorter_missed=496|min=0,max=3:nodes=408,shorter_legal=408,shorter_generated=0,shorter_missed=408|min=0,max=4:nodes=6,shorter_legal=6,shorter_generated=0,shorter_missed=6|min=0,max=5:nodes=33,shorter_legal=33,shorter_generated=0,shorter_missed=33|min=2,max=2:nodes=1821,shorter_legal=0,shorter_generated=0,shorter_missed=0|min=3,max=3:nodes=6,shorter_legal=0,shorter_generated=0,shorter_missed=0
MULTISELECT_SHORTER_MISSED=943
MULTISELECT_CTX_HIST=DISCARD:1739,DISCARD_ENERGY_CARD:61,SETUP_BENCH_POKEMON:151,SKILL_ORDER:1,TO_BENCH:96,TO_DECK:28,TO_HAND:694
GAME_LENGTH_HIST=1-15:1|16-25:2|26-40:9|41-60:5|61+:8
WIN_BY_CAUSE=DECK_OUT:W=19,L=19,D=0|NO_ACTIVE:W=5,L=5,D=0|PRIZE:W=1,L=1,D=0
TURN_NODE_DIST=1-2:6.16%(4588/74429)|3-5:7.77%(5783/74429)|6+:86.07%(64058/74429)
SEARCH_MAX_DEPTH=20
SEARCH_MEAN_DEPTH=2.9248
MEAN_DEPTH=2.9248
SIMS_CONTRIBUTED=72140
SIMS_CONFIGURED=72140
SIMS_CONTRIBUTED_PER_DECISION=20.0000
SIMS_CONFIGURED_PER_DECISION=20.0000
PRIZE_REWARD_REACHED=1.33%(48/3607)
STALL_DRAW_PASS_TURNS=666
STALL_SHUFFLE_WITH_RESOURCES=75
MISSED_ATTACH=621
SHAPING_BREAKDOWN=BOARD_DECK_DIFF:0.029340|DAMAGE_PRESSURE:0.002740|DISRUPTION:0.000112|ENERGY_DENIAL:0.001006|ITEM_LOCK_PENALTY:-0.000005|KO_BONUS:0.000301|PARALYSIS:0.000000|PRIZE_DIFF:-0.000856|SLEEP:0.000000
ROOT_OPTION_STATS=ATTACK:available=338,chosen=96,not_chosen=242,zero_visit_rate=42.60%(144/338),mean_opt_visit=1.14,mean_opt_q=-0.4750,mean_chosen_visit=13.54,mean_chosen_q=0.2170|ENERGY_ATTACH:available=1465,chosen=390,not_chosen=1075,zero_visit_rate=25.12%(368/1465),mean_opt_visit=1.37,mean_opt_q=-0.6466,mean_chosen_visit=11.10,mean_chosen_q=0.0729
ATTACH_PRIOR_DIST=special:n=848,attach_prior[mean=0.0921,min=0.0000,max=0.9990,hist=(<0.001:533,0.001-0.005:27,0.005-0.01:10,0.01-0.03:16,0.03-0.1:32,0.1-0.3:141,0.3-1.0:89,1.0:0)],chosen_prior[mean=0.3171,min=0.0000,max=0.9990,hist=(<0.001:200,0.001-0.005:7,0.005-0.01:7,0.01-0.03:19,0.03-0.1:65,0.1-0.3:164,0.3-1.0:386,1.0:0)]|plain:n=10774,attach_prior[mean=0.0365,min=0.0000,max=0.9986,hist=(<0.001:7656,0.001-0.005:478,0.005-0.01:253,0.01-0.03:405,0.03-0.1:669,0.1-0.3:980,0.3-1.0:333,1.0:0)],chosen_prior[mean=0.4120,min=0.0000,max=0.9996,hist=(<0.001:1803,0.001-0.005:189,0.005-0.01:117,0.01-0.03:147,0.03-0.1:565,0.1-0.3:2397,0.3-1.0:5556,1.0:0)]
SIM_KO_REACHED=0.53%(383/72140)
SIM_KO_DEPTH_MEAN=2.6005
SIM_KO_DEPTH_MIN=1
SIM_KO_DEPTH_MAX=8
TRUE_RESULT_TALLY=P0_WINS=12,P1_WINS=13,DRAWS=0
=== DIAG_DUMP_END ===
[m2] Training (25000 samples, 195 batches)...
[m2] Done (195 batches).
[dragapult] Training (25000 samples, 195 batches)...
[dragapult] Done (195 batches).
[grimmsnarl] Training (25000 samples, 195 batches)...
[grimmsnarl] Done (195 batches).
[lucario] Training (20497 samples, 160 batches)...
[lucario] Done (160 batches).
[mega_lopunny] Training (18449 samples, 144 batches)...
[mega_lopunny] Done (144 batches).
[slop_box] Training (20333 samples, 158 batches)...
[slop_box] Done (158 batches).
[m2] Saved: checkpoints/m2/model_2026-08-09_01-01.pth
[dragapult] Saved: checkpoints/dragapult/model_2026-08-09_01-01.pth
[grimmsnarl] Saved: checkpoints/grimmsnarl/model_2026-08-09_01-01.pth
[lucario] Saved: checkpoints/lucario/model_2026-08-09_01-01.pth
[mega_lopunny] Saved: checkpoints/mega_lopunny/model_2026-08-09_01-01.pth
[slop_box] Saved: checkpoints/slop_box/model_2026-08-09_01-01.pth
Games: 1080 | Epoch: 29.0m | Elapsed: 184.3m | ETA: 1351.3m
--- Main Epoch 4/25 ---
=== DIAG_DUMP_BEGIN ===
DIAG_GAMES=25
TRUNC_TOTAL_NODES=85259
TRUNC_FIRED=649
TRUNC_FIRE_RATE=0.76%
TRUNC_OPTCOUNT_HIST=1-8:66855|9-16:9458|17-32:5201|33-64:3096|65-128:649|129-256:0|257+:0
TRUNC_FIRE_RATE_BY_TURN=1-2:0.00%(0/5762)|3-5:0.00%(0/7442)|6+:0.90%(649/72055)
TRUNC_DROPPED_BY_TYPE=ABILITY:253,ATTACH:10587,PLAY:201,RETREAT:463
TRUNC_DROPPED_CRITICAL=0
TRUNC_DROPPED_CRITICAL_STATUS=PASS
MULTISELECT_FIXED_LEN=min=0,max=2:nodes=724,shorter_legal=724,shorter_generated=0,shorter_missed=724|min=0,max=3:nodes=321,shorter_legal=321,shorter_generated=0,shorter_missed=321|min=0,max=4:nodes=20,shorter_legal=20,shorter_generated=0,shorter_missed=20|min=0,max=5:nodes=232,shorter_legal=232,shorter_generated=0,shorter_missed=232|min=2,max=2:nodes=3080,shorter_legal=0,shorter_generated=0,shorter_missed=0|min=3,max=3:nodes=35,shorter_legal=0,shorter_generated=0,shorter_missed=0
MULTISELECT_SHORTER_MISSED=1297
MULTISELECT_CTX_HIST=DISCARD:2943,DISCARD_ENERGY_CARD:145,SETUP_BENCH_POKEMON:306,TO_BENCH:58,TO_DECK:52,TO_HAND:908
GAME_LENGTH_HIST=1-15:2|16-25:3|26-40:8|41-60:10|61+:2
WIN_BY_CAUSE=DECK_OUT:W=19,L=19,D=0|NO_ACTIVE:W=2,L=2,D=0|PRIZE:W=4,L=4,D=0
TURN_NODE_DIST=1-2:6.76%(5762/85259)|3-5:8.73%(7442/85259)|6+:84.51%(72055/85259)
SEARCH_MAX_DEPTH=20
SEARCH_MEAN_DEPTH=3.1311
MEAN_DEPTH=3.1311
SIMS_CONTRIBUTED=82940
SIMS_CONFIGURED=82940
SIMS_CONTRIBUTED_PER_DECISION=20.0000
SIMS_CONFIGURED_PER_DECISION=20.0000
PRIZE_REWARD_REACHED=1.37%(57/4147)
STALL_DRAW_PASS_TURNS=422
STALL_SHUFFLE_WITH_RESOURCES=82
MISSED_ATTACH=264
SHAPING_BREAKDOWN=BOARD_DECK_DIFF:0.010228|DAMAGE_PRESSURE:0.001435|DISRUPTION:0.000073|ENERGY_DENIAL:0.000318|ITEM_LOCK_PENALTY:0.000000|KO_BONUS:0.000265|PARALYSIS:0.000000|PRIZE_DIFF:-0.002432|SLEEP:0.000000
ROOT_OPTION_STATS=ATTACK:available=132,chosen=31,not_chosen=101,zero_visit_rate=27.27%(36/132),mean_opt_visit=1.57,mean_opt_q=-0.2828,mean_chosen_visit=11.44,mean_chosen_q=0.2663|ENERGY_ATTACH:available=1333,chosen=485,not_chosen=848,zero_visit_rate=16.58%(221/1333),mean_opt_visit=1.66,mean_opt_q=-0.5262,mean_chosen_visit=10.81,mean_chosen_q=0.1777
ATTACH_PRIOR_DIST=special:n=1284,attach_prior[mean=0.1092,min=0.0001,max=0.9993,hist=(<0.001:881,0.001-0.005:49,0.005-0.01:7,0.01-0.03:18,0.03-0.1:16,0.1-0.3:84,0.3-1.0:229,1.0:0)],chosen_prior[mean=0.3634,min=0.0000,max=0.9993,hist=(<0.001:199,0.001-0.005:16,0.005-0.01:2,0.01-0.03:12,0.03-0.1:66,0.1-0.3:273,0.3-1.0:716,1.0:0)]|plain:n=8039,attach_prior[mean=0.0603,min=0.0000,max=0.9992,hist=(<0.001:5235,0.001-0.005:372,0.005-0.01:155,0.01-0.03:268,0.03-0.1:560,0.1-0.3:964,0.3-1.0:485,1.0:0)],chosen_prior[mean=0.3908,min=0.0000,max=0.9996,hist=(<0.001:1195,0.001-0.005:121,0.005-0.01:39,0.01-0.03:28,0.03-0.1:332,0.1-0.3:2009,0.3-1.0:4315,1.0:0)]
SIM_KO_REACHED=0.56%(468/82940)
SIM_KO_DEPTH_MEAN=2.9722
SIM_KO_DEPTH_MIN=1
SIM_KO_DEPTH_MAX=10
TRUE_RESULT_TALLY=P0_WINS=9,P1_WINS=16,DRAWS=0
=== DIAG_DUMP_END ===
=== DIAG_DUMP_BEGIN ===
DIAG_GAMES=25
TRUNC_TOTAL_NODES=102783
TRUNC_FIRED=535
TRUNC_FIRE_RATE=0.52%
TRUNC_OPTCOUNT_HIST=1-8:84392|9-16:8860|17-32:5519|33-64:3477|65-128:519|129-256:16|257+:0
TRUNC_FIRE_RATE_BY_TURN=1-2:0.00%(0/5498)|3-5:0.00%(0/8105)|6+:0.60%(535/89180)
TRUNC_DROPPED_BY_TYPE=ABILITY:415,ATTACH:8580,PLAY:225,RETREAT:339
TRUNC_DROPPED_CRITICAL=0
TRUNC_DROPPED_CRITICAL_STATUS=PASS
MULTISELECT_FIXED_LEN=min=0,max=2:nodes=662,shorter_legal=662,shorter_generated=0,shorter_missed=662|min=0,max=3:nodes=121,shorter_legal=121,shorter_generated=0,shorter_missed=121|min=0,max=4:nodes=31,shorter_legal=31,shorter_generated=0,shorter_missed=31|min=0,max=5:nodes=320,shorter_legal=320,shorter_generated=0,shorter_missed=320|min=1,max=2:nodes=12,shorter_legal=12,shorter_generated=0,shorter_missed=12|min=2,max=2:nodes=2468,shorter_legal=0,shorter_generated=0,shorter_missed=0|min=3,max=3:nodes=122,shorter_legal=0,shorter_generated=0,shorter_missed=0|min=4,max=4:nodes=12,shorter_legal=0,shorter_generated=0,shorter_missed=0
MULTISELECT_SHORTER_MISSED=1146
MULTISELECT_CTX_HIST=ATTACH_TO:82,DISCARD:1859,DISCARD_ENERGY_CARD:76,SETUP_BENCH_POKEMON:395,SKILL_ORDER:365,TO_BENCH:395,TO_HAND:576
GAME_LENGTH_HIST=1-15:2|16-25:4|26-40:9|41-60:8|61+:2
WIN_BY_CAUSE=DECK_OUT:W=16,L=16,D=0|NO_ACTIVE:W=2,L=2,D=0|PRIZE:W=7,L=7,D=0
TURN_NODE_DIST=1-2:5.35%(5498/102783)|3-5:7.89%(8105/102783)|6+:86.77%(89180/102783)
SEARCH_MAX_DEPTH=19
SEARCH_MEAN_DEPTH=3.4842
MEAN_DEPTH=3.4842
SIMS_CONTRIBUTED=99760
SIMS_CONFIGURED=99760
SIMS_CONTRIBUTED_PER_DECISION=20.0000
SIMS_CONFIGURED_PER_DECISION=20.0000
PRIZE_REWARD_REACHED=3.15%(157/4988)
STALL_DRAW_PASS_TURNS=338
STALL_SHUFFLE_WITH_RESOURCES=114
MISSED_ATTACH=290
SHAPING_BREAKDOWN=BOARD_DECK_DIFF:0.010923|DAMAGE_PRESSURE:0.002583|DISRUPTION:0.000081|ENERGY_DENIAL:0.001160|ITEM_LOCK_PENALTY:-0.005911|KO_BONUS:0.000638|PARALYSIS:0.000000|PRIZE_DIFF:0.000897|SLEEP:0.000000
ROOT_OPTION_STATS=ATTACK:available=540,chosen=169,not_chosen=371,zero_visit_rate=36.48%(197/540),mean_opt_visit=1.35,mean_opt_q=-0.3727,mean_chosen_visit=13.20,mean_chosen_q=0.2818|ENERGY_ATTACH:available=1055,chosen=358,not_chosen=697,zero_visit_rate=29.38%(310/1055),mean_opt_visit=1.17,mean_opt_q=-0.5356,mean_chosen_visit=12.40,mean_chosen_q=0.2888
ATTACH_PRIOR_DIST=special:n=330,attach_prior[mean=0.1255,min=0.0001,max=0.9991,hist=(<0.001:216,0.001-0.005:23,0.005-0.01:3,0.01-0.03:1,0.03-0.1:0,0.1-0.3:22,0.3-1.0:65,1.0:0)],chosen_prior[mean=0.3101,min=0.0001,max=0.9991,hist=(<0.001:56,0.001-0.005:3,0.005-0.01:0,0.01-0.03:0,0.03-0.1:0,0.1-0.3:107,0.3-1.0:164,1.0:0)]|plain:n=7230,attach_prior[mean=0.0497,min=0.0000,max=0.9986,hist=(<0.001:5180,0.001-0.005:341,0.005-0.01:116,0.01-0.03:176,0.03-0.1:343,0.1-0.3:691,0.3-1.0:383,1.0:0)],chosen_prior[mean=0.4091,min=0.0000,max=0.9993,hist=(<0.001:723,0.001-0.005:102,0.005-0.01:12,0.01-0.03:39,0.03-0.1:309,0.1-0.3:1926,0.3-1.0:4119,1.0:0)]
SIM_KO_REACHED=1.52%(1515/99760)
SIM_KO_DEPTH_MEAN=3.2891
SIM_KO_DEPTH_MIN=1
SIM_KO_DEPTH_MAX=13
TRUE_RESULT_TALLY=P0_WINS=13,P1_WINS=12,DRAWS=0
=== DIAG_DUMP_END ===
=== DIAG_DUMP_BEGIN ===
DIAG_GAMES=25
TRUNC_TOTAL_NODES=76780
TRUNC_FIRED=1105
TRUNC_FIRE_RATE=1.44%
TRUNC_OPTCOUNT_HIST=1-8:50227|9-16:13295|17-32:8331|33-64:3822|65-128:1013|129-256:92|257+:0
TRUNC_FIRE_RATE_BY_TURN=1-2:0.00%(0/5348)|3-5:0.00%(0/6690)|6+:1.71%(1105/64742)
TRUNC_DROPPED_BY_TYPE=ABILITY:150,ATTACH:30322,PLAY:892,RETREAT:464
TRUNC_DROPPED_CRITICAL=0
TRUNC_DROPPED_CRITICAL_STATUS=PASS
MULTISELECT_FIXED_LEN=min=0,max=2:nodes=246,shorter_legal=246,shorter_generated=0,shorter_missed=246|min=0,max=3:nodes=82,shorter_legal=82,shorter_generated=0,shorter_missed=82|min=0,max=4:nodes=24,shorter_legal=24,shorter_generated=0,shorter_missed=24|min=0,max=5:nodes=298,shorter_legal=298,shorter_generated=0,shorter_missed=298|min=2,max=2:nodes=1916,shorter_legal=0,shorter_generated=0,shorter_missed=0|min=3,max=3:nodes=306,shorter_legal=0,shorter_generated=0,shorter_missed=0|min=4,max=4:nodes=356,shorter_legal=0,shorter_generated=0,shorter_missed=0|min=5,max=5:nodes=219,shorter_legal=0,shorter_generated=0,shorter_missed=0
MULTISELECT_SHORTER_MISSED=650
MULTISELECT_CTX_HIST=ATTACH_TO:157,DISCARD:574,SETUP_BENCH_POKEMON:348,SKILL_ORDER:2032,TO_BENCH:145,TO_HAND:191
GAME_LENGTH_HIST=1-15:0|16-25:5|26-40:5|41-60:5|61+:10
WIN_BY_CAUSE=DECK_OUT:W=6,L=6,D=0|NO_ACTIVE:W=9,L=9,D=0|PRIZE:W=10,L=10,D=0
TURN_NODE_DIST=1-2:6.97%(5348/76780)|3-5:8.71%(6690/76780)|6+:84.32%(64742/76780)
SEARCH_MAX_DEPTH=19
SEARCH_MEAN_DEPTH=2.8586
MEAN_DEPTH=2.8586
SIMS_CONTRIBUTED=74900
SIMS_CONFIGURED=74900
SIMS_CONTRIBUTED_PER_DECISION=20.0000
SIMS_CONFIGURED_PER_DECISION=20.0000
PRIZE_REWARD_REACHED=8.30%(311/3745)
STALL_DRAW_PASS_TURNS=820
STALL_SHUFFLE_WITH_RESOURCES=119
MISSED_ATTACH=839
SHAPING_BREAKDOWN=BOARD_DECK_DIFF:0.005409|DAMAGE_PRESSURE:0.002730|DISRUPTION:0.000150|ENERGY_DENIAL:0.000849|ITEM_LOCK_PENALTY:-0.001555|KO_BONUS:0.001967|PARALYSIS:0.000000|PRIZE_DIFF:0.000422|SLEEP:0.000000
ROOT_OPTION_STATS=ATTACK:available=727,chosen=369,not_chosen=358,zero_visit_rate=12.24%(89/727),mean_opt_visit=2.54,mean_opt_q=-0.2605,mean_chosen_visit=10.26,mean_chosen_q=0.1204|ENERGY_ATTACH:available=1599,chosen=293,not_chosen=1306,zero_visit_rate=35.02%(560/1599),mean_opt_visit=1.24,mean_opt_q=-0.4537,mean_chosen_visit=12.26,mean_chosen_q=0.1526
ATTACH_PRIOR_DIST=special:n=0,attach_prior[mean=nan,min=0.0000,max=0.0000,hist=(<0.001:0,0.001-0.005:0,0.005-0.01:0,0.01-0.03:0,0.03-0.1:0,0.1-0.3:0,0.3-1.0:0,1.0:0)],chosen_prior[mean=nan,min=0.0000,max=0.0000,hist=(<0.001:0,0.001-0.005:0,0.005-0.01:0,0.01-0.03:0,0.03-0.1:0,0.1-0.3:0,0.3-1.0:0,1.0:0)]|plain:n=14059,attach_prior[mean=0.0292,min=0.0000,max=0.9995,hist=(<0.001:10883,0.001-0.005:965,0.005-0.01:184,0.01-0.03:174,0.03-0.1:460,0.1-0.3:961,0.3-1.0:432,1.0:0)],chosen_prior[mean=0.5038,min=0.0000,max=0.9995,hist=(<0.001:840,0.001-0.005:135,0.005-0.01:63,0.01-0.03:52,0.03-0.1:326,0.1-0.3:2851,0.3-1.0:9792,1.0:0)]
SIM_KO_REACHED=3.19%(2387/74900)
SIM_KO_DEPTH_MEAN=2.7030
SIM_KO_DEPTH_MIN=1
SIM_KO_DEPTH_MAX=12
TRUE_RESULT_TALLY=P0_WINS=19,P1_WINS=6,DRAWS=0
=== DIAG_DUMP_END ===
=== DIAG_DUMP_BEGIN ===
DIAG_GAMES=25
TRUNC_TOTAL_NODES=72925
TRUNC_FIRED=4272
TRUNC_FIRE_RATE=5.86%
TRUNC_OPTCOUNT_HIST=1-8:32173|9-16:15747|17-32:13829|33-64:6904|65-128:3473|129-256:799|257+:0
TRUNC_FIRE_RATE_BY_TURN=1-2:0.00%(0/4656)|3-5:0.00%(0/5633)|6+:6.82%(4272/62636)
TRUNC_DROPPED_BY_TYPE=ABILITY:173,ATTACH:146855,PLAY:2940,RETREAT:1932
TRUNC_DROPPED_CRITICAL=0
TRUNC_DROPPED_CRITICAL_STATUS=PASS
MULTISELECT_FIXED_LEN=min=0,max=2:nodes=596,shorter_legal=596,shorter_generated=0,shorter_missed=596|min=0,max=3:nodes=153,shorter_legal=153,shorter_generated=0,shorter_missed=153|min=0,max=4:nodes=17,shorter_legal=17,shorter_generated=0,shorter_missed=17|min=0,max=5:nodes=171,shorter_legal=171,shorter_generated=0,shorter_missed=171|min=2,max=2:nodes=1066,shorter_legal=0,shorter_generated=0,shorter_missed=0|min=3,max=3:nodes=55,shorter_legal=0,shorter_generated=0,shorter_missed=0
MULTISELECT_SHORTER_MISSED=937
MULTISELECT_CTX_HIST=DISCARD:839,SETUP_BENCH_POKEMON:290,TO_BENCH:540,TO_DECK:159,TO_HAND:230
GAME_LENGTH_HIST=1-15:1|16-25:1|26-40:4|41-60:8|61+:11
WIN_BY_CAUSE=DECK_OUT:W=15,L=15,D=0|NO_ACTIVE:W=6,L=6,D=0|PRIZE:W=4,L=4,D=0
TURN_NODE_DIST=1-2:6.38%(4656/72925)|3-5:7.72%(5633/72925)|6+:85.89%(62636/72925)
SEARCH_MAX_DEPTH=15
SEARCH_MEAN_DEPTH=2.6175
MEAN_DEPTH=2.6175
SIMS_CONTRIBUTED=70860
SIMS_CONFIGURED=70860
SIMS_CONTRIBUTED_PER_DECISION=20.0000
SIMS_CONFIGURED_PER_DECISION=20.0000
PRIZE_REWARD_REACHED=2.91%(103/3543)
STALL_DRAW_PASS_TURNS=1013
STALL_SHUFFLE_WITH_RESOURCES=33
MISSED_ATTACH=1081
SHAPING_BREAKDOWN=BOARD_DECK_DIFF:0.017094|DAMAGE_PRESSURE:0.002227|DISRUPTION:0.000080|ENERGY_DENIAL:0.000204|ITEM_LOCK_PENALTY:0.000000|KO_BONUS:0.000809|PARALYSIS:0.000000|PRIZE_DIFF:-0.000418|SLEEP:0.000000
ROOT_OPTION_STATS=ATTACK:available=398,chosen=173,not_chosen=225,zero_visit_rate=9.55%(38/398),mean_opt_visit=2.28,mean_opt_q=-0.4769,mean_chosen_visit=9.18,mean_chosen_q=-0.0520|ENERGY_ATTACH:available=1898,chosen=265,not_chosen=1633,zero_visit_rate=36.99%(702/1898),mean_opt_visit=1.23,mean_opt_q=-0.4436,mean_chosen_visit=12.30,mean_chosen_q=-0.0643
ATTACH_PRIOR_DIST=special:n=0,attach_prior[mean=nan,min=0.0000,max=0.0000,hist=(<0.001:0,0.001-0.005:0,0.005-0.01:0,0.01-0.03:0,0.03-0.1:0,0.1-0.3:0,0.3-1.0:0,1.0:0)],chosen_prior[mean=nan,min=0.0000,max=0.0000,hist=(<0.001:0,0.001-0.005:0,0.005-0.01:0,0.01-0.03:0,0.03-0.1:0,0.1-0.3:0,0.3-1.0:0,1.0:0)]|plain:n=17047,attach_prior[mean=0.0185,min=0.0000,max=0.9965,hist=(<0.001:13543,0.001-0.005:962,0.005-0.01:248,0.01-0.03:433,0.03-0.1:818,0.1-0.3:819,0.3-1.0:224,1.0:0)],chosen_prior[mean=0.6281,min=0.0000,max=0.9990,hist=(<0.001:1381,0.001-0.005:229,0.005-0.01:99,0.01-0.03:118,0.03-0.1:428,0.1-0.3:1887,0.3-1.0:12905,1.0:0)]
SIM_KO_REACHED=1.14%(809/70860)
SIM_KO_DEPTH_MEAN=2.7194
SIM_KO_DEPTH_MIN=1
SIM_KO_DEPTH_MAX=9
TRUE_RESULT_TALLY=P0_WINS=5,P1_WINS=20,DRAWS=0
=== DIAG_DUMP_END ===
=== DIAG_DUMP_BEGIN ===
DIAG_GAMES=25
TRUNC_TOTAL_NODES=82453
TRUNC_FIRED=1396
TRUNC_FIRE_RATE=1.69%
TRUNC_OPTCOUNT_HIST=1-8:61730|9-16:9309|17-32:6879|33-64:3139|65-128:1352|129-256:44|257+:0
TRUNC_FIRE_RATE_BY_TURN=1-2:0.00%(0/4718)|3-5:0.00%(0/6012)|6+:1.95%(1396/71723)
TRUNC_DROPPED_BY_TYPE=ABILITY:590,ATTACH:30344,EVOLVE:3,PLAY:1276,RETREAT:902
TRUNC_DROPPED_CRITICAL=0
TRUNC_DROPPED_CRITICAL_STATUS=PASS
MULTISELECT_FIXED_LEN=min=0,max=2:nodes=553,shorter_legal=553,shorter_generated=0,shorter_missed=553|min=0,max=3:nodes=304,shorter_legal=304,shorter_generated=0,shorter_missed=304|min=0,max=4:nodes=30,shorter_legal=30,shorter_generated=0,shorter_missed=30|min=0,max=5:nodes=94,shorter_legal=94,shorter_generated=0,shorter_missed=94|min=1,max=2:nodes=9,shorter_legal=9,shorter_generated=0,shorter_missed=9|min=2,max=2:nodes=2049,shorter_legal=0,shorter_generated=0,shorter_missed=0|min=3,max=3:nodes=10,shorter_legal=0,shorter_generated=0,shorter_missed=0
MULTISELECT_SHORTER_MISSED=990
MULTISELECT_CTX_HIST=ATTACH_TO:51,DISCARD:1719,DISCARD_ENERGY_CARD:81,SETUP_BENCH_POKEMON:191,SKILL_ORDER:17,TO_BENCH:169,TO_DECK:84,TO_HAND:737
GAME_LENGTH_HIST=1-15:3|16-25:4|26-40:4|41-60:9|61+:5
WIN_BY_CAUSE=DECK_OUT:W=15,L=15,D=0|NO_ACTIVE:W=6,L=6,D=0|PRIZE:W=4,L=4,D=0
TURN_NODE_DIST=1-2:5.72%(4718/82453)|3-5:7.29%(6012/82453)|6+:86.99%(71723/82453)
SEARCH_MAX_DEPTH=19
SEARCH_MEAN_DEPTH=3.2235
MEAN_DEPTH=3.2235
SIMS_CONTRIBUTED=80220
SIMS_CONFIGURED=80220
SIMS_CONTRIBUTED_PER_DECISION=20.0000
SIMS_CONFIGURED_PER_DECISION=20.0000
PRIZE_REWARD_REACHED=4.14%(166/4011)
STALL_DRAW_PASS_TURNS=499
STALL_SHUFFLE_WITH_RESOURCES=74
MISSED_ATTACH=383
SHAPING_BREAKDOWN=BOARD_DECK_DIFF:0.012987|DAMAGE_PRESSURE:0.003411|DISRUPTION:0.000121|ENERGY_DENIAL:0.001333|ITEM_LOCK_PENALTY:-0.002599|KO_BONUS:0.000961|PARALYSIS:0.000000|PRIZE_DIFF:0.000783|SLEEP:0.000000
ROOT_OPTION_STATS=ATTACK:available=339,chosen=117,not_chosen=222,zero_visit_rate=40.41%(137/339),mean_opt_visit=1.18,mean_opt_q=-0.2371,mean_chosen_visit=13.49,mean_chosen_q=0.3331|ENERGY_ATTACH:available=1125,chosen=335,not_chosen=790,zero_visit_rate=27.91%(314/1125),mean_opt_visit=1.17,mean_opt_q=-0.6731,mean_chosen_visit=11.44,mean_chosen_q=0.2021
ATTACH_PRIOR_DIST=special:n=451,attach_prior[mean=0.1086,min=0.0001,max=0.9986,hist=(<0.001:268,0.001-0.005:38,0.005-0.01:6,0.01-0.03:12,0.03-0.1:18,0.1-0.3:28,0.3-1.0:81,1.0:0)],chosen_prior[mean=0.4226,min=0.0000,max=0.9986,hist=(<0.001:57,0.001-0.005:2,0.005-0.01:1,0.01-0.03:3,0.03-0.1:26,0.1-0.3:76,0.3-1.0:286,1.0:0)]|plain:n=8415,attach_prior[mean=0.0456,min=0.0000,max=0.9990,hist=(<0.001:5058,0.001-0.005:641,0.005-0.01:245,0.01-0.03:380,0.03-0.1:833,0.1-0.3:960,0.3-1.0:298,1.0:0)],chosen_prior[mean=0.3952,min=0.0000,max=0.9995,hist=(<0.001:921,0.001-0.005:93,0.005-0.01:62,0.01-0.03:102,0.03-0.1:624,0.1-0.3:2206,0.3-1.0:4407,1.0:0)]
SIM_KO_REACHED=2.08%(1671/80220)
SIM_KO_DEPTH_MEAN=3.5536
SIM_KO_DEPTH_MIN=1
SIM_KO_DEPTH_MAX=12
TRUE_RESULT_TALLY=P0_WINS=13,P1_WINS=12,DRAWS=0
=== DIAG_DUMP_END ===
=== DIAG_DUMP_BEGIN ===
DIAG_GAMES=25
TRUNC_TOTAL_NODES=78683
TRUNC_FIRED=1832
TRUNC_FIRE_RATE=2.33%
TRUNC_OPTCOUNT_HIST=1-8:51098|9-16:13113|17-32:8479|33-64:4161|65-128:1629|129-256:203|257+:0
TRUNC_FIRE_RATE_BY_TURN=1-2:0.00%(0/3973)|3-5:0.00%(0/5102)|6+:2.63%(1832/69608)
TRUNC_DROPPED_BY_TYPE=ABILITY:178,ATTACH:52086,EVOLVE:133,PLAY:918,RETREAT:825
TRUNC_DROPPED_CRITICAL=0
TRUNC_DROPPED_CRITICAL_STATUS=PASS
MULTISELECT_FIXED_LEN=min=0,max=2:nodes=590,shorter_legal=590,shorter_generated=0,shorter_missed=590|min=0,max=3:nodes=381,shorter_legal=381,shorter_generated=0,shorter_missed=381|min=0,max=4:nodes=7,shorter_legal=7,shorter_generated=0,shorter_missed=7|min=0,max=5:nodes=62,shorter_legal=62,shorter_generated=0,shorter_missed=62|min=2,max=2:nodes=1981,shorter_legal=0,shorter_generated=0,shorter_missed=0|min=3,max=3:nodes=25,shorter_legal=0,shorter_generated=0,shorter_missed=0
MULTISELECT_SHORTER_MISSED=1040
MULTISELECT_CTX_HIST=ATTACH_TO:33,DISCARD:1784,DISCARD_ENERGY_CARD:74,SETUP_BENCH_POKEMON:139,SKILL_ORDER:72,TO_BENCH:164,TO_DECK:5,TO_HAND:775
GAME_LENGTH_HIST=1-15:2|16-25:2|26-40:9|41-60:1|61+:11
WIN_BY_CAUSE=DECK_OUT:W=17,L=17,D=0|NO_ACTIVE:W=5,L=5,D=0|PRIZE:W=3,L=3,D=0
TURN_NODE_DIST=1-2:5.05%(3973/78683)|3-5:6.48%(5102/78683)|6+:88.47%(69608/78683)
SEARCH_MAX_DEPTH=18
SEARCH_MEAN_DEPTH=3.0106
MEAN_DEPTH=3.0106
SIMS_CONTRIBUTED=76280
SIMS_CONFIGURED=76280
SIMS_CONTRIBUTED_PER_DECISION=20.0000
SIMS_CONFIGURED_PER_DECISION=20.0000
PRIZE_REWARD_REACHED=3.59%(137/3814)
STALL_DRAW_PASS_TURNS=708
STALL_SHUFFLE_WITH_RESOURCES=96
MISSED_ATTACH=731
SHAPING_BREAKDOWN=BOARD_DECK_DIFF:0.015324|DAMAGE_PRESSURE:0.003288|DISRUPTION:0.000145|ENERGY_DENIAL:0.001052|ITEM_LOCK_PENALTY:-0.000479|KO_BONUS:0.000732|PARALYSIS:0.000000|PRIZE_DIFF:-0.000344|SLEEP:0.000000
ROOT_OPTION_STATS=ATTACK:available=245,chosen=123,not_chosen=122,zero_visit_rate=17.96%(44/245),mean_opt_visit=3.07,mean_opt_q=-0.0254,mean_chosen_visit=11.43,mean_chosen_q=0.3021|ENERGY_ATTACH:available=1618,chosen=354,not_chosen=1264,zero_visit_rate=27.94%(452/1618),mean_opt_visit=1.31,mean_opt_q=-0.5901,mean_chosen_visit=11.83,mean_chosen_q=0.2139
ATTACH_PRIOR_DIST=special:n=939,attach_prior[mean=0.1340,min=0.0001,max=0.9993,hist=(<0.001:431,0.001-0.005:134,0.005-0.01:43,0.01-0.03:39,0.03-0.1:39,0.1-0.3:57,0.3-1.0:196,1.0:0)],chosen_prior[mean=0.3055,min=0.0000,max=0.9993,hist=(<0.001:244,0.001-0.005:66,0.005-0.01:16,0.01-0.03:31,0.03-0.1:31,0.1-0.3:117,0.3-1.0:434,1.0:0)]|plain:n=12357,attach_prior[mean=0.0304,min=0.0000,max=0.9987,hist=(<0.001:8756,0.001-0.005:913,0.005-0.01:302,0.01-0.03:572,0.03-0.1:759,0.1-0.3:661,0.3-1.0:394,1.0:0)],chosen_prior[mean=0.5038,min=0.0000,max=0.9993,hist=(<0.001:1384,0.001-0.005:327,0.005-0.01:98,0.01-0.03:230,0.03-0.1:602,0.1-0.3:1518,0.3-1.0:8198,1.0:0)]
SIM_KO_REACHED=1.85%(1414/76280)
SIM_KO_DEPTH_MEAN=3.0976
SIM_KO_DEPTH_MIN=1
SIM_KO_DEPTH_MAX=12
TRUE_RESULT_TALLY=P0_WINS=16,P1_WINS=9,DRAWS=0
=== DIAG_DUMP_END ===
[m2] Training (25000 samples, 195 batches)...
[m2] Done (195 batches).
[dragapult] Training (25000 samples, 195 batches)...
[dragapult] Done (195 batches).
[grimmsnarl] Training (25000 samples, 195 batches)...
[grimmsnarl] Done (195 batches).
[lucario] Training (23428 samples, 183 batches)...
[lucario] Done (183 batches).
[mega_lopunny] Training (21223 samples, 165 batches)...
[mega_lopunny] Done (165 batches).
[slop_box] Training (23025 samples, 179 batches)...
[slop_box] Done (179 batches).
[m2] Saved: checkpoints/m2/model_2026-08-09_01-31.pth
[dragapult] Saved: checkpoints/dragapult/model_2026-08-09_01-31.pth
[grimmsnarl] Saved: checkpoints/grimmsnarl/model_2026-08-09_01-31.pth
[lucario] Saved: checkpoints/lucario/model_2026-08-09_01-31.pth
[mega_lopunny] Saved: checkpoints/mega_lopunny/model_2026-08-09_01-31.pth
[slop_box] Saved: checkpoints/slop_box/model_2026-08-09_01-31.pth
=== Evaluation ===
  vs dragapult     :  20%  (2W / 8L / 0D)
  vs grimmsnarl    :  20%  (2W / 8L / 0D)
  vs lucario       :  10%  (1W / 9L / 0D)
  vs mega_lopunny  :  30%  (3W / 7L / 0D)
  vs slop_box      :  30%  (3W / 7L / 0D)
Games: 1240 | Epoch: 38.6m | Elapsed: 222.9m | ETA: 1170.1m
--- Main Epoch 5/25 ---
=== DIAG_DUMP_BEGIN ===
DIAG_GAMES=25
TRUNC_TOTAL_NODES=81686
TRUNC_FIRED=706
TRUNC_FIRE_RATE=0.86%
TRUNC_OPTCOUNT_HIST=1-8:56929|9-16:11149|17-32:7497|33-64:5405|65-128:706|129-256:0|257+:0
TRUNC_FIRE_RATE_BY_TURN=1-2:0.00%(0/4074)|3-5:0.00%(0/6661)|6+:1.00%(706/70951)
TRUNC_DROPPED_BY_TYPE=ABILITY:243,ATTACH:6385,EVOLVE:56,PLAY:136,RETREAT:490
TRUNC_DROPPED_CRITICAL=0
TRUNC_DROPPED_CRITICAL_STATUS=PASS
MULTISELECT_FIXED_LEN=min=0,max=2:nodes=733,shorter_legal=733,shorter_generated=0,shorter_missed=733|min=0,max=3:nodes=350,shorter_legal=350,shorter_generated=0,shorter_missed=350|min=0,max=4:nodes=19,shorter_legal=19,shorter_generated=0,shorter_missed=19|min=0,max=5:nodes=119,shorter_legal=119,shorter_generated=0,shorter_missed=119|min=2,max=2:nodes=2590,shorter_legal=0,shorter_generated=0,shorter_missed=0|min=3,max=3:nodes=2,shorter_legal=0,shorter_generated=0,shorter_missed=0
MULTISELECT_SHORTER_MISSED=1221
MULTISELECT_CTX_HIST=ATTACH_TO:1,DISCARD:2257,DISCARD_ENERGY_CARD:230,SETUP_BENCH_POKEMON:245,TO_BENCH:42,TO_DECK:140,TO_HAND:898
GAME_LENGTH_HIST=1-15:2|16-25:4|26-40:9|41-60:6|61+:4
WIN_BY_CAUSE=DECK_OUT:W=19,L=19,D=0|NO_ACTIVE:W=3,L=3,D=0|PRIZE:W=3,L=3,D=0
TURN_NODE_DIST=1-2:4.99%(4074/81686)|3-5:8.15%(6661/81686)|6+:86.86%(70951/81686)
SEARCH_MAX_DEPTH=18
SEARCH_MEAN_DEPTH=3.1281
MEAN_DEPTH=3.1281
SIMS_CONTRIBUTED=79720
SIMS_CONFIGURED=79720
SIMS_CONTRIBUTED_PER_DECISION=20.0000
SIMS_CONFIGURED_PER_DECISION=20.0000
PRIZE_REWARD_REACHED=1.83%(73/3986)
STALL_DRAW_PASS_TURNS=473
STALL_SHUFFLE_WITH_RESOURCES=79
MISSED_ATTACH=362
SHAPING_BREAKDOWN=BOARD_DECK_DIFF:0.024169|DAMAGE_PRESSURE:0.003232|DISRUPTION:0.000074|ENERGY_DENIAL:0.000723|ITEM_LOCK_PENALTY:-0.000001|KO_BONUS:0.000198|PARALYSIS:0.000000|PRIZE_DIFF:0.000435|SLEEP:0.000000
ROOT_OPTION_STATS=ATTACK:available=215,chosen=47,not_chosen=168,zero_visit_rate=39.07%(84/215),mean_opt_visit=1.52,mean_opt_q=-0.1614,mean_chosen_visit=12.58,mean_chosen_q=0.2330|ENERGY_ATTACH:available=1340,chosen=436,not_chosen=904,zero_visit_rate=20.97%(281/1340),mean_opt_visit=1.68,mean_opt_q=-0.4817,mean_chosen_visit=11.57,mean_chosen_q=0.1602
ATTACH_PRIOR_DIST=special:n=1167,attach_prior[mean=0.0940,min=0.0001,max=0.9993,hist=(<0.001:706,0.001-0.005:78,0.005-0.01:23,0.01-0.03:26,0.03-0.1:60,0.1-0.3:126,0.3-1.0:148,1.0:0)],chosen_prior[mean=0.3614,min=0.0000,max=0.9993,hist=(<0.001:200,0.001-0.005:20,0.005-0.01:2,0.01-0.03:19,0.03-0.1:59,0.1-0.3:203,0.3-1.0:664,1.0:0)]|plain:n=7429,attach_prior[mean=0.0575,min=0.0000,max=0.9986,hist=(<0.001:4540,0.001-0.005:493,0.005-0.01:170,0.01-0.03:319,0.03-0.1:554,0.1-0.3:937,0.3-1.0:416,1.0:0)],chosen_prior[mean=0.4174,min=0.0000,max=0.9993,hist=(<0.001:902,0.001-0.005:148,0.005-0.01:30,0.01-0.03:115,0.03-0.1:365,0.1-0.3:1589,0.3-1.0:4280,1.0:0)]
SIM_KO_REACHED=0.95%(756/79720)
SIM_KO_DEPTH_MEAN=3.8558
SIM_KO_DEPTH_MIN=1
SIM_KO_DEPTH_MAX=10
TRUE_RESULT_TALLY=P0_WINS=15,P1_WINS=10,DRAWS=0
=== DIAG_DUMP_END ===
=== DIAG_DUMP_BEGIN ===
DIAG_GAMES=25
TRUNC_TOTAL_NODES=95463
TRUNC_FIRED=293
TRUNC_FIRE_RATE=0.31%
TRUNC_OPTCOUNT_HIST=1-8:78622|9-16:8367|17-32:5125|33-64:3056|65-128:293|129-256:0|257+:0
TRUNC_FIRE_RATE_BY_TURN=1-2:0.00%(0/5817)|3-5:0.00%(0/10010)|6+:0.37%(293/79636)
TRUNC_DROPPED_BY_TYPE=ABILITY:189,ATTACH:2802,PLAY:117,RETREAT:263
TRUNC_DROPPED_CRITICAL=0
TRUNC_DROPPED_CRITICAL_STATUS=PASS
MULTISELECT_FIXED_LEN=min=0,max=2:nodes=889,shorter_legal=889,shorter_generated=0,shorter_missed=889|min=0,max=3:nodes=249,shorter_legal=249,shorter_generated=0,shorter_missed=249|min=0,max=5:nodes=297,shorter_legal=297,shorter_generated=0,shorter_missed=297|min=1,max=2:nodes=11,shorter_legal=11,shorter_generated=0,shorter_missed=11|min=2,max=2:nodes=2631,shorter_legal=0,shorter_generated=0,shorter_missed=0
MULTISELECT_SHORTER_MISSED=1446
MULTISELECT_CTX_HIST=ATTACH_TO:11,DISCARD:2228,DISCARD_ENERGY_CARD:283,SETUP_BENCH_POKEMON:365,SKILL_ORDER:121,TO_BENCH:245,TO_HAND:824
GAME_LENGTH_HIST=1-15:0|16-25:7|26-40:8|41-60:8|61+:2
WIN_BY_CAUSE=DECK_OUT:W=15,L=15,D=0|NO_ACTIVE:W=1,L=1,D=0|PRIZE:W=9,L=9,D=0
TURN_NODE_DIST=1-2:6.09%(5817/95463)|3-5:10.49%(10010/95463)|6+:83.42%(79636/95463)
SEARCH_MAX_DEPTH=19
SEARCH_MEAN_DEPTH=3.4094
MEAN_DEPTH=3.4094
SIMS_CONTRIBUTED=92500
SIMS_CONFIGURED=92500
SIMS_CONTRIBUTED_PER_DECISION=20.0000
SIMS_CONFIGURED_PER_DECISION=20.0000
PRIZE_REWARD_REACHED=3.16%(146/4625)
STALL_DRAW_PASS_TURNS=412
STALL_SHUFFLE_WITH_RESOURCES=100
MISSED_ATTACH=249
SHAPING_BREAKDOWN=BOARD_DECK_DIFF:0.010786|DAMAGE_PRESSURE:0.002633|DISRUPTION:0.000080|ENERGY_DENIAL:0.000786|ITEM_LOCK_PENALTY:-0.001515|KO_BONUS:0.000446|PARALYSIS:0.000000|PRIZE_DIFF:-0.000448|SLEEP:0.000000
ROOT_OPTION_STATS=ATTACK:available=344,chosen=99,not_chosen=245,zero_visit_rate=36.05%(124/344),mean_opt_visit=1.46,mean_opt_q=-0.4141,mean_chosen_visit=14.03,mean_chosen_q=0.3651|ENERGY_ATTACH:available=1158,chosen=402,not_chosen=756,zero_visit_rate=23.83%(276/1158),mean_opt_visit=1.37,mean_opt_q=-0.5791,mean_chosen_visit=12.48,mean_chosen_q=0.2938
ATTACH_PRIOR_DIST=special:n=841,attach_prior[mean=0.1239,min=0.0001,max=0.9999,hist=(<0.001:396,0.001-0.005:79,0.005-0.01:21,0.01-0.03:36,0.03-0.1:74,0.1-0.3:81,0.3-1.0:154,1.0:0)],chosen_prior[mean=0.3901,min=0.0000,max=0.9999,hist=(<0.001:147,0.001-0.005:8,0.005-0.01:4,0.01-0.03:24,0.03-0.1:43,0.1-0.3:139,0.3-1.0:476,1.0:0)]|plain:n=5944,attach_prior[mean=0.0637,min=0.0000,max=0.9993,hist=(<0.001:3557,0.001-0.005:365,0.005-0.01:100,0.01-0.03:253,0.03-0.1:571,0.1-0.3:697,0.3-1.0:401,1.0:0)],chosen_prior[mean=0.4198,min=0.0000,max=0.9997,hist=(<0.001:655,0.001-0.005:51,0.005-0.01:32,0.01-0.03:129,0.03-0.1:378,0.1-0.3:1220,0.3-1.0:3479,1.0:0)]
SIM_KO_REACHED=1.55%(1437/92500)
SIM_KO_DEPTH_MEAN=3.7690
SIM_KO_DEPTH_MIN=1
SIM_KO_DEPTH_MAX=11
TRUE_RESULT_TALLY=P0_WINS=9,P1_WINS=16,DRAWS=0
=== DIAG_DUMP_END ===
=== DIAG_DUMP_BEGIN ===
DIAG_GAMES=25
TRUNC_TOTAL_NODES=99673
TRUNC_FIRED=1347
TRUNC_FIRE_RATE=1.35%
TRUNC_OPTCOUNT_HIST=1-8:73667|9-16:13087|17-32:7403|33-64:4169|65-128:1232|129-256:115|257+:0
TRUNC_FIRE_RATE_BY_TURN=1-2:0.00%(0/7738)|3-5:0.00%(0/9359)|6+:1.63%(1347/82576)
TRUNC_DROPPED_BY_TYPE=ABILITY:563,ATTACH:36532,EVOLVE:1,PLAY:1005,RETREAT:723
TRUNC_DROPPED_CRITICAL=0
TRUNC_DROPPED_CRITICAL_STATUS=PASS
MULTISELECT_FIXED_LEN=min=0,max=2:nodes=501,shorter_legal=501,shorter_generated=0,shorter_missed=501|min=0,max=3:nodes=93,shorter_legal=93,shorter_generated=0,shorter_missed=93|min=0,max=4:nodes=59,shorter_legal=59,shorter_generated=0,shorter_missed=59|min=0,max=5:nodes=269,shorter_legal=269,shorter_generated=0,shorter_missed=269|min=1,max=2:nodes=9,shorter_legal=9,shorter_generated=0,shorter_missed=9|min=2,max=2:nodes=4428,shorter_legal=0,shorter_generated=0,shorter_missed=0|min=3,max=3:nodes=1019,shorter_legal=0,shorter_generated=0,shorter_missed=0|min=4,max=4:nodes=167,shorter_legal=0,shorter_generated=0,shorter_missed=0|min=5,max=5:nodes=208,shorter_legal=0,shorter_generated=0,shorter_missed=0
MULTISELECT_SHORTER_MISSED=931
MULTISELECT_CTX_HIST=ATTACH_TO:262,DISCARD:956,SETUP_BENCH_POKEMON:276,SKILL_ORDER:4567,TO_BENCH:393,TO_HAND:299
GAME_LENGTH_HIST=1-15:4|16-25:3|26-40:7|41-60:5|61+:6
WIN_BY_CAUSE=DECK_OUT:W=10,L=10,D=0|NO_ACTIVE:W=3,L=3,D=0|PRIZE:W=12,L=12,D=0
TURN_NODE_DIST=1-2:7.76%(7738/99673)|3-5:9.39%(9359/99673)|6+:82.85%(82576/99673)
SEARCH_MAX_DEPTH=19
SEARCH_MEAN_DEPTH=3.1963
MEAN_DEPTH=3.1963
SIMS_CONTRIBUTED=96900
SIMS_CONFIGURED=96900
SIMS_CONTRIBUTED_PER_DECISION=20.0000
SIMS_CONFIGURED_PER_DECISION=20.0000
PRIZE_REWARD_REACHED=8.30%(402/4845)
STALL_DRAW_PASS_TURNS=692
STALL_SHUFFLE_WITH_RESOURCES=125
MISSED_ATTACH=535
SHAPING_BREAKDOWN=BOARD_DECK_DIFF:0.006631|DAMAGE_PRESSURE:0.003963|DISRUPTION:0.000122|ENERGY_DENIAL:0.001179|ITEM_LOCK_PENALTY:-0.003462|KO_BONUS:0.002598|PARALYSIS:0.000000|PRIZE_DIFF:0.000771|SLEEP:0.000000
ROOT_OPTION_STATS=ATTACK:available=633,chosen=291,not_chosen=342,zero_visit_rate=18.17%(115/633),mean_opt_visit=2.15,mean_opt_q=-0.3559,mean_chosen_visit=12.35,mean_chosen_q=0.2352|ENERGY_ATTACH:available=1322,chosen=295,not_chosen=1027,zero_visit_rate=32.30%(427/1322),mean_opt_visit=1.18,mean_opt_q=-0.6043,mean_chosen_visit=11.89,mean_chosen_q=0.0828
ATTACH_PRIOR_DIST=special:n=0,attach_prior[mean=nan,min=0.0000,max=0.0000,hist=(<0.001:0,0.001-0.005:0,0.005-0.01:0,0.01-0.03:0,0.03-0.1:0,0.1-0.3:0,0.3-1.0:0,1.0:0)],chosen_prior[mean=nan,min=0.0000,max=0.0000,hist=(<0.001:0,0.001-0.005:0,0.005-0.01:0,0.01-0.03:0,0.03-0.1:0,0.1-0.3:0,0.3-1.0:0,1.0:0)]|plain:n=10986,attach_prior[mean=0.0362,min=0.0000,max=0.9988,hist=(<0.001:8181,0.001-0.005:607,0.005-0.01:157,0.01-0.03:204,0.03-0.1:477,0.1-0.3:933,0.3-1.0:427,1.0:0)],chosen_prior[mean=0.5696,min=0.0000,max=0.9993,hist=(<0.001:668,0.001-0.005:76,0.005-0.01:17,0.01-0.03:19,0.03-0.1:324,0.1-0.3:1951,0.3-1.0:7931,1.0:0)]
SIM_KO_REACHED=3.82%(3700/96900)
SIM_KO_DEPTH_MEAN=3.2246
SIM_KO_DEPTH_MIN=1
SIM_KO_DEPTH_MAX=14
TRUE_RESULT_TALLY=P0_WINS=10,P1_WINS=15,DRAWS=0
=== DIAG_DUMP_END ===
=== DIAG_DUMP_BEGIN ===
DIAG_GAMES=25
TRUNC_TOTAL_NODES=66723
TRUNC_FIRED=3390
TRUNC_FIRE_RATE=5.08%
TRUNC_OPTCOUNT_HIST=1-8:30289|9-16:14476|17-32:12076|33-64:6492|65-128:2986|129-256:404|257+:0
TRUNC_FIRE_RATE_BY_TURN=1-2:0.00%(0/4655)|3-5:0.00%(0/4195)|6+:5.86%(3390/57873)
TRUNC_DROPPED_BY_TYPE=ABILITY:281,ATTACH:94543,EVOLVE:13,PLAY:2801,RETREAT:1180
TRUNC_DROPPED_CRITICAL=0
TRUNC_DROPPED_CRITICAL_STATUS=PASS
MULTISELECT_FIXED_LEN=min=0,max=2:nodes=707,shorter_legal=707,shorter_generated=0,shorter_missed=707|min=0,max=3:nodes=29,shorter_legal=29,shorter_generated=0,shorter_missed=29|min=0,max=4:nodes=12,shorter_legal=12,shorter_generated=0,shorter_missed=12|min=0,max=5:nodes=191,shorter_legal=191,shorter_generated=0,shorter_missed=191|min=2,max=2:nodes=1223,shorter_legal=0,shorter_generated=0,shorter_missed=0|min=3,max=3:nodes=78,shorter_legal=0,shorter_generated=0,shorter_missed=0
MULTISELECT_SHORTER_MISSED=939
MULTISELECT_CTX_HIST=DISCARD:1162,SETUP_BENCH_POKEMON:285,TO_BENCH:634,TO_HAND:159
GAME_LENGTH_HIST=1-15:4|16-25:2|26-40:0|41-60:0|61+:19
WIN_BY_CAUSE=DECK_OUT:W=17,L=17,D=0|NO_ACTIVE:W=7,L=7,D=0|PRIZE:W=1,L=1,D=0
TURN_NODE_DIST=1-2:6.98%(4655/66723)|3-5:6.29%(4195/66723)|6+:86.74%(57873/66723)
SEARCH_MAX_DEPTH=18
SEARCH_MEAN_DEPTH=2.4747
MEAN_DEPTH=2.4747
SIMS_CONTRIBUTED=64560
SIMS_CONFIGURED=64560
SIMS_CONTRIBUTED_PER_DECISION=20.0000
SIMS_CONFIGURED_PER_DECISION=20.0000
PRIZE_REWARD_REACHED=2.76%(89/3228)
STALL_DRAW_PASS_TURNS=1111
STALL_SHUFFLE_WITH_RESOURCES=61
MISSED_ATTACH=1297
SHAPING_BREAKDOWN=BOARD_DECK_DIFF:0.009832|DAMAGE_PRESSURE:0.002370|DISRUPTION:0.000110|ENERGY_DENIAL:0.000367|ITEM_LOCK_PENALTY:0.000000|KO_BONUS:0.000758|PARALYSIS:0.000000|PRIZE_DIFF:0.000220|SLEEP:0.000000
ROOT_OPTION_STATS=ATTACK:available=624,chosen=254,not_chosen=370,zero_visit_rate=10.58%(66/624),mean_opt_visit=2.22,mean_opt_q=-0.4798,mean_chosen_visit=9.18,mean_chosen_q=-0.0671|ENERGY_ATTACH:available=2105,chosen=242,not_chosen=1863,zero_visit_rate=40.62%(855/2105),mean_opt_visit=0.98,mean_opt_q=-0.6157,mean_chosen_visit=11.52,mean_chosen_q=-0.0699
ATTACH_PRIOR_DIST=special:n=0,attach_prior[mean=nan,min=0.0000,max=0.0000,hist=(<0.001:0,0.001-0.005:0,0.005-0.01:0,0.01-0.03:0,0.03-0.1:0,0.1-0.3:0,0.3-1.0:0,1.0:0)],chosen_prior[mean=nan,min=0.0000,max=0.0000,hist=(<0.001:0,0.001-0.005:0,0.005-0.01:0,0.01-0.03:0,0.03-0.1:0,0.1-0.3:0,0.3-1.0:0,1.0:0)]|plain:n=17966,attach_prior[mean=0.0190,min=0.0000,max=0.9980,hist=(<0.001:15042,0.001-0.005:603,0.005-0.01:188,0.01-0.03:336,0.03-0.1:523,0.1-0.3:979,0.3-1.0:295,1.0:0)],chosen_prior[mean=0.5733,min=0.0000,max=0.9997,hist=(<0.001:1336,0.001-0.005:122,0.005-0.01:135,0.01-0.03:127,0.03-0.1:742,0.1-0.3:2791,0.3-1.0:12713,1.0:0)]
SIM_KO_REACHED=1.12%(720/64560)
SIM_KO_DEPTH_MEAN=2.7750
SIM_KO_DEPTH_MIN=1
SIM_KO_DEPTH_MAX=8
TRUE_RESULT_TALLY=P0_WINS=9,P1_WINS=16,DRAWS=0
=== DIAG_DUMP_END ===
=== DIAG_DUMP_BEGIN ===
DIAG_GAMES=25
TRUNC_TOTAL_NODES=70098
TRUNC_FIRED=2400
TRUNC_FIRE_RATE=3.42%
TRUNC_OPTCOUNT_HIST=1-8:42940|9-16:10843|17-32:10039|33-64:3876|65-128:1873|129-256:527|257+:0
TRUNC_FIRE_RATE_BY_TURN=1-2:0.00%(0/4541)|3-5:0.00%(0/6097)|6+:4.04%(2400/59460)
TRUNC_DROPPED_BY_TYPE=ABILITY:499,ATTACH:86662,PLAY:2031,RETREAT:1852
TRUNC_DROPPED_CRITICAL=0
TRUNC_DROPPED_CRITICAL_STATUS=PASS
MULTISELECT_FIXED_LEN=min=0,max=2:nodes=357,shorter_legal=357,shorter_generated=0,shorter_missed=357|min=0,max=3:nodes=264,shorter_legal=264,shorter_generated=0,shorter_missed=264|min=0,max=4:nodes=34,shorter_legal=34,shorter_generated=0,shorter_missed=34|min=0,max=5:nodes=120,shorter_legal=120,shorter_generated=0,shorter_missed=120|min=1,max=2:nodes=1,shorter_legal=1,shorter_generated=0,shorter_missed=1|min=2,max=2:nodes=1597,shorter_legal=0,shorter_generated=0,shorter_missed=0|min=3,max=3:nodes=8,shorter_legal=0,shorter_generated=0,shorter_missed=0
MULTISELECT_SHORTER_MISSED=776
MULTISELECT_CTX_HIST=ATTACH_TO:1,DISCARD:1083,DISCARD_ENERGY_CARD:12,SETUP_BENCH_POKEMON:289,SKILL_ORDER:104,TO_BENCH:189,TO_DECK:239,TO_HAND:464
GAME_LENGTH_HIST=1-15:4|16-25:4|26-40:4|41-60:4|61+:9
WIN_BY_CAUSE=DECK_OUT:W=14,L=14,D=0|NO_ACTIVE:W=6,L=6,D=1|PRIZE:W=4,L=4,D=0
TURN_NODE_DIST=1-2:6.48%(4541/70098)|3-5:8.70%(6097/70098)|6+:84.82%(59460/70098)
SEARCH_MAX_DEPTH=17
SEARCH_MEAN_DEPTH=2.8179
MEAN_DEPTH=2.8179
SIMS_CONTRIBUTED=68100
SIMS_CONFIGURED=68100
SIMS_CONTRIBUTED_PER_DECISION=20.0000
SIMS_CONFIGURED_PER_DECISION=20.0000
PRIZE_REWARD_REACHED=4.61%(157/3405)
STALL_DRAW_PASS_TURNS=728
STALL_SHUFFLE_WITH_RESOURCES=33
MISSED_ATTACH=615
SHAPING_BREAKDOWN=BOARD_DECK_DIFF:0.017929|DAMAGE_PRESSURE:0.002963|DISRUPTION:0.000126|ENERGY_DENIAL:0.001116|ITEM_LOCK_PENALTY:-0.001556|KO_BONUS:0.001061|PARALYSIS:0.000000|PRIZE_DIFF:-0.001664|SLEEP:0.000000
ROOT_OPTION_STATS=ATTACK:available=311,chosen=69,not_chosen=242,zero_visit_rate=32.15%(100/311),mean_opt_visit=1.56,mean_opt_q=-0.4026,mean_chosen_visit=12.29,mean_chosen_q=0.1112|ENERGY_ATTACH:available=1355,chosen=286,not_chosen=1069,zero_visit_rate=24.58%(333/1355),mean_opt_visit=1.40,mean_opt_q=-0.5207,mean_chosen_visit=10.81,mean_chosen_q=0.0589
ATTACH_PRIOR_DIST=special:n=198,attach_prior[mean=0.1442,min=0.0001,max=0.9996,hist=(<0.001:84,0.001-0.005:15,0.005-0.01:0,0.01-0.03:14,0.03-0.1:19,0.1-0.3:18,0.3-1.0:48,1.0:0)],chosen_prior[mean=0.2422,min=0.0001,max=0.9996,hist=(<0.001:48,0.001-0.005:15,0.005-0.01:4,0.01-0.03:5,0.03-0.1:8,0.1-0.3:47,0.3-1.0:71,1.0:0)]|plain:n=10950,attach_prior[mean=0.0379,min=0.0000,max=0.9979,hist=(<0.001:6465,0.001-0.005:1124,0.005-0.01:364,0.01-0.03:422,0.03-0.1:1079,0.1-0.3:1237,0.3-1.0:259,1.0:0)],chosen_prior[mean=0.4600,min=0.0000,max=0.9996,hist=(<0.001:750,0.001-0.005:202,0.005-0.01:144,0.01-0.03:108,0.03-0.1:472,0.1-0.3:2671,0.3-1.0:6603,1.0:0)]
SIM_KO_REACHED=1.72%(1169/68100)
SIM_KO_DEPTH_MEAN=3.4166
SIM_KO_DEPTH_MIN=1
SIM_KO_DEPTH_MAX=13
TRUE_RESULT_TALLY=P0_WINS=12,P1_WINS=12,DRAWS=1
=== DIAG_DUMP_END ===
=== DIAG_DUMP_BEGIN ===
DIAG_GAMES=25
TRUNC_TOTAL_NODES=73093
TRUNC_FIRED=1002
TRUNC_FIRE_RATE=1.37%
TRUNC_OPTCOUNT_HIST=1-8:47542|9-16:13218|17-32:7594|33-64:3737|65-128:911|129-256:91|257+:0
TRUNC_FIRE_RATE_BY_TURN=1-2:0.00%(0/4746)|3-5:0.00%(0/5300)|6+:1.59%(1002/63047)
TRUNC_DROPPED_BY_TYPE=ABILITY:331,ATTACH:28831,EVOLVE:65,PLAY:432,RETREAT:617
TRUNC_DROPPED_CRITICAL=0
TRUNC_DROPPED_CRITICAL_STATUS=PASS
MULTISELECT_FIXED_LEN=min=0,max=2:nodes=488,shorter_legal=488,shorter_generated=0,shorter_missed=488|min=0,max=3:nodes=355,shorter_legal=355,shorter_generated=0,shorter_missed=355|min=0,max=4:nodes=16,shorter_legal=16,shorter_generated=0,shorter_missed=16|min=0,max=5:nodes=58,shorter_legal=58,shorter_generated=0,shorter_missed=58|min=2,max=2:nodes=1552,shorter_legal=0,shorter_generated=0,shorter_missed=0|min=3,max=3:nodes=32,shorter_legal=0,shorter_generated=0,shorter_missed=0
MULTISELECT_SHORTER_MISSED=917
MULTISELECT_CTX_HIST=ATTACH_TO:64,DISCARD:1160,DISCARD_ENERGY_CARD:53,SETUP_BENCH_POKEMON:133,SKILL_ORDER:257,TO_BENCH:99,TO_DECK:2,TO_HAND:733
GAME_LENGTH_HIST=1-15:5|16-25:3|26-40:3|41-60:4|61+:10
WIN_BY_CAUSE=DECK_OUT:W=10,L=10,D=0|NO_ACTIVE:W=7,L=7,D=0|PRIZE:W=8,L=8,D=0
TURN_NODE_DIST=1-2:6.49%(4746/73093)|3-5:7.25%(5300/73093)|6+:86.26%(63047/73093)
SEARCH_MAX_DEPTH=18
SEARCH_MEAN_DEPTH=2.7771
MEAN_DEPTH=2.7771
SIMS_CONTRIBUTED=71300
SIMS_CONFIGURED=71300
SIMS_CONTRIBUTED_PER_DECISION=20.0000
SIMS_CONFIGURED_PER_DECISION=20.0000
PRIZE_REWARD_REACHED=4.88%(174/3565)
STALL_DRAW_PASS_TURNS=645
STALL_SHUFFLE_WITH_RESOURCES=94
MISSED_ATTACH=595
SHAPING_BREAKDOWN=BOARD_DECK_DIFF:0.018983|DAMAGE_PRESSURE:0.003903|DISRUPTION:0.000144|ENERGY_DENIAL:0.000824|ITEM_LOCK_PENALTY:-0.001575|KO_BONUS:0.001409|PARALYSIS:0.000000|PRIZE_DIFF:-0.002945|SLEEP:0.000000
ROOT_OPTION_STATS=ATTACK:available=334,chosen=136,not_chosen=198,zero_visit_rate=19.76%(66/334),mean_opt_visit=2.48,mean_opt_q=-0.1687,mean_chosen_visit=11.63,mean_chosen_q=0.2500|ENERGY_ATTACH:available=1399,chosen=299,not_chosen=1100,zero_visit_rate=27.81%(389/1399),mean_opt_visit=1.09,mean_opt_q=-0.6915,mean_chosen_visit=11.05,mean_chosen_q=0.2931
ATTACH_PRIOR_DIST=special:n=914,attach_prior[mean=0.0751,min=0.0001,max=0.9987,hist=(<0.001:340,0.001-0.005:112,0.005-0.01:32,0.01-0.03:43,0.03-0.1:188,0.1-0.3:145,0.3-1.0:54,1.0:0)],chosen_prior[mean=0.2944,min=0.0000,max=0.9979,hist=(<0.001:113,0.001-0.005:29,0.005-0.01:28,0.01-0.03:102,0.03-0.1:141,0.1-0.3:116,0.3-1.0:385,1.0:0)]|plain:n=9547,attach_prior[mean=0.0365,min=0.0000,max=0.9992,hist=(<0.001:5089,0.001-0.005:710,0.005-0.01:349,0.01-0.03:1051,0.03-0.1:1413,0.1-0.3:669,0.3-1.0:266,1.0:0)],chosen_prior[mean=0.3988,min=0.0000,max=0.9993,hist=(<0.001:602,0.001-0.005:168,0.005-0.01:156,0.01-0.03:729,0.03-0.1:1281,0.1-0.3:1511,0.3-1.0:5100,1.0:0)]
SIM_KO_REACHED=2.45%(1749/71300)
SIM_KO_DEPTH_MEAN=2.9417
SIM_KO_DEPTH_MIN=1
SIM_KO_DEPTH_MAX=18
TRUE_RESULT_TALLY=P0_WINS=8,P1_WINS=17,DRAWS=0
=== DIAG_DUMP_END ===
=== DIAG_DUMP_BEGIN ===
DIAG_GAMES=25
TRUNC_TOTAL_NODES=63404
TRUNC_FIRED=2003
TRUNC_FIRE_RATE=3.16%
TRUNC_OPTCOUNT_HIST=1-8:36279|9-16:11513|17-32:8920|33-64:4689|65-128:1826|129-256:177|257+:0
TRUNC_FIRE_RATE_BY_TURN=1-2:0.00%(0/3808)|3-5:0.00%(0/4498)|6+:3.64%(2003/55098)
TRUNC_DROPPED_BY_TYPE=ABILITY:360,ATTACH:58600,EVOLVE:66,PLAY:1169,RETREAT:463
TRUNC_DROPPED_CRITICAL=0
TRUNC_DROPPED_CRITICAL_STATUS=PASS
MULTISELECT_FIXED_LEN=min=0,max=2:nodes=695,shorter_legal=695,shorter_generated=0,shorter_missed=695|min=0,max=3:nodes=287,shorter_legal=287,shorter_generated=0,shorter_missed=287|min=0,max=4:nodes=8,shorter_legal=8,shorter_generated=0,shorter_missed=8|min=0,max=5:nodes=41,shorter_legal=41,shorter_generated=0,shorter_missed=41|min=2,max=2:nodes=1416,shorter_legal=0,shorter_generated=0,shorter_missed=0
MULTISELECT_SHORTER_MISSED=1031
MULTISELECT_CTX_HIST=ATTACH_TO:1,DISCARD:1086,DISCARD_ENERGY_CARD:252,SETUP_BENCH_POKEMON:165,TO_BENCH:158,TO_DECK:132,TO_HAND:653
GAME_LENGTH_HIST=1-15:6|16-25:2|26-40:6|41-60:5|61+:6
WIN_BY_CAUSE=DECK_OUT:W=10,L=10,D=0|NO_ACTIVE:W=10,L=10,D=0|PRIZE:W=5,L=5,D=0
TURN_NODE_DIST=1-2:6.01%(3808/63404)|3-5:7.09%(4498/63404)|6+:86.90%(55098/63404)
SEARCH_MAX_DEPTH=18
SEARCH_MEAN_DEPTH=2.7811
MEAN_DEPTH=2.7811
SIMS_CONTRIBUTED=61740
SIMS_CONFIGURED=61740
SIMS_CONTRIBUTED_PER_DECISION=20.0000
SIMS_CONFIGURED_PER_DECISION=20.0000
PRIZE_REWARD_REACHED=4.11%(127/3087)
STALL_DRAW_PASS_TURNS=680
STALL_SHUFFLE_WITH_RESOURCES=44
MISSED_ATTACH=660
SHAPING_BREAKDOWN=BOARD_DECK_DIFF:0.013288|DAMAGE_PRESSURE:0.005569|DISRUPTION:0.000101|ENERGY_DENIAL:0.001010|ITEM_LOCK_PENALTY:-0.000006|KO_BONUS:0.000416|PARALYSIS:0.000000|PRIZE_DIFF:0.000674|SLEEP:0.000000
ROOT_OPTION_STATS=ATTACK:available=233,chosen=77,not_chosen=156,zero_visit_rate=22.75%(53/233),mean_opt_visit=2.24,mean_opt_q=-0.2350,mean_chosen_visit=11.45,mean_chosen_q=0.1099|ENERGY_ATTACH:available=1439,chosen=270,not_chosen=1169,zero_visit_rate=28.42%(409/1439),mean_opt_visit=1.22,mean_opt_q=-0.6377,mean_chosen_visit=11.06,mean_chosen_q=0.1043
ATTACH_PRIOR_DIST=special:n=1044,attach_prior[mean=0.0803,min=0.0001,max=0.9991,hist=(<0.001:442,0.001-0.005:122,0.005-0.01:34,0.01-0.03:34,0.03-0.1:219,0.1-0.3:115,0.3-1.0:78,1.0:0)],chosen_prior[mean=0.2801,min=0.0000,max=0.9991,hist=(<0.001:137,0.001-0.005:42,0.005-0.01:7,0.01-0.03:131,0.03-0.1:187,0.1-0.3:123,0.3-1.0:417,1.0:0)]|plain:n=13103,attach_prior[mean=0.0229,min=0.0000,max=0.9984,hist=(<0.001:8736,0.001-0.005:896,0.005-0.01:250,0.01-0.03:1062,0.03-0.1:1400,0.1-0.3:542,0.3-1.0:217,1.0:0)],chosen_prior[mean=0.5183,min=0.0000,max=0.9991,hist=(<0.001:941,0.001-0.005:309,0.005-0.01:40,0.01-0.03:626,0.03-0.1:1551,0.1-0.3:1192,0.3-1.0:8444,1.0:0)]
SIM_KO_REACHED=1.76%(1086/61740)
SIM_KO_DEPTH_MEAN=2.7799
SIM_KO_DEPTH_MIN=1
SIM_KO_DEPTH_MAX=8
TRUE_RESULT_TALLY=P0_WINS=15,P1_WINS=10,DRAWS=0
=== DIAG_DUMP_END ===
[m2] Training (25000 samples, 195 batches)...
[m2] Done (195 batches).
[dragapult] Training (25000 samples, 195 batches)...
[dragapult] Done (195 batches).
[grimmsnarl] Training (25000 samples, 195 batches)...
[grimmsnarl] Done (195 batches).
[lucario] Training (25000 samples, 195 batches)...
[lucario] Done (195 batches).
[mega_lopunny] Training (23874 samples, 186 batches)...
[mega_lopunny] Done (186 batches).
[slop_box] Training (25000 samples, 195 batches)...
[slop_box] Done (195 batches).
[m2] Saved: checkpoints/m2/model_2026-08-09_02-09.pth
[dragapult] Saved: checkpoints/dragapult/model_2026-08-09_02-09.pth
[grimmsnarl] Saved: checkpoints/grimmsnarl/model_2026-08-09_02-09.pth
[lucario] Saved: checkpoints/lucario/model_2026-08-09_02-09.pth
[mega_lopunny] Saved: checkpoints/mega_lopunny/model_2026-08-09_02-09.pth
[slop_box] Saved: checkpoints/slop_box/model_2026-08-09_02-09.pth
Games: 1400 | Epoch: 29.5m | Elapsed: 252.3m | ETA: 1009.3m
--- Main Epoch 6/25 ---
=== DIAG_DUMP_BEGIN ===
DIAG_GAMES=25
TRUNC_TOTAL_NODES=99523
TRUNC_FIRED=625
TRUNC_FIRE_RATE=0.63%
TRUNC_OPTCOUNT_HIST=1-8:78368|9-16:10034|17-32:5997|33-64:4499|65-128:625|129-256:0|257+:0
TRUNC_FIRE_RATE_BY_TURN=1-2:0.00%(0/5995)|3-5:0.00%(0/9206)|6+:0.74%(625/84322)
TRUNC_DROPPED_BY_TYPE=ABILITY:446,ATTACH:7803,PLAY:66,RETREAT:506
TRUNC_DROPPED_CRITICAL=0
TRUNC_DROPPED_CRITICAL_STATUS=PASS
MULTISELECT_FIXED_LEN=min=0,max=2:nodes=894,shorter_legal=894,shorter_generated=0,shorter_missed=894|min=0,max=3:nodes=462,shorter_legal=462,shorter_generated=0,shorter_missed=462|min=0,max=4:nodes=8,shorter_legal=8,shorter_generated=0,shorter_missed=8|min=0,max=5:nodes=295,shorter_legal=295,shorter_generated=0,shorter_missed=295|min=2,max=2:nodes=2847,shorter_legal=0,shorter_generated=0,shorter_missed=0
MULTISELECT_SHORTER_MISSED=1659
MULTISELECT_CTX_HIST=ATTACH_TO:1,DISCARD:2595,DISCARD_ENERGY_CARD:364,SETUP_BENCH_POKEMON:390,TO_HAND:1156
GAME_LENGTH_HIST=1-15:0|16-25:7|26-40:12|41-60:5|61+:1
WIN_BY_CAUSE=DECK_OUT:W=18,L=18,D=0|PRIZE:W=7,L=7,D=0
TURN_NODE_DIST=1-2:6.02%(5995/99523)|3-5:9.25%(9206/99523)|6+:84.73%(84322/99523)
SEARCH_MAX_DEPTH=18
SEARCH_MEAN_DEPTH=3.4925
MEAN_DEPTH=3.4925
SIMS_CONTRIBUTED=97140
SIMS_CONFIGURED=97140
SIMS_CONTRIBUTED_PER_DECISION=20.0000
SIMS_CONFIGURED_PER_DECISION=20.0000
PRIZE_REWARD_REACHED=2.00%(97/4857)
STALL_DRAW_PASS_TURNS=354
STALL_SHUFFLE_WITH_RESOURCES=86
MISSED_ATTACH=225
SHAPING_BREAKDOWN=BOARD_DECK_DIFF:0.014395|DAMAGE_PRESSURE:0.002969|DISRUPTION:0.000055|ENERGY_DENIAL:0.001067|ITEM_LOCK_PENALTY:0.000000|KO_BONUS:0.000255|PARALYSIS:0.000000|PRIZE_DIFF:-0.001650|SLEEP:0.000000
ROOT_OPTION_STATS=ATTACK:available=166,chosen=62,not_chosen=104,zero_visit_rate=31.93%(53/166),mean_opt_visit=1.61,mean_opt_q=-0.0205,mean_chosen_visit=13.91,mean_chosen_q=0.4605|ENERGY_ATTACH:available=1309,chosen=497,not_chosen=812,zero_visit_rate=25.06%(328/1309),mean_opt_visit=1.28,mean_opt_q=-0.5292,mean_chosen_visit=12.19,mean_chosen_q=0.2815
ATTACH_PRIOR_DIST=special:n=1778,attach_prior[mean=0.0934,min=0.0001,max=0.9996,hist=(<0.001:760,0.001-0.005:188,0.005-0.01:52,0.01-0.03:105,0.03-0.1:249,0.1-0.3:218,0.3-1.0:206,1.0:0)],chosen_prior[mean=0.4295,min=0.0001,max=0.9993,hist=(<0.001:67,0.001-0.005:33,0.005-0.01:25,0.01-0.03:98,0.03-0.1:167,0.1-0.3:254,0.3-1.0:1134,1.0:0)]|plain:n=7494,attach_prior[mean=0.0570,min=0.0000,max=0.9983,hist=(<0.001:3618,0.001-0.005:619,0.005-0.01:240,0.01-0.03:753,0.03-0.1:1211,0.1-0.3:652,0.3-1.0:401,1.0:0)],chosen_prior[mean=0.4444,min=0.0000,max=0.9995,hist=(<0.001:219,0.001-0.005:103,0.005-0.01:38,0.01-0.03:313,0.03-0.1:909,0.1-0.3:1140,0.3-1.0:4772,1.0:0)]
SIM_KO_REACHED=0.81%(789/97140)
SIM_KO_DEPTH_MEAN=3.5665
SIM_KO_DEPTH_MIN=1
SIM_KO_DEPTH_MAX=10
TRUE_RESULT_TALLY=P0_WINS=11,P1_WINS=14,DRAWS=0
=== DIAG_DUMP_END ===
=== DIAG_DUMP_BEGIN ===
DIAG_GAMES=25
TRUNC_TOTAL_NODES=94414
TRUNC_FIRED=887
TRUNC_FIRE_RATE=0.94%
TRUNC_OPTCOUNT_HIST=1-8:73664|9-16:10700|17-32:5896|33-64:3267|65-128:788|129-256:99|257+:0
TRUNC_FIRE_RATE_BY_TURN=1-2:0.00%(0/6812)|3-5:0.00%(0/7774)|6+:1.11%(887/79828)
TRUNC_DROPPED_BY_TYPE=ABILITY:839,ATTACH:19045,EVOLVE:4,PLAY:897,RETREAT:353
TRUNC_DROPPED_CRITICAL=0
TRUNC_DROPPED_CRITICAL_STATUS=PASS
MULTISELECT_FIXED_LEN=min=0,max=2:nodes=920,shorter_legal=920,shorter_generated=0,shorter_missed=920|min=0,max=3:nodes=38,shorter_legal=38,shorter_generated=0,shorter_missed=38|min=0,max=4:nodes=66,shorter_legal=66,shorter_generated=0,shorter_missed=66|min=0,max=5:nodes=267,shorter_legal=267,shorter_generated=0,shorter_missed=267|min=1,max=2:nodes=10,shorter_legal=10,shorter_generated=0,shorter_missed=10|min=2,max=2:nodes=3383,shorter_legal=0,shorter_generated=0,shorter_missed=0|min=3,max=3:nodes=101,shorter_legal=0,shorter_generated=0,shorter_missed=0
MULTISELECT_SHORTER_MISSED=1301
MULTISELECT_CTX_HIST=ATTACH_TO:165,DISCARD:1306,SETUP_BENCH_POKEMON:274,SKILL_ORDER:1894,TO_BENCH:862,TO_HAND:284
GAME_LENGTH_HIST=1-15:3|16-25:6|26-40:6|41-60:4|61+:6
WIN_BY_CAUSE=DECK_OUT:W=12,L=12,D=0|NO_ACTIVE:W=3,L=3,D=0|PRIZE:W=10,L=10,D=0
TURN_NODE_DIST=1-2:7.22%(6812/94414)|3-5:8.23%(7774/94414)|6+:84.55%(79828/94414)
SEARCH_MAX_DEPTH=20
SEARCH_MEAN_DEPTH=3.3198
MEAN_DEPTH=3.3198
SIMS_CONTRIBUTED=92380
SIMS_CONFIGURED=92380
SIMS_CONTRIBUTED_PER_DECISION=20.0000
SIMS_CONFIGURED_PER_DECISION=20.0000
PRIZE_REWARD_REACHED=6.47%(299/4619)
STALL_DRAW_PASS_TURNS=662
STALL_SHUFFLE_WITH_RESOURCES=122
MISSED_ATTACH=542
SHAPING_BREAKDOWN=BOARD_DECK_DIFF:0.010505|DAMAGE_PRESSURE:0.003608|DISRUPTION:0.000097|ENERGY_DENIAL:0.001171|ITEM_LOCK_PENALTY:-0.005210|KO_BONUS:0.001299|PARALYSIS:0.000000|PRIZE_DIFF:0.000463|SLEEP:0.000000
ROOT_OPTION_STATS=ATTACK:available=524,chosen=184,not_chosen=340,zero_visit_rate=19.08%(100/524),mean_opt_visit=2.02,mean_opt_q=-0.3912,mean_chosen_visit=12.51,mean_chosen_q=0.2189|ENERGY_ATTACH:available=1137,chosen=211,not_chosen=926,zero_visit_rate=39.67%(451/1137),mean_opt_visit=0.81,mean_opt_q=-0.7125,mean_chosen_visit=12.10,mean_chosen_q=0.1842
ATTACH_PRIOR_DIST=special:n=0,attach_prior[mean=nan,min=0.0000,max=0.0000,hist=(<0.001:0,0.001-0.005:0,0.005-0.01:0,0.01-0.03:0,0.03-0.1:0,0.1-0.3:0,0.3-1.0:0,1.0:0)],chosen_prior[mean=nan,min=0.0000,max=0.0000,hist=(<0.001:0,0.001-0.005:0,0.005-0.01:0,0.01-0.03:0,0.03-0.1:0,0.1-0.3:0,0.3-1.0:0,1.0:0)]|plain:n=8183,attach_prior[mean=0.0294,min=0.0000,max=0.9993,hist=(<0.001:6951,0.001-0.005:189,0.005-0.01:49,0.01-0.03:112,0.03-0.1:134,0.1-0.3:472,0.3-1.0:276,1.0:0)],chosen_prior[mean=0.4462,min=0.0000,max=0.9996,hist=(<0.001:729,0.001-0.005:68,0.005-0.01:82,0.01-0.03:63,0.03-0.1:177,0.1-0.3:2240,0.3-1.0:4824,1.0:0)]
SIM_KO_REACHED=3.17%(2932/92380)
SIM_KO_DEPTH_MEAN=3.4263
SIM_KO_DEPTH_MIN=1
SIM_KO_DEPTH_MAX=15
TRUE_RESULT_TALLY=P0_WINS=14,P1_WINS=11,DRAWS=0
=== DIAG_DUMP_END ===
=== DIAG_DUMP_BEGIN ===
DIAG_GAMES=25
TRUNC_TOTAL_NODES=65157
TRUNC_FIRED=2387
TRUNC_FIRE_RATE=3.66%
TRUNC_OPTCOUNT_HIST=1-8:36861|9-16:12698|17-32:8204|33-64:5007|65-128:2128|129-256:259|257+:0
TRUNC_FIRE_RATE_BY_TURN=1-2:0.00%(0/5119)|3-5:0.00%(0/5820)|6+:4.40%(2387/54218)
TRUNC_DROPPED_BY_TYPE=ABILITY:536,ATTACH:70974,EVOLVE:1,PLAY:2048,RETREAT:710
TRUNC_DROPPED_CRITICAL=0
TRUNC_DROPPED_CRITICAL_STATUS=PASS
MULTISELECT_FIXED_LEN=min=0,max=2:nodes=255,shorter_legal=255,shorter_generated=0,shorter_missed=255|min=0,max=3:nodes=39,shorter_legal=39,shorter_generated=0,shorter_missed=39|min=0,max=4:nodes=19,shorter_legal=19,shorter_generated=0,shorter_missed=19|min=0,max=5:nodes=201,shorter_legal=201,shorter_generated=0,shorter_missed=201|min=2,max=2:nodes=694,shorter_legal=0,shorter_generated=0,shorter_missed=0|min=3,max=3:nodes=272,shorter_legal=0,shorter_generated=0,shorter_missed=0|min=4,max=4:nodes=107,shorter_legal=0,shorter_generated=0,shorter_missed=0
MULTISELECT_SHORTER_MISSED=514
MULTISELECT_CTX_HIST=ATTACH_TO:53,DISCARD:694,SETUP_BENCH_POKEMON:252,SKILL_ORDER:253,TO_BENCH:209,TO_HAND:126
GAME_LENGTH_HIST=1-15:8|16-25:0|26-40:2|41-60:3|61+:12
WIN_BY_CAUSE=DECK_OUT:W=9,L=9,D=0|NO_ACTIVE:W=8,L=8,D=0|PRIZE:W=8,L=8,D=0
TURN_NODE_DIST=1-2:7.86%(5119/65157)|3-5:8.93%(5820/65157)|6+:83.21%(54218/65157)
SEARCH_MAX_DEPTH=20
SEARCH_MEAN_DEPTH=2.6331
MEAN_DEPTH=2.6331
SIMS_CONTRIBUTED=63320
SIMS_CONFIGURED=63320
SIMS_CONTRIBUTED_PER_DECISION=20.0000
SIMS_CONFIGURED_PER_DECISION=20.0000
PRIZE_REWARD_REACHED=5.69%(180/3166)
STALL_DRAW_PASS_TURNS=1010
STALL_SHUFFLE_WITH_RESOURCES=90
MISSED_ATTACH=1123
SHAPING_BREAKDOWN=BOARD_DECK_DIFF:0.000853|DAMAGE_PRESSURE:0.002172|DISRUPTION:0.000140|ENERGY_DENIAL:0.000696|ITEM_LOCK_PENALTY:-0.001804|KO_BONUS:0.001338|PARALYSIS:0.000000|PRIZE_DIFF:-0.001182|SLEEP:0.000000
ROOT_OPTION_STATS=ATTACK:available=525,chosen=261,not_chosen=264,zero_visit_rate=20.57%(108/525),mean_opt_visit=1.91,mean_opt_q=-0.3687,mean_chosen_visit=10.85,mean_chosen_q=0.0472|ENERGY_ATTACH:available=1763,chosen=204,not_chosen=1559,zero_visit_rate=40.95%(722/1763),mean_opt_visit=0.95,mean_opt_q=-0.5827,mean_chosen_visit=12.14,mean_chosen_q=0.0426
ATTACH_PRIOR_DIST=special:n=0,attach_prior[mean=nan,min=0.0000,max=0.0000,hist=(<0.001:0,0.001-0.005:0,0.005-0.01:0,0.01-0.03:0,0.03-0.1:0,0.1-0.3:0,0.3-1.0:0,1.0:0)],chosen_prior[mean=nan,min=0.0000,max=0.0000,hist=(<0.001:0,0.001-0.005:0,0.005-0.01:0,0.01-0.03:0,0.03-0.1:0,0.1-0.3:0,0.3-1.0:0,1.0:0)]|plain:n=18388,attach_prior[mean=0.0158,min=0.0000,max=0.9983,hist=(<0.001:15784,0.001-0.005:602,0.005-0.01:165,0.01-0.03:379,0.03-0.1:543,0.1-0.3:655,0.3-1.0:260,1.0:0)],chosen_prior[mean=0.6645,min=0.0000,max=0.9989,hist=(<0.001:792,0.001-0.005:79,0.005-0.01:16,0.01-0.03:94,0.03-0.1:293,0.1-0.3:1849,0.3-1.0:15265,1.0:0)]
SIM_KO_REACHED=2.35%(1489/63320)
SIM_KO_DEPTH_MEAN=2.9617
SIM_KO_DEPTH_MIN=1
SIM_KO_DEPTH_MAX=10
TRUE_RESULT_TALLY=P0_WINS=8,P1_WINS=17,DRAWS=0
=== DIAG_DUMP_END ===
=== DIAG_DUMP_BEGIN ===
DIAG_GAMES=25
TRUNC_TOTAL_NODES=63302
TRUNC_FIRED=3421
TRUNC_FIRE_RATE=5.40%
TRUNC_OPTCOUNT_HIST=1-8:30375|9-16:12714|17-32:11545|33-64:5247|65-128:2897|129-256:524|257+:0
TRUNC_FIRE_RATE_BY_TURN=1-2:0.00%(0/3820)|3-5:0.00%(0/5039)|6+:6.28%(3421/54443)
TRUNC_DROPPED_BY_TYPE=ABILITY:662,ATTACH:116605,PLAY:3333,RETREAT:2423
TRUNC_DROPPED_CRITICAL=0
TRUNC_DROPPED_CRITICAL_STATUS=PASS
MULTISELECT_FIXED_LEN=min=0,max=2:nodes=434,shorter_legal=434,shorter_generated=0,shorter_missed=434|min=0,max=3:nodes=182,shorter_legal=182,shorter_generated=0,shorter_missed=182|min=0,max=4:nodes=37,shorter_legal=37,shorter_generated=0,shorter_missed=37|min=0,max=5:nodes=154,shorter_legal=154,shorter_generated=0,shorter_missed=154|min=2,max=2:nodes=1378,shorter_legal=0,shorter_generated=0,shorter_missed=0|min=3,max=3:nodes=130,shorter_legal=0,shorter_generated=0,shorter_missed=0
MULTISELECT_SHORTER_MISSED=807
MULTISELECT_CTX_HIST=DISCARD:970,SETUP_BENCH_POKEMON:325,TO_BENCH:357,TO_DECK:245,TO_HAND:418
GAME_LENGTH_HIST=1-15:3|16-25:1|26-40:5|41-60:5|61+:11
WIN_BY_CAUSE=DECK_OUT:W=17,L=17,D=0|NO_ACTIVE:W=4,L=4,D=0|PRIZE:W=4,L=4,D=0
TURN_NODE_DIST=1-2:6.03%(3820/63302)|3-5:7.96%(5039/63302)|6+:86.01%(54443/63302)
SEARCH_MAX_DEPTH=10
SEARCH_MEAN_DEPTH=2.4648
MEAN_DEPTH=2.4648
SIMS_CONTRIBUTED=61480
SIMS_CONFIGURED=61480
SIMS_CONTRIBUTED_PER_DECISION=20.0000
SIMS_CONFIGURED_PER_DECISION=20.0000
PRIZE_REWARD_REACHED=3.12%(96/3074)
STALL_DRAW_PASS_TURNS=834
STALL_SHUFFLE_WITH_RESOURCES=16
MISSED_ATTACH=831
SHAPING_BREAKDOWN=BOARD_DECK_DIFF:0.013375|DAMAGE_PRESSURE:0.003065|DISRUPTION:0.000104|ENERGY_DENIAL:0.000806|ITEM_LOCK_PENALTY:0.000000|KO_BONUS:0.000960|PARALYSIS:0.000000|PRIZE_DIFF:-0.003833|SLEEP:0.000000
ROOT_OPTION_STATS=ATTACK:available=316,chosen=121,not_chosen=195,zero_visit_rate=12.34%(39/316),mean_opt_visit=2.69,mean_opt_q=-0.2620,mean_chosen_visit=9.69,mean_chosen_q=0.1077|ENERGY_ATTACH:available=1621,chosen=246,not_chosen=1375,zero_visit_rate=40.22%(652/1621),mean_opt_visit=1.17,mean_opt_q=-0.4512,mean_chosen_visit=12.19,mean_chosen_q=0.0823
ATTACH_PRIOR_DIST=special:n=0,attach_prior[mean=nan,min=0.0000,max=0.0000,hist=(<0.001:0,0.001-0.005:0,0.005-0.01:0,0.01-0.03:0,0.03-0.1:0,0.1-0.3:0,0.3-1.0:0,1.0:0)],chosen_prior[mean=nan,min=0.0000,max=0.0000,hist=(<0.001:0,0.001-0.005:0,0.005-0.01:0,0.01-0.03:0,0.03-0.1:0,0.1-0.3:0,0.3-1.0:0,1.0:0)]|plain:n=13540,attach_prior[mean=0.0251,min=0.0000,max=0.9957,hist=(<0.001:9785,0.001-0.005:761,0.005-0.01:337,0.01-0.03:529,0.03-0.1:822,0.1-0.3:1094,0.3-1.0:212,1.0:0)],chosen_prior[mean=0.5098,min=0.0000,max=0.9990,hist=(<0.001:1399,0.001-0.005:138,0.005-0.01:64,0.01-0.03:151,0.03-0.1:253,0.1-0.3:2444,0.3-1.0:9091,1.0:0)]
SIM_KO_REACHED=1.08%(666/61480)
SIM_KO_DEPTH_MEAN=2.7042
SIM_KO_DEPTH_MIN=1
SIM_KO_DEPTH_MAX=7
TRUE_RESULT_TALLY=P0_WINS=17,P1_WINS=8,DRAWS=0
=== DIAG_DUMP_END ===
=== DIAG_DUMP_BEGIN ===
DIAG_GAMES=25
TRUNC_TOTAL_NODES=85410
TRUNC_FIRED=671
TRUNC_FIRE_RATE=0.79%
TRUNC_OPTCOUNT_HIST=1-8:64356|9-16:10345|17-32:7027|33-64:3011|65-128:628|129-256:43|257+:0
TRUNC_FIRE_RATE_BY_TURN=1-2:0.00%(0/6082)|3-5:0.00%(0/7132)|6+:0.93%(671/72196)
TRUNC_DROPPED_BY_TYPE=ABILITY:296,ATTACH:15674,EVOLVE:56,PLAY:290,RETREAT:150
TRUNC_DROPPED_CRITICAL=0
TRUNC_DROPPED_CRITICAL_STATUS=PASS
MULTISELECT_FIXED_LEN=min=0,max=2:nodes=767,shorter_legal=767,shorter_generated=0,shorter_missed=767|min=0,max=3:nodes=360,shorter_legal=360,shorter_generated=0,shorter_missed=360|min=0,max=4:nodes=16,shorter_legal=16,shorter_generated=0,shorter_missed=16|min=0,max=5:nodes=77,shorter_legal=77,shorter_generated=0,shorter_missed=77|min=1,max=2:nodes=12,shorter_legal=12,shorter_generated=0,shorter_missed=12|min=2,max=2:nodes=2077,shorter_legal=0,shorter_generated=0,shorter_missed=0|min=3,max=3:nodes=31,shorter_legal=0,shorter_generated=0,shorter_missed=0
MULTISELECT_SHORTER_MISSED=1232
MULTISELECT_CTX_HIST=ATTACH_TO:64,DISCARD:1457,DISCARD_ENERGY_CARD:79,SETUP_BENCH_POKEMON:132,SKILL_ORDER:510,TO_BENCH:384,TO_DECK:1,TO_HAND:713
GAME_LENGTH_HIST=1-15:3|16-25:3|26-40:5|41-60:9|61+:5
WIN_BY_CAUSE=DECK_OUT:W=18,L=18,D=0|NO_ACTIVE:W=5,L=5,D=1|PRIZE:W=1,L=1,D=0
TURN_NODE_DIST=1-2:7.12%(6082/85410)|3-5:8.35%(7132/85410)|6+:84.53%(72196/85410)
SEARCH_MAX_DEPTH=19
SEARCH_MEAN_DEPTH=3.2856
MEAN_DEPTH=3.2856
SIMS_CONTRIBUTED=83120
SIMS_CONFIGURED=83120
SIMS_CONTRIBUTED_PER_DECISION=20.0000
SIMS_CONFIGURED_PER_DECISION=20.0000
PRIZE_REWARD_REACHED=2.82%(117/4156)
STALL_DRAW_PASS_TURNS=682
STALL_SHUFFLE_WITH_RESOURCES=90
MISSED_ATTACH=565
SHAPING_BREAKDOWN=BOARD_DECK_DIFF:0.016002|DAMAGE_PRESSURE:0.001860|DISRUPTION:0.000138|ENERGY_DENIAL:0.000761|ITEM_LOCK_PENALTY:-0.002752|KO_BONUS:0.000684|PARALYSIS:0.000000|PRIZE_DIFF:0.000323|SLEEP:0.000000
ROOT_OPTION_STATS=ATTACK:available=136,chosen=51,not_chosen=85,zero_visit_rate=30.15%(41/136),mean_opt_visit=2.54,mean_opt_q=0.3049,mean_chosen_visit=14.45,mean_chosen_q=0.6516|ENERGY_ATTACH:available=1354,chosen=308,not_chosen=1046,zero_visit_rate=32.64%(442/1354),mean_opt_visit=1.15,mean_opt_q=-0.6869,mean_chosen_visit=12.07,mean_chosen_q=0.3416
ATTACH_PRIOR_DIST=special:n=713,attach_prior[mean=0.0899,min=0.0001,max=0.9992,hist=(<0.001:212,0.001-0.005:129,0.005-0.01:30,0.01-0.03:54,0.03-0.1:135,0.1-0.3:90,0.3-1.0:63,1.0:0)],chosen_prior[mean=0.4184,min=0.0001,max=0.9992,hist=(<0.001:18,0.001-0.005:30,0.005-0.01:7,0.01-0.03:69,0.03-0.1:102,0.1-0.3:89,0.3-1.0:398,1.0:0)]|plain:n=8935,attach_prior[mean=0.0417,min=0.0000,max=0.9990,hist=(<0.001:4928,0.001-0.005:539,0.005-0.01:232,0.01-0.03:635,0.03-0.1:1747,0.1-0.3:559,0.3-1.0:295,1.0:0)],chosen_prior[mean=0.4475,min=0.0000,max=0.9997,hist=(<0.001:233,0.001-0.005:143,0.005-0.01:45,0.01-0.03:389,0.03-0.1:1520,0.1-0.3:1221,0.3-1.0:5384,1.0:0)]
SIM_KO_REACHED=1.28%(1068/83120)
SIM_KO_DEPTH_MEAN=3.2434
SIM_KO_DEPTH_MIN=1
SIM_KO_DEPTH_MAX=13
TRUE_RESULT_TALLY=P0_WINS=12,P1_WINS=12,DRAWS=1
=== DIAG_DUMP_END ===
=== DIAG_DUMP_BEGIN ===
DIAG_GAMES=25
TRUNC_TOTAL_NODES=63758
TRUNC_FIRED=1296
TRUNC_FIRE_RATE=2.03%
TRUNC_OPTCOUNT_HIST=1-8:40655|9-16:11197|17-32:6816|33-64:3794|65-128:1206|129-256:90|257+:0
TRUNC_FIRE_RATE_BY_TURN=1-2:0.00%(0/4214)|3-5:0.00%(0/4956)|6+:2.37%(1296/54588)
TRUNC_DROPPED_BY_TYPE=ABILITY:201,ATTACH:32217,EVOLVE:85,PLAY:684,RETREAT:754
TRUNC_DROPPED_CRITICAL=0
TRUNC_DROPPED_CRITICAL_STATUS=PASS
MULTISELECT_FIXED_LEN=min=0,max=2:nodes=467,shorter_legal=467,shorter_generated=0,shorter_missed=467|min=0,max=3:nodes=386,shorter_legal=386,shorter_generated=0,shorter_missed=386|min=0,max=5:nodes=20,shorter_legal=20,shorter_generated=0,shorter_missed=20|min=2,max=2:nodes=1184,shorter_legal=0,shorter_generated=0,shorter_missed=0|min=3,max=3:nodes=8,shorter_legal=0,shorter_generated=0,shorter_missed=0
MULTISELECT_SHORTER_MISSED=873
MULTISELECT_CTX_HIST=DISCARD:1134,DISCARD_ENERGY_CARD:84,SETUP_BENCH_POKEMON:111,SKILL_ORDER:3,TO_BENCH:107,TO_DECK:17,TO_HAND:609
GAME_LENGTH_HIST=1-15:3|16-25:4|26-40:5|41-60:7|61+:6
WIN_BY_CAUSE=DECK_OUT:W=13,L=13,D=0|NO_ACTIVE:W=10,L=10,D=0|PRIZE:W=2,L=2,D=0
TURN_NODE_DIST=1-2:6.61%(4214/63758)|3-5:7.77%(4956/63758)|6+:85.62%(54588/63758)
SEARCH_MAX_DEPTH=20
SEARCH_MEAN_DEPTH=2.8788
MEAN_DEPTH=2.8788
SIMS_CONTRIBUTED=62060
SIMS_CONFIGURED=62060
SIMS_CONTRIBUTED_PER_DECISION=20.0000
SIMS_CONFIGURED_PER_DECISION=20.0000
PRIZE_REWARD_REACHED=2.64%(82/3103)
STALL_DRAW_PASS_TURNS=679
STALL_SHUFFLE_WITH_RESOURCES=60
MISSED_ATTACH=658
SHAPING_BREAKDOWN=BOARD_DECK_DIFF:0.021220|DAMAGE_PRESSURE:0.001401|DISRUPTION:0.000122|ENERGY_DENIAL:0.000612|ITEM_LOCK_PENALTY:-0.000006|KO_BONUS:0.000386|PARALYSIS:0.000000|PRIZE_DIFF:-0.001604|SLEEP:0.000000
ROOT_OPTION_STATS=ATTACK:available=359,chosen=124,not_chosen=235,zero_visit_rate=43.45%(156/359),mean_opt_visit=1.11,mean_opt_q=-0.2758,mean_chosen_visit=14.80,mean_chosen_q=0.4692|ENERGY_ATTACH:available=1359,chosen=298,not_chosen=1061,zero_visit_rate=29.07%(395/1359),mean_opt_visit=1.20,mean_opt_q=-0.6713,mean_chosen_visit=11.82,mean_chosen_q=0.0903
ATTACH_PRIOR_DIST=special:n=744,attach_prior[mean=0.1215,min=0.0001,max=0.9990,hist=(<0.001:159,0.001-0.005:94,0.005-0.01:25,0.01-0.03:44,0.03-0.1:122,0.1-0.3:221,0.3-1.0:79,1.0:0)],chosen_prior[mean=0.3810,min=0.0001,max=0.9990,hist=(<0.001:23,0.001-0.005:21,0.005-0.01:9,0.01-0.03:42,0.03-0.1:205,0.1-0.3:73,0.3-1.0:371,1.0:0)]|plain:n=9821,attach_prior[mean=0.0332,min=0.0000,max=0.9997,hist=(<0.001:5921,0.001-0.005:582,0.005-0.01:273,0.01-0.03:632,0.03-0.1:1656,0.1-0.3:514,0.3-1.0:243,1.0:0)],chosen_prior[mean=0.5207,min=0.0001,max=0.9993,hist=(<0.001:374,0.001-0.005:97,0.005-0.01:118,0.01-0.03:270,0.03-0.1:1487,0.1-0.3:1251,0.3-1.0:6224,1.0:0)]
SIM_KO_REACHED=1.30%(807/62060)
SIM_KO_DEPTH_MEAN=2.6791
SIM_KO_DEPTH_MIN=1
SIM_KO_DEPTH_MAX=11
TRUE_RESULT_TALLY=P0_WINS=13,P1_WINS=12,DRAWS=0
=== DIAG_DUMP_END ===
[m2] Training (25000 samples, 195 batches)...
[m2] Done (195 batches).
[dragapult] Training (25000 samples, 195 batches)...
[dragapult] Done (195 batches).
[grimmsnarl] Training (25000 samples, 195 batches)...
[grimmsnarl] Done (195 batches).
[lucario] Training (25000 samples, 195 batches)...
[lucario] Done (195 batches).
[mega_lopunny] Training (25000 samples, 195 batches)...
[mega_lopunny] Done (195 batches).
[slop_box] Training (25000 samples, 195 batches)...
[slop_box] Done (195 batches).
[m2] Saved: checkpoints/m2/model_2026-08-09_02-37.pth
[dragapult] Saved: checkpoints/dragapult/model_2026-08-09_02-37.pth
[grimmsnarl] Saved: checkpoints/grimmsnarl/model_2026-08-09_02-37.pth
[lucario] Saved: checkpoints/lucario/model_2026-08-09_02-37.pth
[mega_lopunny] Saved: checkpoints/mega_lopunny/model_2026-08-09_02-37.pth
[slop_box] Saved: checkpoints/slop_box/model_2026-08-09_02-37.pth
Games: 1560 | Epoch: 28.8m | Elapsed: 281.1m | ETA: 890.2m
--- Main Epoch 7/25 ---
=== DIAG_DUMP_BEGIN ===
DIAG_GAMES=25
TRUNC_TOTAL_NODES=81753
TRUNC_FIRED=654
TRUNC_FIRE_RATE=0.80%
TRUNC_OPTCOUNT_HIST=1-8:60212|9-16:10606|17-32:7059|33-64:3222|65-128:644|129-256:10|257+:0
TRUNC_FIRE_RATE_BY_TURN=1-2:0.00%(0/5383)|3-5:0.00%(0/9302)|6+:0.98%(654/67068)
TRUNC_DROPPED_BY_TYPE=ABILITY:293,ATTACH:9292,PLAY:95,RETREAT:325
TRUNC_DROPPED_CRITICAL=0
TRUNC_DROPPED_CRITICAL_STATUS=PASS
MULTISELECT_FIXED_LEN=min=0,max=2:nodes=720,shorter_legal=720,shorter_generated=0,shorter_missed=720|min=0,max=3:nodes=378,shorter_legal=378,shorter_generated=0,shorter_missed=378|min=0,max=4:nodes=10,shorter_legal=10,shorter_generated=0,shorter_missed=10|min=0,max=5:nodes=123,shorter_legal=123,shorter_generated=0,shorter_missed=123|min=2,max=2:nodes=2863,shorter_legal=0,shorter_generated=0,shorter_missed=0|min=3,max=3:nodes=1,shorter_legal=0,shorter_generated=0,shorter_missed=0
MULTISELECT_SHORTER_MISSED=1231
MULTISELECT_CTX_HIST=DISCARD:2632,DISCARD_ENERGY_CARD:247,SETUP_BENCH_POKEMON:194,TO_BENCH:12,TO_DECK:45,TO_HAND:965
GAME_LENGTH_HIST=1-15:2|16-25:4|26-40:12|41-60:6|61+:1
WIN_BY_CAUSE=DECK_OUT:W=17,L=17,D=0|NO_ACTIVE:W=5,L=5,D=0|PRIZE:W=3,L=3,D=0
TURN_NODE_DIST=1-2:6.58%(5383/81753)|3-5:11.38%(9302/81753)|6+:82.04%(67068/81753)
SEARCH_MAX_DEPTH=20
SEARCH_MEAN_DEPTH=3.1547
MEAN_DEPTH=3.1547
SIMS_CONTRIBUTED=79580
SIMS_CONFIGURED=79580
SIMS_CONTRIBUTED_PER_DECISION=20.0000
SIMS_CONFIGURED_PER_DECISION=20.0000
PRIZE_REWARD_REACHED=1.88%(75/3979)
STALL_DRAW_PASS_TURNS=458
STALL_SHUFFLE_WITH_RESOURCES=81
MISSED_ATTACH=308
SHAPING_BREAKDOWN=BOARD_DECK_DIFF:0.016558|DAMAGE_PRESSURE:0.002553|DISRUPTION:0.000072|ENERGY_DENIAL:0.001051|ITEM_LOCK_PENALTY:-0.000002|KO_BONUS:0.000161|PARALYSIS:0.000000|PRIZE_DIFF:-0.000168|SLEEP:0.000000
ROOT_OPTION_STATS=ATTACK:available=158,chosen=46,not_chosen=112,zero_visit_rate=33.54%(53/158),mean_opt_visit=1.91,mean_opt_q=-0.0136,mean_chosen_visit=13.28,mean_chosen_q=0.3860|ENERGY_ATTACH:available=1273,chosen=430,not_chosen=843,zero_visit_rate=17.20%(219/1273),mean_opt_visit=1.41,mean_opt_q=-0.6539,mean_chosen_visit=10.62,mean_chosen_q=0.1135
ATTACH_PRIOR_DIST=special:n=1427,attach_prior[mean=0.0862,min=0.0001,max=0.9992,hist=(<0.001:766,0.001-0.005:151,0.005-0.01:26,0.01-0.03:55,0.03-0.1:101,0.1-0.3:173,0.3-1.0:155,1.0:0)],chosen_prior[mean=0.3565,min=0.0000,max=0.9992,hist=(<0.001:239,0.001-0.005:43,0.005-0.01:13,0.01-0.03:90,0.03-0.1:93,0.1-0.3:209,0.3-1.0:740,1.0:0)]|plain:n=7734,attach_prior[mean=0.0540,min=0.0000,max=0.9986,hist=(<0.001:4445,0.001-0.005:602,0.005-0.01:270,0.01-0.03:478,0.03-0.1:766,0.1-0.3:761,0.3-1.0:412,1.0:0)],chosen_prior[mean=0.4069,min=0.0000,max=0.9992,hist=(<0.001:908,0.001-0.005:142,0.005-0.01:78,0.01-0.03:283,0.03-0.1:509,0.1-0.3:1337,0.3-1.0:4477,1.0:0)]
SIM_KO_REACHED=0.87%(691/79580)
SIM_KO_DEPTH_MEAN=3.1505
SIM_KO_DEPTH_MIN=1
SIM_KO_DEPTH_MAX=11
TRUE_RESULT_TALLY=P0_WINS=15,P1_WINS=10,DRAWS=0
=== DIAG_DUMP_END ===
=== DIAG_DUMP_BEGIN ===
DIAG_GAMES=25
TRUNC_TOTAL_NODES=107415
TRUNC_FIRED=381
TRUNC_FIRE_RATE=0.35%
TRUNC_OPTCOUNT_HIST=1-8:88474|9-16:9284|17-32:5238|33-64:4038|65-128:370|129-256:11|257+:0
TRUNC_FIRE_RATE_BY_TURN=1-2:0.00%(0/6852)|3-5:0.00%(0/10863)|6+:0.42%(381/89700)
TRUNC_DROPPED_BY_TYPE=ABILITY:132,ATTACH:5515,PLAY:17,RETREAT:260
TRUNC_DROPPED_CRITICAL=0
TRUNC_DROPPED_CRITICAL_STATUS=PASS
MULTISELECT_FIXED_LEN=min=0,max=2:nodes=1031,shorter_legal=1031,shorter_generated=0,shorter_missed=1031|min=0,max=3:nodes=187,shorter_legal=187,shorter_generated=0,shorter_missed=187|min=0,max=4:nodes=14,shorter_legal=14,shorter_generated=0,shorter_missed=14|min=0,max=5:nodes=237,shorter_legal=237,shorter_generated=0,shorter_missed=237|min=1,max=2:nodes=32,shorter_legal=32,shorter_generated=0,shorter_missed=32|min=2,max=2:nodes=2435,shorter_legal=0,shorter_generated=0,shorter_missed=0
MULTISELECT_SHORTER_MISSED=1501
MULTISELECT_CTX_HIST=ATTACH_TO:32,DISCARD:1916,DISCARD_ENERGY_CARD:231,SETUP_BENCH_POKEMON:350,SKILL_ORDER:269,TO_BENCH:481,TO_HAND:657
GAME_LENGTH_HIST=1-15:0|16-25:2|26-40:10|41-60:10|61+:3
WIN_BY_CAUSE=DECK_OUT:W=21,L=21,D=0|PRIZE:W=4,L=4,D=0
TURN_NODE_DIST=1-2:6.38%(6852/107415)|3-5:10.11%(10863/107415)|6+:83.51%(89700/107415)
SEARCH_MAX_DEPTH=18
SEARCH_MEAN_DEPTH=3.4223
MEAN_DEPTH=3.4223
SIMS_CONTRIBUTED=104180
SIMS_CONFIGURED=104180
SIMS_CONTRIBUTED_PER_DECISION=20.0000
SIMS_CONFIGURED_PER_DECISION=20.0000
PRIZE_REWARD_REACHED=1.09%(57/5209)
STALL_DRAW_PASS_TURNS=459
STALL_SHUFFLE_WITH_RESOURCES=116
MISSED_ATTACH=242
SHAPING_BREAKDOWN=BOARD_DECK_DIFF:0.010662|DAMAGE_PRESSURE:0.002457|DISRUPTION:0.000073|ENERGY_DENIAL:0.001483|ITEM_LOCK_PENALTY:-0.003942|KO_BONUS:0.000140|PARALYSIS:0.000000|PRIZE_DIFF:-0.000928|SLEEP:0.000000
ROOT_OPTION_STATS=ATTACK:available=460,chosen=133,not_chosen=327,zero_visit_rate=39.78%(183/460),mean_opt_visit=1.11,mean_opt_q=-0.5308,mean_chosen_visit=14.46,mean_chosen_q=0.3951|ENERGY_ATTACH:available=1134,chosen=420,not_chosen=714,zero_visit_rate=21.34%(242/1134),mean_opt_visit=1.36,mean_opt_q=-0.6219,mean_chosen_visit=11.79,mean_chosen_q=0.2878
ATTACH_PRIOR_DIST=special:n=630,attach_prior[mean=0.1123,min=0.0001,max=0.9952,hist=(<0.001:300,0.001-0.005:56,0.005-0.01:8,0.01-0.03:28,0.03-0.1:33,0.1-0.3:103,0.3-1.0:102,1.0:0)],chosen_prior[mean=0.3502,min=0.0000,max=0.9987,hist=(<0.001:78,0.001-0.005:15,0.005-0.01:0,0.01-0.03:19,0.03-0.1:29,0.1-0.3:154,0.3-1.0:335,1.0:0)]|plain:n=6920,attach_prior[mean=0.0612,min=0.0000,max=0.9984,hist=(<0.001:4545,0.001-0.005:338,0.005-0.01:121,0.01-0.03:326,0.03-0.1:449,0.1-0.3:693,0.3-1.0:448,1.0:0)],chosen_prior[mean=0.4207,min=0.0000,max=0.9996,hist=(<0.001:1097,0.001-0.005:88,0.005-0.01:40,0.01-0.03:126,0.03-0.1:271,0.1-0.3:1195,0.3-1.0:4103,1.0:0)]
SIM_KO_REACHED=0.49%(506/104180)
SIM_KO_DEPTH_MEAN=3.4763
SIM_KO_DEPTH_MIN=1
SIM_KO_DEPTH_MAX=11
TRUE_RESULT_TALLY=P0_WINS=19,P1_WINS=6,DRAWS=0
=== DIAG_DUMP_END ===
=== DIAG_DUMP_BEGIN ===
DIAG_GAMES=25
TRUNC_TOTAL_NODES=72774
TRUNC_FIRED=2770
TRUNC_FIRE_RATE=3.81%
TRUNC_OPTCOUNT_HIST=1-8:47158|9-16:10996|17-32:7438|33-64:4412|65-128:1860|129-256:910|257+:0
TRUNC_FIRE_RATE_BY_TURN=1-2:0.00%(0/5747)|3-5:0.00%(0/7155)|6+:4.63%(2770/59872)
TRUNC_DROPPED_BY_TYPE=ABILITY:805,ATTACH:122480,EVOLVE:116,PLAY:3050,RETREAT:916
TRUNC_DROPPED_CRITICAL=0
TRUNC_DROPPED_CRITICAL_STATUS=PASS
MULTISELECT_FIXED_LEN=min=0,max=2:nodes=260,shorter_legal=260,shorter_generated=0,shorter_missed=260|min=0,max=3:nodes=90,shorter_legal=90,shorter_generated=0,shorter_missed=90|min=0,max=4:nodes=64,shorter_legal=64,shorter_generated=0,shorter_missed=64|min=0,max=5:nodes=350,shorter_legal=350,shorter_generated=0,shorter_missed=350|min=2,max=2:nodes=1724,shorter_legal=0,shorter_generated=0,shorter_missed=0|min=3,max=3:nodes=890,shorter_legal=0,shorter_generated=0,shorter_missed=0|min=4,max=4:nodes=563,shorter_legal=0,shorter_generated=0,shorter_missed=0|min=5,max=5:nodes=228,shorter_legal=0,shorter_generated=0,shorter_missed=0
MULTISELECT_SHORTER_MISSED=764
MULTISELECT_CTX_HIST=ATTACH_TO:206,DISCARD:416,SETUP_BENCH_POKEMON:381,SKILL_ORDER:2762,TO_BENCH:177,TO_HAND:227
GAME_LENGTH_HIST=1-15:6|16-25:3|26-40:5|41-60:3|61+:8
WIN_BY_CAUSE=DECK_OUT:W=6,L=6,D=0|NO_ACTIVE:W=9,L=9,D=0|PRIZE:W=10,L=10,D=0
TURN_NODE_DIST=1-2:7.90%(5747/72774)|3-5:9.83%(7155/72774)|6+:82.27%(59872/72774)
SEARCH_MAX_DEPTH=20
SEARCH_MEAN_DEPTH=3.0675
MEAN_DEPTH=3.0675
SIMS_CONTRIBUTED=71160
SIMS_CONFIGURED=71160
SIMS_CONTRIBUTED_PER_DECISION=20.0000
SIMS_CONFIGURED_PER_DECISION=20.0000
PRIZE_REWARD_REACHED=9.33%(332/3558)
STALL_DRAW_PASS_TURNS=748
STALL_SHUFFLE_WITH_RESOURCES=83
MISSED_ATTACH=802
SHAPING_BREAKDOWN=BOARD_DECK_DIFF:0.006358|DAMAGE_PRESSURE:0.004586|DISRUPTION:0.000133|ENERGY_DENIAL:0.001172|ITEM_LOCK_PENALTY:-0.003012|KO_BONUS:0.002251|PARALYSIS:0.000000|PRIZE_DIFF:0.000439|SLEEP:0.000000
ROOT_OPTION_STATS=ATTACK:available=580,chosen=285,not_chosen=295,zero_visit_rate=18.97%(110/580),mean_opt_visit=2.15,mean_opt_q=-0.3535,mean_chosen_visit=11.40,mean_chosen_q=0.0747|ENERGY_ATTACH:available=1477,chosen=191,not_chosen=1286,zero_visit_rate=44.28%(654/1477),mean_opt_visit=0.97,mean_opt_q=-0.5796,mean_chosen_visit=12.76,mean_chosen_q=0.0756
ATTACH_PRIOR_DIST=special:n=0,attach_prior[mean=nan,min=0.0000,max=0.0000,hist=(<0.001:0,0.001-0.005:0,0.005-0.01:0,0.01-0.03:0,0.03-0.1:0,0.1-0.3:0,0.3-1.0:0,1.0:0)],chosen_prior[mean=nan,min=0.0000,max=0.0000,hist=(<0.001:0,0.001-0.005:0,0.005-0.01:0,0.01-0.03:0,0.03-0.1:0,0.1-0.3:0,0.3-1.0:0,1.0:0)]|plain:n=17353,attach_prior[mean=0.0125,min=0.0000,max=0.9982,hist=(<0.001:15316,0.001-0.005:589,0.005-0.01:136,0.01-0.03:250,0.03-0.1:364,0.1-0.3:497,0.3-1.0:201,1.0:0)],chosen_prior[mean=0.6957,min=0.0000,max=0.9993,hist=(<0.001:782,0.001-0.005:74,0.005-0.01:32,0.01-0.03:142,0.03-0.1:229,0.1-0.3:2010,0.3-1.0:14084,1.0:0)]
SIM_KO_REACHED=4.09%(2908/71160)
SIM_KO_DEPTH_MEAN=3.0014
SIM_KO_DEPTH_MIN=1
SIM_KO_DEPTH_MAX=15
TRUE_RESULT_TALLY=P0_WINS=18,P1_WINS=7,DRAWS=0
=== DIAG_DUMP_END ===
=== DIAG_DUMP_BEGIN ===
DIAG_GAMES=25
TRUNC_TOTAL_NODES=65298
TRUNC_FIRED=4033
TRUNC_FIRE_RATE=6.18%
TRUNC_OPTCOUNT_HIST=1-8:30549|9-16:13302|17-32:11252|33-64:6162|65-128:3219|129-256:814|257+:0
TRUNC_FIRE_RATE_BY_TURN=1-2:0.00%(0/3773)|3-5:0.00%(0/3866)|6+:6.99%(4033/57659)
TRUNC_DROPPED_BY_TYPE=ABILITY:475,ATTACH:136025,EVOLVE:66,PLAY:4097,RETREAT:1150
TRUNC_DROPPED_CRITICAL=0
TRUNC_DROPPED_CRITICAL_STATUS=PASS
MULTISELECT_FIXED_LEN=min=0,max=2:nodes=497,shorter_legal=497,shorter_generated=0,shorter_missed=497|min=0,max=3:nodes=61,shorter_legal=61,shorter_generated=0,shorter_missed=61|min=0,max=4:nodes=29,shorter_legal=29,shorter_generated=0,shorter_missed=29|min=0,max=5:nodes=185,shorter_legal=185,shorter_generated=0,shorter_missed=185|min=2,max=2:nodes=1169,shorter_legal=0,shorter_generated=0,shorter_missed=0|min=3,max=3:nodes=14,shorter_legal=0,shorter_generated=0,shorter_missed=0
MULTISELECT_SHORTER_MISSED=772
MULTISELECT_CTX_HIST=DISCARD:1063,SETUP_BENCH_POKEMON:299,TO_BENCH:415,TO_DECK:86,TO_HAND:92
GAME_LENGTH_HIST=1-15:4|16-25:4|26-40:0|41-60:2|61+:15
WIN_BY_CAUSE=DECK_OUT:W=16,L=16,D=0|NO_ACTIVE:W=9,L=9,D=0
TURN_NODE_DIST=1-2:5.78%(3773/65298)|3-5:5.92%(3866/65298)|6+:88.30%(57659/65298)
SEARCH_MAX_DEPTH=20
SEARCH_MEAN_DEPTH=2.4059
MEAN_DEPTH=2.4059
SIMS_CONTRIBUTED=63400
SIMS_CONFIGURED=63400
SIMS_CONTRIBUTED_PER_DECISION=20.0000
SIMS_CONFIGURED_PER_DECISION=20.0000
PRIZE_REWARD_REACHED=2.37%(75/3170)
STALL_DRAW_PASS_TURNS=1149
STALL_SHUFFLE_WITH_RESOURCES=40
MISSED_ATTACH=1271
SHAPING_BREAKDOWN=BOARD_DECK_DIFF:0.005543|DAMAGE_PRESSURE:0.001128|DISRUPTION:0.000101|ENERGY_DENIAL:0.000225|ITEM_LOCK_PENALTY:0.000000|KO_BONUS:0.000637|PARALYSIS:0.000000|PRIZE_DIFF:-0.001722|SLEEP:0.000000
ROOT_OPTION_STATS=ATTACK:available=488,chosen=128,not_chosen=360,zero_visit_rate=33.81%(165/488),mean_opt_visit=1.09,mean_opt_q=-0.6172,mean_chosen_visit=10.12,mean_chosen_q=-0.0397|ENERGY_ATTACH:available=1994,chosen=209,not_chosen=1785,zero_visit_rate=39.02%(778/1994),mean_opt_visit=0.99,mean_opt_q=-0.6152,mean_chosen_visit=11.61,mean_chosen_q=-0.0232
ATTACH_PRIOR_DIST=special:n=0,attach_prior[mean=nan,min=0.0000,max=0.0000,hist=(<0.001:0,0.001-0.005:0,0.005-0.01:0,0.01-0.03:0,0.03-0.1:0,0.1-0.3:0,0.3-1.0:0,1.0:0)],chosen_prior[mean=nan,min=0.0000,max=0.0000,hist=(<0.001:0,0.001-0.005:0,0.005-0.01:0,0.01-0.03:0,0.03-0.1:0,0.1-0.3:0,0.3-1.0:0,1.0:0)]|plain:n=21807,attach_prior[mean=0.0162,min=0.0000,max=0.9983,hist=(<0.001:18139,0.001-0.005:820,0.005-0.01:251,0.01-0.03:549,0.03-0.1:752,0.1-0.3:1039,0.3-1.0:257,1.0:0)],chosen_prior[mean=0.6125,min=0.0000,max=0.9993,hist=(<0.001:1456,0.001-0.005:255,0.005-0.01:50,0.01-0.03:136,0.03-0.1:730,0.1-0.3:3143,0.3-1.0:16037,1.0:0)]
SIM_KO_REACHED=1.07%(680/63400)
SIM_KO_DEPTH_MEAN=2.6412
SIM_KO_DEPTH_MIN=1
SIM_KO_DEPTH_MAX=7
TRUE_RESULT_TALLY=P0_WINS=9,P1_WINS=16,DRAWS=0
=== DIAG_DUMP_END ===
=== DIAG_DUMP_BEGIN ===
DIAG_GAMES=25
TRUNC_TOTAL_NODES=69938
TRUNC_FIRED=1379
TRUNC_FIRE_RATE=1.97%
TRUNC_OPTCOUNT_HIST=1-8:48098|9-16:9586|17-32:7788|33-64:3087|65-128:881|129-256:498|257+:0
TRUNC_FIRE_RATE_BY_TURN=1-2:0.00%(0/5583)|3-5:0.00%(0/8526)|6+:2.47%(1379/55829)
TRUNC_DROPPED_BY_TYPE=ABILITY:214,ATTACH:67007,EVOLVE:4,PLAY:1144,RETREAT:892
TRUNC_DROPPED_CRITICAL=0
TRUNC_DROPPED_CRITICAL_STATUS=PASS
MULTISELECT_FIXED_LEN=min=0,max=2:nodes=592,shorter_legal=592,shorter_generated=0,shorter_missed=592|min=0,max=3:nodes=222,shorter_legal=222,shorter_generated=0,shorter_missed=222|min=0,max=4:nodes=10,shorter_legal=10,shorter_generated=0,shorter_missed=10|min=0,max=5:nodes=138,shorter_legal=138,shorter_generated=0,shorter_missed=138|min=1,max=2:nodes=12,shorter_legal=12,shorter_generated=0,shorter_missed=12|min=2,max=2:nodes=1378,shorter_legal=0,shorter_generated=0,shorter_missed=0|min=3,max=3:nodes=11,shorter_legal=0,shorter_generated=0,shorter_missed=0
MULTISELECT_SHORTER_MISSED=974
MULTISELECT_CTX_HIST=ATTACH_TO:31,DISCARD:1037,DISCARD_ENERGY_CARD:118,SETUP_BENCH_POKEMON:243,SKILL_ORDER:49,TO_BENCH:271,TO_DECK:149,TO_HAND:465
GAME_LENGTH_HIST=1-15:4|16-25:3|26-40:11|41-60:2|61+:5
WIN_BY_CAUSE=DECK_OUT:W=15,L=15,D=0|NO_ACTIVE:W=7,L=7,D=0|PRIZE:W=3,L=3,D=0
TURN_NODE_DIST=1-2:7.98%(5583/69938)|3-5:12.19%(8526/69938)|6+:79.83%(55829/69938)
SEARCH_MAX_DEPTH=16
SEARCH_MEAN_DEPTH=3.1545
MEAN_DEPTH=3.1545
SIMS_CONTRIBUTED=68360
SIMS_CONFIGURED=68360
SIMS_CONTRIBUTED_PER_DECISION=20.0000
SIMS_CONFIGURED_PER_DECISION=20.0000
PRIZE_REWARD_REACHED=2.93%(100/3418)
STALL_DRAW_PASS_TURNS=467
STALL_SHUFFLE_WITH_RESOURCES=53
MISSED_ATTACH=390
SHAPING_BREAKDOWN=BOARD_DECK_DIFF:0.020904|DAMAGE_PRESSURE:0.002773|DISRUPTION:0.000121|ENERGY_DENIAL:0.000814|ITEM_LOCK_PENALTY:-0.000705|KO_BONUS:0.000446|PARALYSIS:0.000000|PRIZE_DIFF:-0.001323|SLEEP:0.000000
ROOT_OPTION_STATS=ATTACK:available=296,chosen=82,not_chosen=214,zero_visit_rate=54.73%(162/296),mean_opt_visit=0.73,mean_opt_q=-0.3315,mean_chosen_visit=14.38,mean_chosen_q=0.4534|ENERGY_ATTACH:available=1121,chosen=299,not_chosen=822,zero_visit_rate=31.49%(353/1121),mean_opt_visit=1.40,mean_opt_q=-0.4251,mean_chosen_visit=12.54,mean_chosen_q=0.0945
ATTACH_PRIOR_DIST=special:n=393,attach_prior[mean=0.1077,min=0.0001,max=0.9444,hist=(<0.001:157,0.001-0.005:28,0.005-0.01:15,0.01-0.03:18,0.03-0.1:39,0.1-0.3:86,0.3-1.0:50,1.0:0)],chosen_prior[mean=0.3660,min=0.0000,max=0.9989,hist=(<0.001:16,0.001-0.005:4,0.005-0.01:1,0.01-0.03:5,0.03-0.1:29,0.1-0.3:145,0.3-1.0:193,1.0:0)]|plain:n=7107,attach_prior[mean=0.0408,min=0.0000,max=0.9993,hist=(<0.001:4461,0.001-0.005:574,0.005-0.01:218,0.01-0.03:322,0.03-0.1:640,0.1-0.3:613,0.3-1.0:279,1.0:0)],chosen_prior[mean=0.4968,min=0.0000,max=0.9991,hist=(<0.001:586,0.001-0.005:122,0.005-0.01:32,0.01-0.03:137,0.03-0.1:369,0.1-0.3:1207,0.3-1.0:4654,1.0:0)]
SIM_KO_REACHED=1.20%(820/68360)
SIM_KO_DEPTH_MEAN=2.8671
SIM_KO_DEPTH_MIN=1
SIM_KO_DEPTH_MAX=8
TRUE_RESULT_TALLY=P0_WINS=15,P1_WINS=10,DRAWS=0
=== DIAG_DUMP_END ===
=== DIAG_DUMP_BEGIN ===
DIAG_GAMES=25
TRUNC_TOTAL_NODES=78063
TRUNC_FIRED=1404
TRUNC_FIRE_RATE=1.80%
TRUNC_OPTCOUNT_HIST=1-8:54297|9-16:11560|17-32:7349|33-64:3453|65-128:1127|129-256:277|257+:0
TRUNC_FIRE_RATE_BY_TURN=1-2:0.00%(0/4668)|3-5:0.00%(0/5073)|6+:2.05%(1404/68322)
TRUNC_DROPPED_BY_TYPE=ABILITY:403,ATTACH:44260,EVOLVE:98,PLAY:714,RETREAT:475
TRUNC_DROPPED_CRITICAL=0
TRUNC_DROPPED_CRITICAL_STATUS=PASS
MULTISELECT_FIXED_LEN=min=0,max=2:nodes=552,shorter_legal=552,shorter_generated=0,shorter_missed=552|min=0,max=3:nodes=312,shorter_legal=312,shorter_generated=0,shorter_missed=312|min=0,max=4:nodes=17,shorter_legal=17,shorter_generated=0,shorter_missed=17|min=0,max=5:nodes=48,shorter_legal=48,shorter_generated=0,shorter_missed=48|min=2,max=2:nodes=2492,shorter_legal=0,shorter_generated=0,shorter_missed=0|min=3,max=3:nodes=19,shorter_legal=0,shorter_generated=0,shorter_missed=0
MULTISELECT_SHORTER_MISSED=929
MULTISELECT_CTX_HIST=ATTACH_TO:60,DISCARD:1208,DISCARD_ENERGY_CARD:95,SETUP_BENCH_POKEMON:144,SKILL_ORDER:1182,TO_BENCH:73,TO_DECK:2,TO_HAND:676
GAME_LENGTH_HIST=1-15:3|16-25:1|26-40:10|41-60:5|61+:6
WIN_BY_CAUSE=DECK_OUT:W=14,L=14,D=0|NO_ACTIVE:W=4,L=4,D=0|PRIZE:W=7,L=7,D=0
TURN_NODE_DIST=1-2:5.98%(4668/78063)|3-5:6.50%(5073/78063)|6+:87.52%(68322/78063)
SEARCH_MAX_DEPTH=18
SEARCH_MEAN_DEPTH=3.0974
MEAN_DEPTH=3.0974
SIMS_CONTRIBUTED=76020
SIMS_CONFIGURED=76020
SIMS_CONTRIBUTED_PER_DECISION=20.0000
SIMS_CONFIGURED_PER_DECISION=20.0000
PRIZE_REWARD_REACHED=4.13%(157/3801)
STALL_DRAW_PASS_TURNS=608
STALL_SHUFFLE_WITH_RESOURCES=107
MISSED_ATTACH=576
SHAPING_BREAKDOWN=BOARD_DECK_DIFF:0.025053|DAMAGE_PRESSURE:0.002738|DISRUPTION:0.000162|ENERGY_DENIAL:0.000965|ITEM_LOCK_PENALTY:-0.002198|KO_BONUS:0.001202|PARALYSIS:0.000000|PRIZE_DIFF:-0.002012|SLEEP:0.000000
ROOT_OPTION_STATS=ATTACK:available=272,chosen=125,not_chosen=147,zero_visit_rate=21.32%(58/272),mean_opt_visit=2.44,mean_opt_q=-0.1166,mean_chosen_visit=13.05,mean_chosen_q=0.4569|ENERGY_ATTACH:available=1457,chosen=338,not_chosen=1119,zero_visit_rate=30.95%(451/1457),mean_opt_visit=1.15,mean_opt_q=-0.6328,mean_chosen_visit=12.30,mean_chosen_q=0.2383
ATTACH_PRIOR_DIST=special:n=1291,attach_prior[mean=0.0797,min=0.0001,max=0.9985,hist=(<0.001:400,0.001-0.005:175,0.005-0.01:43,0.01-0.03:64,0.03-0.1:299,0.1-0.3:227,0.3-1.0:83,1.0:0)],chosen_prior[mean=0.3679,min=0.0000,max=0.9985,hist=(<0.001:103,0.001-0.005:13,0.005-0.01:11,0.01-0.03:123,0.03-0.1:261,0.1-0.3:130,0.3-1.0:650,1.0:0)]|plain:n=10027,attach_prior[mean=0.0394,min=0.0000,max=0.9982,hist=(<0.001:5670,0.001-0.005:612,0.005-0.01:293,0.01-0.03:949,0.03-0.1:1490,0.1-0.3:715,0.3-1.0:298,1.0:0)],chosen_prior[mean=0.4556,min=0.0000,max=0.9991,hist=(<0.001:585,0.001-0.005:59,0.005-0.01:112,0.01-0.03:547,0.03-0.1:1255,0.1-0.3:1892,0.3-1.0:5577,1.0:0)]
SIM_KO_REACHED=2.06%(1564/76020)
SIM_KO_DEPTH_MEAN=3.0614
SIM_KO_DEPTH_MIN=1
SIM_KO_DEPTH_MAX=12
TRUE_RESULT_TALLY=P0_WINS=14,P1_WINS=11,DRAWS=0
=== DIAG_DUMP_END ===
[m2] Training (25000 samples, 195 batches)...
[m2] Done (195 batches).
[dragapult] Training (25000 samples, 195 batches)...
[dragapult] Done (195 batches).
[grimmsnarl] Training (25000 samples, 195 batches)...
[grimmsnarl] Done (195 batches).
[lucario] Training (25000 samples, 195 batches)...
[lucario] Done (195 batches).
[mega_lopunny] Training (25000 samples, 195 batches)...
[mega_lopunny] Done (195 batches).
[slop_box] Training (25000 samples, 195 batches)...
[slop_box] Done (195 batches).
[m2] Saved: checkpoints/m2/model_2026-08-09_03-07.pth
[dragapult] Saved: checkpoints/dragapult/model_2026-08-09_03-07.pth
[grimmsnarl] Saved: checkpoints/grimmsnarl/model_2026-08-09_03-07.pth
[lucario] Saved: checkpoints/lucario/model_2026-08-09_03-07.pth
[mega_lopunny] Saved: checkpoints/mega_lopunny/model_2026-08-09_03-07.pth
[slop_box] Saved: checkpoints/slop_box/model_2026-08-09_03-07.pth
Games: 1720 | Epoch: 29.9m | Elapsed: 311.0m | ETA: 799.7m
--- Main Epoch 8/25 ---
=== DIAG_DUMP_BEGIN ===
DIAG_GAMES=25
TRUNC_TOTAL_NODES=73300
TRUNC_FIRED=932
TRUNC_FIRE_RATE=1.27%
TRUNC_OPTCOUNT_HIST=1-8:49293|9-16:10647|17-32:7533|33-64:4895|65-128:849|129-256:83|257+:0
TRUNC_FIRE_RATE_BY_TURN=1-2:0.00%(0/4678)|3-5:0.00%(0/7403)|6+:1.52%(932/61219)
TRUNC_DROPPED_BY_TYPE=ABILITY:499,ATTACH:21235,EVOLVE:103,PLAY:416,RETREAT:471
TRUNC_DROPPED_CRITICAL=0
TRUNC_DROPPED_CRITICAL_STATUS=PASS
MULTISELECT_FIXED_LEN=min=0,max=2:nodes=838,shorter_legal=838,shorter_generated=0,shorter_missed=838|min=0,max=3:nodes=368,shorter_legal=368,shorter_generated=0,shorter_missed=368|min=0,max=4:nodes=5,shorter_legal=5,shorter_generated=0,shorter_missed=5|min=0,max=5:nodes=49,shorter_legal=49,shorter_generated=0,shorter_missed=49|min=2,max=2:nodes=1786,shorter_legal=0,shorter_generated=0,shorter_missed=0|min=3,max=3:nodes=11,shorter_legal=0,shorter_generated=0,shorter_missed=0
MULTISELECT_SHORTER_MISSED=1260
MULTISELECT_CTX_HIST=DISCARD:1513,DISCARD_ENERGY_CARD:237,SETUP_BENCH_POKEMON:177,TO_BENCH:208,TO_DECK:110,TO_HAND:812
GAME_LENGTH_HIST=1-15:2|16-25:7|26-40:8|41-60:6|61+:2
WIN_BY_CAUSE=DECK_OUT:W=15,L=15,D=0|NO_ACTIVE:W=5,L=5,D=0|PRIZE:W=5,L=5,D=0
TURN_NODE_DIST=1-2:6.38%(4678/73300)|3-5:10.10%(7403/73300)|6+:83.52%(61219/73300)
SEARCH_MAX_DEPTH=19
SEARCH_MEAN_DEPTH=3.1597
MEAN_DEPTH=3.1597
SIMS_CONTRIBUTED=71560
SIMS_CONFIGURED=71560
SIMS_CONTRIBUTED_PER_DECISION=20.0000
SIMS_CONFIGURED_PER_DECISION=20.0000
PRIZE_REWARD_REACHED=2.35%(84/3578)
STALL_DRAW_PASS_TURNS=397
STALL_SHUFFLE_WITH_RESOURCES=64
MISSED_ATTACH=356
SHAPING_BREAKDOWN=BOARD_DECK_DIFF:0.029268|DAMAGE_PRESSURE:0.002793|DISRUPTION:0.000077|ENERGY_DENIAL:0.000931|ITEM_LOCK_PENALTY:-0.000007|KO_BONUS:0.000169|PARALYSIS:0.000000|PRIZE_DIFF:-0.000858|SLEEP:0.000000
ROOT_OPTION_STATS=ATTACK:available=236,chosen=81,not_chosen=155,zero_visit_rate=26.27%(62/236),mean_opt_visit=1.97,mean_opt_q=-0.2066,mean_chosen_visit=11.56,mean_chosen_q=0.2540|ENERGY_ATTACH:available=1264,chosen=363,not_chosen=901,zero_visit_rate=26.58%(336/1264),mean_opt_visit=1.29,mean_opt_q=-0.5428,mean_chosen_visit=11.73,mean_chosen_q=0.1282
ATTACH_PRIOR_DIST=special:n=1350,attach_prior[mean=0.0926,min=0.0001,max=0.9990,hist=(<0.001:552,0.001-0.005:102,0.005-0.01:36,0.01-0.03:59,0.03-0.1:210,0.1-0.3:270,0.3-1.0:121,1.0:0)],chosen_prior[mean=0.3863,min=0.0001,max=0.9990,hist=(<0.001:58,0.001-0.005:23,0.005-0.01:1,0.01-0.03:92,0.03-0.1:239,0.1-0.3:193,0.3-1.0:744,1.0:0)]|plain:n=7649,attach_prior[mean=0.0447,min=0.0000,max=0.9987,hist=(<0.001:4376,0.001-0.005:532,0.005-0.01:184,0.01-0.03:413,0.03-0.1:1155,0.1-0.3:712,0.3-1.0:277,1.0:0)],chosen_prior[mean=0.4317,min=0.0000,max=0.9992,hist=(<0.001:441,0.001-0.005:97,0.005-0.01:34,0.01-0.03:158,0.03-0.1:870,0.1-0.3:1452,0.3-1.0:4597,1.0:0)]
SIM_KO_REACHED=1.18%(844/71560)
SIM_KO_DEPTH_MEAN=3.3353
SIM_KO_DEPTH_MIN=1
SIM_KO_DEPTH_MAX=12
TRUE_RESULT_TALLY=P0_WINS=13,P1_WINS=12,DRAWS=0
=== DIAG_DUMP_END ===
=== DIAG_DUMP_BEGIN ===
DIAG_GAMES=25
TRUNC_TOTAL_NODES=102567
TRUNC_FIRED=1209
TRUNC_FIRE_RATE=1.18%
TRUNC_OPTCOUNT_HIST=1-8:78026|9-16:12676|17-32:6200|33-64:4456|65-128:1107|129-256:102|257+:0
TRUNC_FIRE_RATE_BY_TURN=1-2:0.00%(0/5227)|3-5:0.00%(0/6189)|6+:1.33%(1209/91151)
TRUNC_DROPPED_BY_TYPE=ABILITY:679,ATTACH:27416,PLAY:224,RETREAT:723
TRUNC_DROPPED_CRITICAL=0
TRUNC_DROPPED_CRITICAL_STATUS=PASS
MULTISELECT_FIXED_LEN=min=0,max=2:nodes=1108,shorter_legal=1108,shorter_generated=0,shorter_missed=1108|min=0,max=3:nodes=500,shorter_legal=500,shorter_generated=0,shorter_missed=500|min=0,max=4:nodes=18,shorter_legal=18,shorter_generated=0,shorter_missed=18|min=0,max=5:nodes=241,shorter_legal=241,shorter_generated=0,shorter_missed=241|min=1,max=2:nodes=13,shorter_legal=13,shorter_generated=0,shorter_missed=13|min=2,max=2:nodes=2985,shorter_legal=0,shorter_generated=0,shorter_missed=0
MULTISELECT_SHORTER_MISSED=1880
MULTISELECT_CTX_HIST=ATTACH_TO:13,DISCARD:2649,DISCARD_ENERGY_CARD:407,SETUP_BENCH_POKEMON:308,SKILL_ORDER:59,TO_BENCH:101,TO_HAND:1328
GAME_LENGTH_HIST=1-15:0|16-25:3|26-40:6|41-60:14|61+:2
WIN_BY_CAUSE=DECK_OUT:W=16,L=16,D=0|PRIZE:W=9,L=9,D=0
TURN_NODE_DIST=1-2:5.10%(5227/102567)|3-5:6.03%(6189/102567)|6+:88.87%(91151/102567)
SEARCH_MAX_DEPTH=17
SEARCH_MEAN_DEPTH=3.2456
MEAN_DEPTH=3.2456
SIMS_CONTRIBUTED=99760
SIMS_CONFIGURED=99760
SIMS_CONTRIBUTED_PER_DECISION=20.0000
SIMS_CONFIGURED_PER_DECISION=20.0000
PRIZE_REWARD_REACHED=1.92%(96/4988)
STALL_DRAW_PASS_TURNS=579
STALL_SHUFFLE_WITH_RESOURCES=116
MISSED_ATTACH=460
SHAPING_BREAKDOWN=BOARD_DECK_DIFF:0.011643|DAMAGE_PRESSURE:0.002823|DISRUPTION:0.000061|ENERGY_DENIAL:0.000833|ITEM_LOCK_PENALTY:-0.000390|KO_BONUS:0.000103|PARALYSIS:0.000000|PRIZE_DIFF:-0.001295|SLEEP:0.000000
ROOT_OPTION_STATS=ATTACK:available=218,chosen=69,not_chosen=149,zero_visit_rate=49.54%(108/218),mean_opt_visit=1.27,mean_opt_q=0.1928,mean_chosen_visit=14.62,mean_chosen_q=0.6950|ENERGY_ATTACH:available=1644,chosen=452,not_chosen=1192,zero_visit_rate=23.48%(386/1644),mean_opt_visit=1.06,mean_opt_q=-0.6887,mean_chosen_visit=11.12,mean_chosen_q=0.3248
ATTACH_PRIOR_DIST=special:n=2156,attach_prior[mean=0.0861,min=0.0001,max=0.9996,hist=(<0.001:819,0.001-0.005:264,0.005-0.01:67,0.01-0.03:117,0.03-0.1:341,0.1-0.3:367,0.3-1.0:181,1.0:0)],chosen_prior[mean=0.3713,min=0.0000,max=0.9996,hist=(<0.001:209,0.001-0.005:67,0.005-0.01:19,0.01-0.03:111,0.03-0.1:357,0.1-0.3:278,0.3-1.0:1115,1.0:0)]|plain:n=11479,attach_prior[mean=0.0410,min=0.0000,max=0.9986,hist=(<0.001:5917,0.001-0.005:859,0.005-0.01:350,0.01-0.03:1134,0.03-0.1:2142,0.1-0.3:677,0.3-1.0:400,1.0:0)],chosen_prior[mean=0.4059,min=0.0000,max=0.9996,hist=(<0.001:921,0.001-0.005:198,0.005-0.01:105,0.01-0.03:546,0.03-0.1:1763,0.1-0.3:1657,0.3-1.0:6289,1.0:0)]
SIM_KO_REACHED=1.02%(1015/99760)
SIM_KO_DEPTH_MEAN=3.4906
SIM_KO_DEPTH_MIN=1
SIM_KO_DEPTH_MAX=9
TRUE_RESULT_TALLY=P0_WINS=13,P1_WINS=12,DRAWS=0
=== DIAG_DUMP_END ===
=== DIAG_DUMP_BEGIN ===
DIAG_GAMES=25
TRUNC_TOTAL_NODES=97430
TRUNC_FIRED=939
TRUNC_FIRE_RATE=0.96%
TRUNC_OPTCOUNT_HIST=1-8:75645|9-16:10505|17-32:6558|33-64:3783|65-128:825|129-256:114|257+:0
TRUNC_FIRE_RATE_BY_TURN=1-2:0.00%(0/7329)|3-5:0.00%(0/9271)|6+:1.16%(939/80830)
TRUNC_DROPPED_BY_TYPE=ABILITY:801,ATTACH:22957,EVOLVE:16,PLAY:688,RETREAT:351
TRUNC_DROPPED_CRITICAL=0
TRUNC_DROPPED_CRITICAL_STATUS=PASS
MULTISELECT_FIXED_LEN=min=0,max=2:nodes=755,shorter_legal=755,shorter_generated=0,shorter_missed=755|min=0,max=3:nodes=66,shorter_legal=66,shorter_generated=0,shorter_missed=66|min=0,max=4:nodes=59,shorter_legal=59,shorter_generated=0,shorter_missed=59|min=0,max=5:nodes=305,shorter_legal=305,shorter_generated=0,shorter_missed=305|min=1,max=2:nodes=33,shorter_legal=33,shorter_generated=0,shorter_missed=33|min=2,max=2:nodes=2520,shorter_legal=0,shorter_generated=0,shorter_missed=0|min=3,max=3:nodes=1158,shorter_legal=0,shorter_generated=0,shorter_missed=0|min=4,max=4:nodes=386,shorter_legal=0,shorter_generated=0,shorter_missed=0|min=5,max=5:nodes=235,shorter_legal=0,shorter_generated=0,shorter_missed=0|min=6,max=6:nodes=1,shorter_legal=0,shorter_generated=0,shorter_missed=0
MULTISELECT_SHORTER_MISSED=1218
MULTISELECT_CTX_HIST=ATTACH_TO:311,DISCARD:944,SETUP_BENCH_POKEMON:298,SKILL_ORDER:3085,TO_BENCH:609,TO_HAND:271
GAME_LENGTH_HIST=1-15:1|16-25:3|26-40:8|41-60:6|61+:7
WIN_BY_CAUSE=DECK_OUT:W=12,L=12,D=0|NO_ACTIVE:W=1,L=1,D=0|PRIZE:W=12,L=12,D=0
TURN_NODE_DIST=1-2:7.52%(7329/97430)|3-5:9.52%(9271/97430)|6+:82.96%(80830/97430)
SEARCH_MAX_DEPTH=19
SEARCH_MEAN_DEPTH=3.2786
MEAN_DEPTH=3.2786
SIMS_CONTRIBUTED=94540
SIMS_CONFIGURED=94540
SIMS_CONTRIBUTED_PER_DECISION=20.0000
SIMS_CONFIGURED_PER_DECISION=20.0000
PRIZE_REWARD_REACHED=7.09%(335/4727)
STALL_DRAW_PASS_TURNS=698
STALL_SHUFFLE_WITH_RESOURCES=119
MISSED_ATTACH=532
SHAPING_BREAKDOWN=BOARD_DECK_DIFF:0.013592|DAMAGE_PRESSURE:0.003204|DISRUPTION:0.000097|ENERGY_DENIAL:0.001364|ITEM_LOCK_PENALTY:-0.004092|KO_BONUS:0.001930|PARALYSIS:0.000000|PRIZE_DIFF:-0.000341|SLEEP:0.000000
ROOT_OPTION_STATS=ATTACK:available=453,chosen=192,not_chosen=261,zero_visit_rate=22.52%(102/453),mean_opt_visit=1.82,mean_opt_q=-0.3373,mean_chosen_visit=13.20,mean_chosen_q=0.2861|ENERGY_ATTACH:available=1229,chosen=238,not_chosen=991,zero_visit_rate=39.71%(488/1229),mean_opt_visit=0.89,mean_opt_q=-0.6636,mean_chosen_visit=12.78,mean_chosen_q=0.1624
ATTACH_PRIOR_DIST=special:n=0,attach_prior[mean=nan,min=0.0000,max=0.0000,hist=(<0.001:0,0.001-0.005:0,0.005-0.01:0,0.01-0.03:0,0.03-0.1:0,0.1-0.3:0,0.3-1.0:0,1.0:0)],chosen_prior[mean=nan,min=0.0000,max=0.0000,hist=(<0.001:0,0.001-0.005:0,0.005-0.01:0,0.01-0.03:0,0.03-0.1:0,0.1-0.3:0,0.3-1.0:0,1.0:0)]|plain:n=10400,attach_prior[mean=0.0265,min=0.0000,max=0.9989,hist=(<0.001:8498,0.001-0.005:373,0.005-0.01:168,0.01-0.03:228,0.03-0.1:394,0.1-0.3:447,0.3-1.0:292,1.0:0)],chosen_prior[mean=0.5496,min=0.0000,max=0.9995,hist=(<0.001:519,0.001-0.005:154,0.005-0.01:29,0.01-0.03:55,0.03-0.1:417,0.1-0.3:1750,0.3-1.0:7476,1.0:0)]
SIM_KO_REACHED=3.35%(3165/94540)
SIM_KO_DEPTH_MEAN=2.9302
SIM_KO_DEPTH_MIN=1
SIM_KO_DEPTH_MAX=13
TRUE_RESULT_TALLY=P0_WINS=10,P1_WINS=15,DRAWS=0
=== DIAG_DUMP_END ===
=== DIAG_DUMP_BEGIN ===
DIAG_GAMES=25
TRUNC_TOTAL_NODES=65798
TRUNC_FIRED=3813
TRUNC_FIRE_RATE=5.80%
TRUNC_OPTCOUNT_HIST=1-8:29574|9-16:14048|17-32:11160|33-64:7203|65-128:3094|129-256:719|257+:0
TRUNC_FIRE_RATE_BY_TURN=1-2:0.00%(0/4144)|3-5:0.00%(0/4673)|6+:6.69%(3813/56981)
TRUNC_DROPPED_BY_TYPE=ABILITY:177,ATTACH:135575,EVOLVE:80,PLAY:4615,RETREAT:518
TRUNC_DROPPED_CRITICAL=0
TRUNC_DROPPED_CRITICAL_STATUS=PASS
MULTISELECT_FIXED_LEN=min=0,max=2:nodes=386,shorter_legal=386,shorter_generated=0,shorter_missed=386|min=0,max=3:nodes=24,shorter_legal=24,shorter_generated=0,shorter_missed=24|min=0,max=4:nodes=23,shorter_legal=23,shorter_generated=0,shorter_missed=23|min=0,max=5:nodes=197,shorter_legal=197,shorter_generated=0,shorter_missed=197|min=2,max=2:nodes=694,shorter_legal=0,shorter_generated=0,shorter_missed=0
MULTISELECT_SHORTER_MISSED=630
MULTISELECT_CTX_HIST=ATTACH_TO:28,DISCARD:604,SETUP_BENCH_POKEMON:275,TO_BENCH:316,TO_HAND:101
GAME_LENGTH_HIST=1-15:5|16-25:2|26-40:2|41-60:1|61+:15
WIN_BY_CAUSE=DECK_OUT:W=12,L=12,D=0|NO_ACTIVE:W=10,L=10,D=0|PRIZE:W=3,L=3,D=0
TURN_NODE_DIST=1-2:6.30%(4144/65798)|3-5:7.10%(4673/65798)|6+:86.60%(56981/65798)
SEARCH_MAX_DEPTH=17
SEARCH_MEAN_DEPTH=2.4720
MEAN_DEPTH=2.4720
SIMS_CONTRIBUTED=64000
SIMS_CONFIGURED=64000
SIMS_CONTRIBUTED_PER_DECISION=20.0000
SIMS_CONFIGURED_PER_DECISION=20.0000
PRIZE_REWARD_REACHED=4.16%(133/3200)
STALL_DRAW_PASS_TURNS=1319
STALL_SHUFFLE_WITH_RESOURCES=80
MISSED_ATTACH=1607
SHAPING_BREAKDOWN=BOARD_DECK_DIFF:0.002367|DAMAGE_PRESSURE:0.001264|DISRUPTION:0.000143|ENERGY_DENIAL:0.000445|ITEM_LOCK_PENALTY:0.000000|KO_BONUS:0.000714|PARALYSIS:0.000000|PRIZE_DIFF:-0.000212|SLEEP:0.000000
ROOT_OPTION_STATS=ATTACK:available=454,chosen=195,not_chosen=259,zero_visit_rate=18.06%(82/454),mean_opt_visit=1.88,mean_opt_q=-0.4232,mean_chosen_visit=10.71,mean_chosen_q=0.0881|ENERGY_ATTACH:available=2319,chosen=169,not_chosen=2150,zero_visit_rate=42.86%(994/2319),mean_opt_visit=0.99,mean_opt_q=-0.5018,mean_chosen_visit=12.41,mean_chosen_q=-0.0123
ATTACH_PRIOR_DIST=special:n=0,attach_prior[mean=nan,min=0.0000,max=0.0000,hist=(<0.001:0,0.001-0.005:0,0.005-0.01:0,0.01-0.03:0,0.03-0.1:0,0.1-0.3:0,0.3-1.0:0,1.0:0)],chosen_prior[mean=nan,min=0.0000,max=0.0000,hist=(<0.001:0,0.001-0.005:0,0.005-0.01:0,0.01-0.03:0,0.03-0.1:0,0.1-0.3:0,0.3-1.0:0,1.0:0)]|plain:n=31334,attach_prior[mean=0.0080,min=0.0000,max=0.9960,hist=(<0.001:28513,0.001-0.005:737,0.005-0.01:334,0.01-0.03:395,0.03-0.1:519,0.1-0.3:644,0.3-1.0:192,1.0:0)],chosen_prior[mean=0.7248,min=0.0000,max=0.9990,hist=(<0.001:1646,0.001-0.005:151,0.005-0.01:27,0.01-0.03:78,0.03-0.1:408,0.1-0.3:3340,0.3-1.0:25684,1.0:0)]
SIM_KO_REACHED=1.46%(937/64000)
SIM_KO_DEPTH_MEAN=2.5806
SIM_KO_DEPTH_MIN=1
SIM_KO_DEPTH_MAX=12
TRUE_RESULT_TALLY=P0_WINS=10,P1_WINS=15,DRAWS=0
=== DIAG_DUMP_END ===
=== DIAG_DUMP_BEGIN ===
DIAG_GAMES=25
TRUNC_TOTAL_NODES=66713
TRUNC_FIRED=2200
TRUNC_FIRE_RATE=3.30%
TRUNC_OPTCOUNT_HIST=1-8:38549|9-16:10105|17-32:10866|33-64:4993|65-128:1726|129-256:474|257+:0
TRUNC_FIRE_RATE_BY_TURN=1-2:0.00%(0/3517)|3-5:0.00%(0/5614)|6+:3.82%(2200/57582)
TRUNC_DROPPED_BY_TYPE=ABILITY:366,ATTACH:85128,PLAY:2322,RETREAT:1026
TRUNC_DROPPED_CRITICAL=0
TRUNC_DROPPED_CRITICAL_STATUS=PASS
MULTISELECT_FIXED_LEN=min=0,max=2:nodes=425,shorter_legal=425,shorter_generated=0,shorter_missed=425|min=0,max=3:nodes=223,shorter_legal=223,shorter_generated=0,shorter_missed=223|min=0,max=4:nodes=19,shorter_legal=19,shorter_generated=0,shorter_missed=19|min=0,max=5:nodes=140,shorter_legal=140,shorter_generated=0,shorter_missed=140|min=1,max=2:nodes=3,shorter_legal=3,shorter_generated=0,shorter_missed=3|min=2,max=2:nodes=1453,shorter_legal=0,shorter_generated=0,shorter_missed=0|min=3,max=3:nodes=1,shorter_legal=0,shorter_generated=0,shorter_missed=0
MULTISELECT_SHORTER_MISSED=810
MULTISELECT_CTX_HIST=ATTACH_TO:3,DISCARD:924,DISCARD_ENERGY_CARD:51,SETUP_BENCH_POKEMON:267,SKILL_ORDER:6,TO_BENCH:259,TO_DECK:303,TO_HAND:451
GAME_LENGTH_HIST=1-15:3|16-25:3|26-40:3|41-60:7|61+:9
WIN_BY_CAUSE=DECK_OUT:W=14,L=14,D=0|NO_ACTIVE:W=9,L=9,D=0|PRIZE:W=2,L=2,D=0
TURN_NODE_DIST=1-2:5.27%(3517/66713)|3-5:8.42%(5614/66713)|6+:86.31%(57582/66713)
SEARCH_MAX_DEPTH=19
SEARCH_MEAN_DEPTH=2.8407
MEAN_DEPTH=2.8407
SIMS_CONTRIBUTED=65040
SIMS_CONFIGURED=65040
SIMS_CONTRIBUTED_PER_DECISION=20.0000
SIMS_CONFIGURED_PER_DECISION=20.0000
PRIZE_REWARD_REACHED=3.84%(125/3252)
STALL_DRAW_PASS_TURNS=897
STALL_SHUFFLE_WITH_RESOURCES=23
MISSED_ATTACH=942
SHAPING_BREAKDOWN=BOARD_DECK_DIFF:0.007801|DAMAGE_PRESSURE:0.002342|DISRUPTION:0.000111|ENERGY_DENIAL:0.000600|ITEM_LOCK_PENALTY:-0.000313|KO_BONUS:0.000866|PARALYSIS:0.000000|PRIZE_DIFF:-0.000612|SLEEP:0.000000
ROOT_OPTION_STATS=ATTACK:available=407,chosen=85,not_chosen=322,zero_visit_rate=49.88%(203/407),mean_opt_visit=0.85,mean_opt_q=-0.4596,mean_chosen_visit=12.69,mean_chosen_q=0.3103|ENERGY_ATTACH:available=1720,chosen=249,not_chosen=1471,zero_visit_rate=40.93%(704/1720),mean_opt_visit=1.03,mean_opt_q=-0.5510,mean_chosen_visit=12.28,mean_chosen_q=0.0776
ATTACH_PRIOR_DIST=special:n=154,attach_prior[mean=0.1452,min=0.0001,max=0.9911,hist=(<0.001:56,0.001-0.005:12,0.005-0.01:3,0.01-0.03:6,0.03-0.1:2,0.1-0.3:50,0.3-1.0:25,1.0:0)],chosen_prior[mean=0.4641,min=0.0469,max=0.9986,hist=(<0.001:0,0.001-0.005:0,0.005-0.01:0,0.01-0.03:0,0.03-0.1:25,0.1-0.3:30,0.3-1.0:99,1.0:0)]|plain:n=14689,attach_prior[mean=0.0218,min=0.0000,max=0.9993,hist=(<0.001:11159,0.001-0.005:862,0.005-0.01:317,0.01-0.03:503,0.03-0.1:772,0.1-0.3:849,0.3-1.0:227,1.0:0)],chosen_prior[mean=0.5852,min=0.0000,max=0.9995,hist=(<0.001:921,0.001-0.005:116,0.005-0.01:43,0.01-0.03:105,0.03-0.1:544,0.1-0.3:1791,0.3-1.0:11169,1.0:0)]
SIM_KO_REACHED=1.63%(1062/65040)
SIM_KO_DEPTH_MEAN=2.7872
SIM_KO_DEPTH_MIN=1
SIM_KO_DEPTH_MAX=11
TRUE_RESULT_TALLY=P0_WINS=16,P1_WINS=9,DRAWS=0
=== DIAG_DUMP_END ===
=== DIAG_DUMP_BEGIN ===
DIAG_GAMES=25
TRUNC_TOTAL_NODES=77968
TRUNC_FIRED=1365
TRUNC_FIRE_RATE=1.75%
TRUNC_OPTCOUNT_HIST=1-8:57413|9-16:9880|17-32:6218|33-64:3092|65-128:1250|129-256:115|257+:0
TRUNC_FIRE_RATE_BY_TURN=1-2:0.00%(0/4942)|3-5:0.00%(0/6936)|6+:2.07%(1365/66090)
TRUNC_DROPPED_BY_TYPE=ABILITY:403,ATTACH:36694,EVOLVE:94,PLAY:640,RETREAT:454
TRUNC_DROPPED_CRITICAL=0
TRUNC_DROPPED_CRITICAL_STATUS=PASS
MULTISELECT_FIXED_LEN=min=0,max=2:nodes=615,shorter_legal=615,shorter_generated=0,shorter_missed=615|min=0,max=3:nodes=231,shorter_legal=231,shorter_generated=0,shorter_missed=231|min=0,max=4:nodes=8,shorter_legal=8,shorter_generated=0,shorter_missed=8|min=0,max=5:nodes=46,shorter_legal=46,shorter_generated=0,shorter_missed=46|min=2,max=2:nodes=1836,shorter_legal=0,shorter_generated=0,shorter_missed=0|min=3,max=3:nodes=38,shorter_legal=0,shorter_generated=0,shorter_missed=0
MULTISELECT_SHORTER_MISSED=900
MULTISELECT_CTX_HIST=ATTACH_TO:45,DISCARD:1377,DISCARD_ENERGY_CARD:104,SETUP_BENCH_POKEMON:129,SKILL_ORDER:331,TO_BENCH:149,TO_HAND:639
GAME_LENGTH_HIST=1-15:6|16-25:3|26-40:4|41-60:6|61+:6
WIN_BY_CAUSE=DECK_OUT:W=12,L=12,D=0|NO_ACTIVE:W=8,L=8,D=0|PRIZE:W=5,L=5,D=0
TURN_NODE_DIST=1-2:6.34%(4942/77968)|3-5:8.90%(6936/77968)|6+:84.77%(66090/77968)
SEARCH_MAX_DEPTH=18
SEARCH_MEAN_DEPTH=3.2577
MEAN_DEPTH=3.2577
SIMS_CONTRIBUTED=76200
SIMS_CONFIGURED=76200
SIMS_CONTRIBUTED_PER_DECISION=20.0000
SIMS_CONFIGURED_PER_DECISION=20.0000
PRIZE_REWARD_REACHED=4.28%(163/3810)
STALL_DRAW_PASS_TURNS=553
STALL_SHUFFLE_WITH_RESOURCES=79
MISSED_ATTACH=460
SHAPING_BREAKDOWN=BOARD_DECK_DIFF:0.017629|DAMAGE_PRESSURE:0.004216|DISRUPTION:0.000184|ENERGY_DENIAL:0.001204|ITEM_LOCK_PENALTY:-0.002514|KO_BONUS:0.000867|PARALYSIS:0.000000|PRIZE_DIFF:0.002320|SLEEP:0.000000
ROOT_OPTION_STATS=ATTACK:available=210,chosen=68,not_chosen=142,zero_visit_rate=45.71%(96/210),mean_opt_visit=1.66,mean_opt_q=0.1199,mean_chosen_visit=14.35,mean_chosen_q=0.4541|ENERGY_ATTACH:available=1229,chosen=311,not_chosen=918,zero_visit_rate=31.98%(393/1229),mean_opt_visit=1.10,mean_opt_q=-0.5665,mean_chosen_visit=12.36,mean_chosen_q=0.2987
ATTACH_PRIOR_DIST=special:n=711,attach_prior[mean=0.1234,min=0.0001,max=0.9992,hist=(<0.001:189,0.001-0.005:60,0.005-0.01:18,0.01-0.03:45,0.03-0.1:107,0.1-0.3:207,0.3-1.0:85,1.0:0)],chosen_prior[mean=0.3733,min=0.0001,max=0.9990,hist=(<0.001:27,0.001-0.005:19,0.005-0.01:2,0.01-0.03:30,0.03-0.1:170,0.1-0.3:116,0.3-1.0:347,1.0:0)]|plain:n=9193,attach_prior[mean=0.0359,min=0.0000,max=0.9983,hist=(<0.001:5451,0.001-0.005:490,0.005-0.01:191,0.01-0.03:611,0.03-0.1:1701,0.1-0.3:500,0.3-1.0:249,1.0:0)],chosen_prior[mean=0.5000,min=0.0000,max=0.9993,hist=(<0.001:285,0.001-0.005:96,0.005-0.01:24,0.01-0.03:266,0.03-0.1:1393,0.1-0.3:1292,0.3-1.0:5837,1.0:0)]
SIM_KO_REACHED=2.39%(1821/76200)
SIM_KO_DEPTH_MEAN=3.2361
SIM_KO_DEPTH_MIN=1
SIM_KO_DEPTH_MAX=13
TRUE_RESULT_TALLY=P0_WINS=12,P1_WINS=13,DRAWS=0
=== DIAG_DUMP_END ===
=== DIAG_DUMP_BEGIN ===
DIAG_GAMES=25
TRUNC_TOTAL_NODES=69081
TRUNC_FIRED=1167
TRUNC_FIRE_RATE=1.69%
TRUNC_OPTCOUNT_HIST=1-8:43273|9-16:11335|17-32:7968|33-64:5338|65-128:1060|129-256:107|257+:0
TRUNC_FIRE_RATE_BY_TURN=1-2:0.00%(0/3457)|3-5:0.00%(0/3931)|6+:1.89%(1167/61693)
TRUNC_DROPPED_BY_TYPE=ABILITY:320,ATTACH:29140,EVOLVE:24,PLAY:656,RETREAT:363
TRUNC_DROPPED_CRITICAL=0
TRUNC_DROPPED_CRITICAL_STATUS=PASS
MULTISELECT_FIXED_LEN=min=0,max=2:nodes=698,shorter_legal=698,shorter_generated=0,shorter_missed=698|min=0,max=3:nodes=343,shorter_legal=343,shorter_generated=0,shorter_missed=343|min=0,max=4:nodes=4,shorter_legal=4,shorter_generated=0,shorter_missed=4|min=0,max=5:nodes=31,shorter_legal=31,shorter_generated=0,shorter_missed=31|min=2,max=2:nodes=1603,shorter_legal=0,shorter_generated=0,shorter_missed=0|min=3,max=3:nodes=24,shorter_legal=0,shorter_generated=0,shorter_missed=0
MULTISELECT_SHORTER_MISSED=1076
MULTISELECT_CTX_HIST=DISCARD:1366,DISCARD_ENERGY_CARD:213,SETUP_BENCH_POKEMON:96,TO_BENCH:232,TO_DECK:121,TO_HAND:675
GAME_LENGTH_HIST=1-15:4|16-25:1|26-40:9|41-60:6|61+:5
WIN_BY_CAUSE=DECK_OUT:W=14,L=14,D=0|NO_ACTIVE:W=8,L=8,D=0|PRIZE:W=3,L=3,D=0
TURN_NODE_DIST=1-2:5.00%(3457/69081)|3-5:5.69%(3931/69081)|6+:89.31%(61693/69081)
SEARCH_MAX_DEPTH=16
SEARCH_MEAN_DEPTH=3.0828
MEAN_DEPTH=3.0828
SIMS_CONTRIBUTED=67560
SIMS_CONFIGURED=67560
SIMS_CONTRIBUTED_PER_DECISION=20.0000
SIMS_CONFIGURED_PER_DECISION=20.0000
PRIZE_REWARD_REACHED=2.63%(89/3378)
STALL_DRAW_PASS_TURNS=680
STALL_SHUFFLE_WITH_RESOURCES=54
MISSED_ATTACH=690
SHAPING_BREAKDOWN=BOARD_DECK_DIFF:0.031186|DAMAGE_PRESSURE:0.005314|DISRUPTION:0.000116|ENERGY_DENIAL:0.001112|ITEM_LOCK_PENALTY:-0.000002|KO_BONUS:0.000292|PARALYSIS:0.000000|PRIZE_DIFF:0.001625|SLEEP:0.000000
ROOT_OPTION_STATS=ATTACK:available=226,chosen=52,not_chosen=174,zero_visit_rate=32.74%(74/226),mean_opt_visit=2.05,mean_opt_q=-0.1892,mean_chosen_visit=11.81,mean_chosen_q=0.3046|ENERGY_ATTACH:available=1503,chosen=305,not_chosen=1198,zero_visit_rate=35.66%(536/1503),mean_opt_visit=0.99,mean_opt_q=-0.5595,mean_chosen_visit=12.68,mean_chosen_q=0.2751
ATTACH_PRIOR_DIST=special:n=839,attach_prior[mean=0.1259,min=0.0001,max=0.9988,hist=(<0.001:157,0.001-0.005:73,0.005-0.01:19,0.01-0.03:47,0.03-0.1:210,0.1-0.3:231,0.3-1.0:102,1.0:0)],chosen_prior[mean=0.3082,min=0.0000,max=0.9988,hist=(<0.001:22,0.001-0.005:19,0.005-0.01:21,0.01-0.03:49,0.03-0.1:280,0.1-0.3:112,0.3-1.0:336,1.0:0)]|plain:n=11526,attach_prior[mean=0.0306,min=0.0000,max=0.9983,hist=(<0.001:6912,0.001-0.005:596,0.005-0.01:303,0.01-0.03:872,0.03-0.1:1896,0.1-0.3:735,0.3-1.0:212,1.0:0)],chosen_prior[mean=0.5085,min=0.0000,max=0.9988,hist=(<0.001:387,0.001-0.005:197,0.005-0.01:121,0.01-0.03:323,0.03-0.1:1849,0.1-0.3:1674,0.3-1.0:6975,1.0:0)]
SIM_KO_REACHED=1.42%(956/67560)
SIM_KO_DEPTH_MEAN=3.0429
SIM_KO_DEPTH_MIN=1
SIM_KO_DEPTH_MAX=9
TRUE_RESULT_TALLY=P0_WINS=10,P1_WINS=15,DRAWS=0
=== DIAG_DUMP_END ===
[m2] Training (25000 samples, 195 batches)...
[m2] Done (195 batches).
[dragapult] Training (25000 samples, 195 batches)...
[dragapult] Done (195 batches).
[grimmsnarl] Training (25000 samples, 195 batches)...
[grimmsnarl] Done (195 batches).
[lucario] Training (25000 samples, 195 batches)...
[lucario] Done (195 batches).
[mega_lopunny] Training (25000 samples, 195 batches)...
[mega_lopunny] Done (195 batches).
[slop_box] Training (25000 samples, 195 batches)...
[slop_box] Done (195 batches).
[m2] Saved: checkpoints/m2/model_2026-08-09_03-38.pth
[dragapult] Saved: checkpoints/dragapult/model_2026-08-09_03-38.pth
[grimmsnarl] Saved: checkpoints/grimmsnarl/model_2026-08-09_03-38.pth
[lucario] Saved: checkpoints/lucario/model_2026-08-09_03-38.pth
[mega_lopunny] Saved: checkpoints/mega_lopunny/model_2026-08-09_03-38.pth
[slop_box] Saved: checkpoints/slop_box/model_2026-08-09_03-38.pth
=== Evaluation ===
  vs dragapult     :  30%  (3W / 7L / 0D)
  vs grimmsnarl    :  40%  (4W / 6L / 0D)
  vs lucario       :  60%  (6W / 4L / 0D)
  vs mega_lopunny  :  30%  (3W / 7L / 0D)
  vs slop_box      :  20%  (2W / 8L / 0D)
Games: 1880 | Epoch: 38.0m | Elapsed: 349.0m | ETA: 741.6m
[STOP] Reached STOP_AFTER_MAIN_EPOCH=8; halting cleanly.
